"Link","Abstract","Author Keywords","Index Keywords"
"https://www.scopus.com/pages/publications/85127301346?origin=resultslist","Smart grid systems play a vital role in resource management and distributions within a given supply chain. Vehicle-to-grid (V2G) technology is a perfect fit for real-world application as it provides a better and more efficient means for managing electric power. However, ensuring the security and privacy of this technology has become a significant concern, which is due to the difficulty in achieving security goals. In this paper, a lightweight Authentication and Key Agreement protocol named A2P that can ensure low energy consumption and rapid delivery from the source is proposed. Here, a lightweight XOR-based authentication scheme with an unpredictable pseudonym update phase is introduced. The pseudonym update phase is in such a fashion that no relationship amongst two updated pseudonyms can ever be derived even if sensitive information was compromised, thus enhancing privacy. The proposed A2P protocol can reduce the load on the grid and establish an expedited response system for future needs. To provide evidence for the real-time application of the proposal, we have presented a formal and informal analysis of our work. The formal analysis is achieved using Automated Validation Information Security Protocols and Applications (AVISPA), and simulation in the Real – or – Random Oracle (ROR) model, while an informal analysis via proving how our proposals can withstand malicious attacks namely DOS attack, replay attack, party corruption, etc. An extensive performance analysis proves that the proposed A2P system is 22.22% computationally efficient when compared to the related state–of–art methods. © 2022, The Author(s), under exclusive licence to Springer Science+Business Media, LLC, part of Springer Nature.","AVISPA; Key Agreement; Lightweight Authentication; Real – or – Random oracle model; Smart Grid; Social Internet of Things; Vehicle-to-grid (V2G)","Data privacy; Denial-of-service attack; Electric power transmission networks; Energy utilization; Internet of things; Network security; Supply chains; Vehicle-to-grid; Vehicles; Automated validation information security protocol and application; Key agreement; Lightweight authentication; Random Oracle model; Real – or – random oracle model; Security application; Security protocols; Smart grid; Social internet of thing; Vehicle to Grid (V2G); Vehicle-to-grid (V2G); Authentication"
"https://www.scopus.com/pages/publications/85135039997?origin=resultslist","Many autonomous Cyber-Physical Systems (e.g., devices for Internet of Things, Unmanned Autonomous Vehicles, medical devices, etc.) are mission-critical (i.e., errors result in loss of money) or safety-critical (i.e., errors result in damage or even death for humans). This motivates research on efficient formal verification methods for such Cyber-Physical Systems. Unfortunately, this is not an easy task, as verifying a Cyber-Physical System entails evaluating a huge number of scenarios (scenario explosion). Furthermore, a unified mathematical model for the (discrete) cyber part and the (continuous) physical part is currently not available. Such obstructions may be mitigated by using Statistical Model Checking, which uses statistical methods to sample the set of scenarios while basing on possibly black-box models of the System Under Verification. In this paper, we review 5 recent real-world and industry-relevant case studies from the literature that involved usage of Statistical Model Checking. Such case studies range on very different application areas, namely: i) intelligent services for peak shaving in smart grids, ii) In-Silico Clinical Trial for medical services, iii) applications for wireless sensor networks; iv) aircraft data networks; v) plug-in electric vehicles. This shows the maturity, feasibility and flexibility of Statistical Model Checking when applied to real-world case studies. © 2022, The Author(s), under exclusive license to Springer Nature Switzerland AG.","","Electric power transmission networks; Embedded systems; Formal verification; Model checking; Safety engineering; Smart power grids; Statistics; Wireless sensor networks; Case-studies; Cybe-physical systems; Cyber-physical systems; Effective analysis; Formal verification methods; Medical Devices; Mission critical; Real-world; Statistical model checking; Unmanned autonomous vehicles; Cyber Physical System"
"https://www.scopus.com/pages/publications/85137067057?origin=resultslist","This paper proposes a model-driven approach for the security modelling and analysis of blockchain based protocols. The modelling is built upon the definition of a UML profile, which is able to capture transaction-oriented information. The analysis is based on existing formal analysis tools. In particular, the paper considers the Tweetchain protocol, a recent proposal that leverages online social networks, i.e., Twitter, for extending blockchain to domains with small-value transactions, such as IoT. A specialized textual notation is added to the UML profile to capture features of this protocol. Furthermore, a model transformation is defined to generate a Tamarin model, from the UML models, via an intermediate well-known notation, i.e., the Alice &Bob notation. Finally, Tamarin Prover is used to verify the model of the protocol against some security properties. This work extends a previous one, where the Tamarin formal models were generated by hand. A comparison on the analysis results, both under the functional and non-functional aspects, is reported here too. © 2022, The Author(s).","Automatic model generation; Distributed ledger technology; Formal modelling; Formal verification; UML profile; Vulnerability discovery","Distributed ledger; Formal verification; Social networking (online); Unified Modeling Language; Automatic model generation; Automatic verification; Block-chain; Case-studies; Distributed ledg technology; Formal modeling; Model driven approach; Security analysis; UML profile; Vulnerability discovery; Blockchain"
"https://www.scopus.com/pages/publications/85054230322?origin=resultslist","The workshop on Developmental Aspects of Intelligent Adaptive systems is the second in this series held along with ISEC conference. In this workshop, we focus on adaptive, autonomous systems like Internet of Things (IoT), their requirements and new paradigms like learning and decision making. In particular, we look at the influence of these paradigms on the development life cycle of adaptive software, starting from requirements, design and architecture and also their verification and validation. © 2017 Copyright held by the owner/author(s).","Adaptive systems; Formal methods; Internet of things; Software for adaptive systems","Adaptive systems; Decision making; Formal methods; Internet of things; Life cycle; Adaptive software; Autonomous systems; Intelligent-adaptive systems; Internet of Things (IOT); Verification-and-validation; Verification"
"https://www.scopus.com/pages/publications/85059285171?origin=resultslist","Distributed systems, such as the Internet of Things (IoT) and cloud computing, are becoming popular. This requires modeling that reflects the natural characteristics of such systems: the locality of independent components, the autonomy of their decisions, and asynchronous communication. Automated verification of deadlocks and distributed termination supports rapid development. Existing techniques do not reflect some features of distribution. Most formalisms are synchronous and/or use some kind of global state, both of which are unrealistic. No model supports the communication duality that allows the integration of a remote procedure call and client-server paradigm into a single, uniform model. The majority of model checkers refer to total deadlocks. Usually, they do not distinguish between communication deadlocks from resource deadlocks and deadlocks from distributed termination. Some verification mechanisms check partial deadlocks at the expense of restricting the structure of the system being verified. The paper presents an original formalism for the modeling and verification of distributed systems. The Integrated Model of Distributed Systems (IMDS) defines a distributed system as two sets: states and messages, and the relationship of the “actions” between these sets. Communication duality provides projections on servers and on traveling agents, but the uniform specification of the verified system is preserved. General temporal formulas over IMDS, independent of the structure of the verified system, allow automated verification. These formulas distinguish between deadlocks and distributed termination, and between communication deadlocks and resource deadlocks. Partial deadlocks and partial termination can be checked. The Dedan tool was developed using IMDS formalism. © 2018 by the author. Licensee MDPI, Basel, Switzerland.","Asynchronous modeling; Distributed system modeling; Distributed systems; Formal methods; Model checking",""
"https://www.scopus.com/pages/publications/85158162531?origin=resultslist","IoT devices are more important than ever. In a connected world, IoT devices have many uses. They are no longer merely used at work; they are part of our everyday lives. Security concerns arise if the devices generate, collect, or process sensitive data. Physical layer security controls are the cornerstone once the risk for humans increases when physical security fails. To achieve security in IoT devices, preventing is better than detecting. Formal verification is an important and valuable tool for detecting possible vulnerabilities and ensuring data security. Thus, this paper proposes an Event-B proof-based formal model of IoT physical layer security and attacks from the requirements analysis level to the goal level. Our model is built incrementally using a refining method during design and verification. We present a three-level formal approach: first, the construction of the IoT physical layer; then, we check for IoT physical layer vulnerabilities by processing the lack of some characteristics that cause these vulnerabilities, such as speed, typical bandwidth, and power consumption; lastly, we detect physical layer attacks like jamming and MAC spoofing, which helps to build security proofs. Our approach uses an electrocardiogram (ECG) IoT system as a case study, and as an additional case study to back up the proposed method’s generalizability, we used a fire alarm system. Also, we use the proof obligations and the ProB animator in the Rodin model checking tool to check and validate our approach. © The Author(s), under exclusive licence to Springer Nature Switzerland AG 2023.","Attacks; Event-B; Formal model; Internet of Things (IoT); Physical layer security","Alarm systems; Electrocardiography; Formal verification; Model checking; Sensitive data; Attack; Case-studies; Event-B; Formal modeling; Internet of thing; Physical layer security; Physical layers; Physical security; Security controls; Sensitive datas; Internet of things"
"https://www.scopus.com/pages/publications/85182377899?origin=resultslist","Recent advancements in Internet of Things (IoT) have led to emergence of fascinating breakthroughs in diverse applications. Nowadays, the use cases of smart home systems are augmenting as they provide functionalities like real-time monitoring and high degree of remote control. Message queuing telemetry transport (MQTT) protocol is one of the most widely used messaging protocols in IoT-based applications including smart homes. This protocol lacks required security features owing to which, the intruders can launch variety of attacks easily. Stirred by this, we proposed a lightweight device authentication scheme for MQTT protocol. In this work, publisher/subscriber, and broker use lightweight cryptographic operations to enable device authentication. Also, this mechanism utilizes the lightweight cryptographic keys, such as one-time key (mathbf {mathrm {OT}}_{mathbf {mathrm {Key}}}) and Tokens ({T}_{i}) to complete registration and authentication process, respectively. Compared to other protocols, our approach reduces both communication and computation costs while maintaining the security demands. We put a prototype into practice to assess the performance of the proposed authentication mechanism. Further, we perform the formal analysis of the proposed authentication mechanism using automated validation of Internet security protocols and application protocol analyzer tool. The proposed security mechanism is resistant to various attacks, such as replay attack, device impersonate attack, malicious node attack, etc., and it enables the security features like device authentication and device anonymity in smart homes. © 2014 IEEE.","Cuckoo filters; device authentication; edge computing; Internet of Things (IoT); message queuing telemetry transport (MQTT); security; smart homes","Automation; Bandpass filters; Cryptography; Edge computing; Intelligent buildings; Internet of things; Network security; Real time systems; Remote control; Security systems; Cuckoo filter; Device authentications; Edge computing; Industrial internet of thing; IoT; MQTT; Security; Smart homes; Authentication"
"https://www.scopus.com/pages/publications/105003727032?origin=resultslist","The Internet of Things (IoT) refers to devices and applications that interact and connect the physical and digital worlds. Unfortunately, their interactions often lead to information leaks and safety issues. Controlling their autonomous behavior related to events and actions in their environment is therefore important. This is the key to uncovering conflicts between user-defined expectations. To control these conflicts, we propose to verify IoT information-flow according to the principles of model checking. We propose a model based on an abstraction of the information flow induced by device and application operations and interactions in an IoT network. More precisely, the model is independent of any functional and technical heterogeneity. This abstraction is the result of an information flow analysis carried out, a priori, for all the involved devices, as well as for all the applications controlling them. A transition system is constructed from these abstractions enabling us to transform the information flow control into reachability and safety properties verification. We express these properties using a modal logic inspired by Timed Computation Tree Logic (TCTL) (Baier and Katoen, 2008). We illustrate our approach with an example and adapt the language and the model to an existing model checker. Copyright © 2025 by SCITEPRESS - Science and Technology Publications, Lda.","Information Flow; Internet of Things; Model Checking; Reachability Property; Safety Property","Fuzzy logic; Digital world; Information flow control; Information flows; Models checking; Physical world; Property; Reachability; Reachability property; Safety issues; Safety property; Abstracting"
"https://www.scopus.com/pages/publications/85112293576?origin=resultslist","Pervasive Healthcare systems are breeding rapidly and distributed systems such as fog, cloud, and IoT have made it possible for these systems to scale extensively with a certain need to sustain interoperability, reliability, availability, and response time. Notwithstanding those remarkable efforts that have been conducted for the architecting of such systems, there is a certain obligation toward the design of an architecture for the domain to constitute the aforementioned requirements. Our goal in this paper is to present a software architecture for IoT-based healthcare systems to address the above-mentioned non-functional requirements that include best practices of IoT, Fog, and Cloud planes. The proposed architecture is illustrated with 4 + 1 views and graph transformation is used to transform the models and expressing operational semantics. The architecture tradeoff analysis method is applied to evaluate different scenarios and both formal verifications and trade-off analysis proved the eligibility and competence of the proposed architecture. © 2021, The Author(s), under exclusive licence to Springer Science+Business Media, LLC, part of Springer Nature.","Formal verification; IoT; Pervasive healthcare; Reference model; Software architecture","Distributed database systems; Economic and social effects; Health care; Interoperability; Semantics; Software architecture; Architecture tradeoff analysis methods; Distributed systems; Graph Transformation; Health-care system; Non-functional requirements; Operational semantics; Pervasive healthcare systems; Proposed architectures; Internet of things"
"https://www.scopus.com/pages/publications/105032376613?origin=resultslist","The widespread adoption of Internet of Things (IoT) devices presents significant challenges in ensuring security and privacy due to their limited computational resources and increased exposure to network-based threats. This paper proposes a lightweight and secure messaging protocol tailored for IoT environments, inspired by the Kerberos authentication framework. While Kerberos is a well-established solution for authentication and access control in distributed systems, its protocol complexity and resource requirements render it unsuitable for direct application in IoT settings. The proposed protocol addresses these limitations by ensuring confidentiality, mutual authentication, and message integrity using symmetric encryption and a ticketbased access control mechanism adapted from Kerberos. Unlike earlier approaches that depend on intermediary proxies, our design eliminates the proxy and enables direct session key distribution between IoT devices and service providers through a centralized Kerberized Authentication Server (AS). A formal security analysis under the Dolev-Yao model using the AVISPA tool demonstrates the protocol's resistance to replay attacks, impersonation, and privacy breaches. The results underscore the practicality of adapting Kerberos for resource-constrained IoT environments while preserving strong security guarantees and maintaining low computational overhead.  © 2025 IEEE.","AVISPA; Formal Analysis; Internet of Things (IoT); Kerberos; Messaging Protocol; Privacy; Security","Authentication; Authentication Protocol; Cryptography; Distributed computer systems; Internet of things; Internet protocols; Network security; AVISPA; Computational resources; Formal analysis; Internet of thing; Kerberos; Messaging protocols; Network-based; Privacy; Security; Security and privacy; Data privacy"
"https://www.scopus.com/pages/publications/85062403741?origin=resultslist","Future healthcare systems, smart homes, power managementsystems will all involve a large number of smart inter-connected wireless devices (such as wireless sensor and IoT nodes). One of the major challenges to securing these systems presents loading initial cryptographic credentials into a relatively large number of wireless devices. This challenge is further aggravated by the fact that many of these technologies and systems involve low-cost and highly interface constrained devices — lacking usual wired interfaces, displays, keypads, and alike. In this paper we propose two novel multichannel key deployment schemes for wireless (sensor) networks, LISA and LISAT, that only require a presence of a light source device, such as a multi-touch screen, tablet or a smartphone device. Both key deployment schemes are secret key-based multichannel protocols and are suitable for interface/resource constrained wireless devices. We use one-way visible light channel (VLC) of multitouch screens (the flashing displays) to initialize sensor devices in a secure, usable and scalable way. More interestingly, LISAT protocol is suited for initialization of geographically remote devices via a trusted third party device. We provide formal analysis of the proposed protocols using the automated verification tool. From the user's perspective of protocol execution, device initialization is quite simple as user simply places the devices on the top of the multitouch screen after which the remaining process is fully automatized. Indeed, through the experiments with 34 users we showed that our solution is user-friendly and has a good performance concerning the time consumption. © 2019","Authentication; Key deployment; Visible light channel; Wireless devices","Authentication; Automation; Intelligent buildings; Light; Light sources; mHealth; Radio; Touch screens; Wireless sensor networks; Automated verification; Constrained devices; Key deployment; Multichannel protocols; Technologies and systems; Trusted third parties; Visible light; Wireless devices; Internet of things"
"https://www.scopus.com/pages/publications/85050490713?origin=resultslist","The current demands for seamless connections with the surrounding environment make software more reactive. For example, such demands are evident in systems consisting of the Internet of Things. Such systems include a set of reactive values that are periodically updated in response to external or internal events to form a dataflow in the sense that such updates are propagated to other reactive values. Two effective approaches for realizing such reactive values have been proposed: the event mechanisms in event-based programming and the signals in functional-reactive programming. These two approaches are now becoming mixed in several languages such as Flapjax and REScala, which makes these languages notably expressive for modularizing the implementation of reactive software. For example, REScala provides a rich API that consists of functions converting events to signals and vice versa. In this paper, we explore another, simpler approach in the design space of reactive programming languages: the event mechanism is harmonized with signals, resulting in a simplified programming interface that is mostly based on signals. Based on this approach, we realize SignalJ, a simple extension of Java with events and signals. Our notable findings are (1) an event can be represented as an update of a signal and (2) such an effectful signal can be represented using annotations instead of introducing types and constructors for signals to further simplify the language. Another contribution of this paper is the formal model of SignalJ. As both mechanisms of events and signals may interfere with each other, this mixing sometimes results in surprising behavior. For example, the functional behavior of signals is affected by the imperative features of events. Thus, understanding the formal model of this mixing is actually important. The core calculus, Featherweight SignalJ (FSJ), was developed as an extension of Featherweight Java, and proofs are provided to ensure the soundness of FSJ. © Tetsuo Kamina and Tomoyuki Aotani.","Event-based programming; Formalization; Functional-reactive programming",""
"https://www.scopus.com/pages/publications/85089799946?origin=resultslist","Wireless communication protocols are often used in critical applications, e.g., urban water supply networks or healthcare monitoring within the Internet of Things. It is essential that control software and protocols for such systems are verified to be both robust and reliable. The effects on the hardware caused by environmental conditions and the choice of parameters used by the protocol are among the largest obstacles to robustness and reliability in wireless systems. In this paper we use formal verification to verify that a wireless sensor network synchronization and dissemination protocol is not adversely affected by these factors. © 2020","Formal verification; Internet of Things; Model checking; Network performance evaluation; Protocol verification; Wireless sensor network","Formal methods; Internet protocols; Water supply; Wireless sensor networks; Choice of parameters; Critical applications; Dissemination protocols; Environmental conditions; Healthcare monitoring; Urban water supply; Wireless communication protocols; Wireless systems; Internet of things"
"https://www.scopus.com/pages/publications/85204483872?origin=resultslist","Smart contracts have gained extensive adoption across diverse industries, including finance, supply chain, and the Internet of Things. Nevertheless, the surge in security incidents of smart contracts over recent years has led to substantial economic losses. Therefore, ensuring the security of smart contracts has become a critical and complex challenge in both academic and industrial domains. Based on 539 real-world security incidents in the Ethereum platform and audit reports from 10 authoritative auditing institutions, we summarize 27 types of exploited security vulnerabilities and draw insights into their principles, typical cases, relevant research and recommended prevention strategies. Besides, we also gather 7 other potentially threatening vulnerability types as supplements. On this basis, we conduct an in-depth analysis of the root causes of vulnerabilities and further formulate eight safety practical rules. Moreover, we perform a comprehensive review of 178 recent papers on smart contract security analysis, classifying detection methods into formal verification, fuzz testing, machine learning, program analysis, and others. For each category, we seize the specific detection tools and analyze them comprehensively. Then, we conduct an extensive analysis and synthesis from various angles, presenting a comprehensive overview of the current research landscape in smart contract security detection. We also discuss current on-chain and off-chain repair methods. Finally, this review outlines major challenges and highlights potential areas for future research in this field.  © 2008-2012 IEEE.","blockchain; ethereum; security analysis; Smart contracts; vulnerabilities","Supply chains; 'current; Analysis method; Audit reports; Block-chain; Economic loss; Real-world; Security analysis; Security incident; Security vulnerabilities; Vulnerability; Smart contract"
"https://www.scopus.com/pages/publications/85147874923?origin=resultslist","This paper focuses on security by design for smart city systems. Insecure smart city systems may cause serious losses to the social, environmental and economic development of smart cities. Therefore, it is essential to ensure security by design for smart city systems. For large-scale, hyper-connected smart city systems consisting of a large number of interconnected devices of different types, analyzing the impact of security threats on the whole system as well as the various aspects of smart cities at the early design stage of the system is an important and difficult problem that remains unsolved. To address this problem, this paper proposes a KPI-guided model-based approach and accompanying prototype tool, named SCKPISec (Smart City KPI-guided Security). By applying the techniques of UML modeling, formal modeling and verification, and KPIs evaluation, SCKPISec provides an effective way to realize KPI-guided security by design for smart city systems. We evaluated SCKPISec through case studies. The results show that SCKPISec can efficiently detect the potential problems of smart city systems under security threats and has high feasibility and applicability in ensuring KPI-guided security by design for smart city systems. Compared with existing model-based security approaches, the advantage of SCKPISec is that it has a highly automated verification process and provides an effective and efficient solution to evaluate the potential KPI losses of smart cities under security threats at the early design stage of smart city systems. © 2023 by the authors.","cyber security; formal method; IoT; KPI; model-driven engineering; security by design; smart city; UML","automation; design; economic development; engineering; equipment; smart city"
"https://www.scopus.com/pages/publications/85126981195?origin=resultslist","The Internet of Things is a framework that links real-world scenarios to smart devices, actuators, software, networks, and sensors to allow for efficient communications. In this paper, an IoT-based formal model of emergency message dissemination scheme will be proposed by integration of approaches. Wireless sensors will be utilized to perceive the information and actors will be utilized to execute the actions as required. We will be developed a model that manages vehicle scenarios in smart transportation systems so that responsive data transmission is provided linking the source and destination vehicles. Further, fog-based RSU will be exploited to avoid impediments in delayed sensitive tasks. All the appropriate entities are connected, ensuring a consistent traffic flow for the arrival of the emergency vehicle to provide services. The VDM-SL will be utilized for specification, additionally, the VDM-SL toolbox will be exploited for formal analysis and validation of the model. Finally, we will be discussed various issues, as well as challenges that require to be addressed.  © 2021 IEEE.","Formal Methods; IoT; VANETs; Verification and Validation","Formal verification; Information dissemination; Vehicle transmissions; Vehicular ad hoc networks; Efficient communications; Emergency message disseminations; Formal modeling; Real-world scenario; Smart actuators; Smart devices; Software network; Software sensor; VANET; Verification-and-validation; Internet of things"
"https://www.scopus.com/pages/publications/85118677894?origin=resultslist","An Internet of Things (IoT) application typically involves implementations in both the device domain and the network domain. In this two-domain environment, it is possible that application developers implement the wrong network functions and/or connect some IoT devices that should never be linked, which result in the execution of wrong operations on network functions. To resolve these issues, we propose the VerificationTalk mechanism to prevent inappropriate IoT application deployment. VerificationTalk consists of two subsystems: the BigraphTalk subsystem which verifies IoT device configuration; and AFLtalk which validates the network functions. VerificationTalk provides mechanisms to conduct online anomaly detection by using a runtime monitor and offline by using American Fuzzy Lop (AFL). The runtime monitor is capable of intercepting potentially harmful data targeting IoT devices. When VerificationTalk detects errors, it provides feedback for debugging. VerificationTalk also assists in building secure IoT applications by identifying security loopholes in network applications. By the appropriate design of the IoTtalk execution engine, the testing capacity of AFLtalk is three times that of traditional AFL approaches. © 2021 by the authors. Licensee MDPI, Basel, Switzerland.","American Fuzzy Lop (AFL); Bigraph models; Formal methods; Fuzz testing; Internet of Things (IoT)","Anomaly detection; Formal verification; Network function virtualization; Network security; Transfer functions; American fuzzy lop; Bigraph model; Bigraphs; Fuzz Testing; Internet of thing; IOT applications; Network domains; Network functions; Runtime monitors; Security mechanism; article; internet of things; outlier detection; security; testing capacity; Internet of things"
"https://www.scopus.com/pages/publications/85046773935?origin=resultslist","We propose a platform for the integration of passive radio sensing and vision technologies into a cloud-IoT framework that performs real-Time channel quality information (CQI) time series processing and analytics. Radio sensing and vision technologies allow to passively detect and track objects or persons by using radio waves as probe signals that encode a 2-D/3-D view of the environment they propagate through. View reconstruction from the received radio signals, or CQI, is based on real-Time data processing tools, that combine multiple radio measurements from possibly heterogeneous IoT networks. The proposed platform is designed to efficiently store and analyze CQI time series of different types and provides formal semantics for CQI data manipulation-ontology models (OMs). Post-processed data can be then accessible to third parties via JSON-REST calls. Finally, the proposed system supports the reconfiguration of CQI data collection based on the respective application. The performance of the proposed tools are evaluated through two experimental case studies that focus on assisted living applications in a smart-space environment and on driver behavior recognition for in-car control services. Both studies adopt and compare different CQI manipulation models and radio devices as supported by current and future (5G) standards. © 2014 IEEE.","Cloud-Assisted Internet of Things (IoT); passive radio sensing; real-Time data analysis; semantic data models","5G mobile communication systems; Behavioral research; Data handling; Formal methods; Object detection; Semantics; Time series; Data manipulations; Radio sensing; Real time data analysis; Real-time channels; Real-time data processing; Semantic data model; Time series processing; Vision technology; Internet of things"
"https://www.scopus.com/pages/publications/105030903631?origin=resultslist","Digital twin technology enables dynamic interactions between physical objects and cyber world and is essential for ensuring the reliability and safety of Smart IoT Systems. However, the existing IoT integration platforms are focused mainly on system implementation, which limits the capability of analyzing and verifying the requirements of Smart IoT Systems in advance. To address the issue, this chapter proposes the Delta Visual Language and Logic (DeViLL) Orchestration Methodology, which utilizes formal method based on dTP-Calculus and the Specification, Analysis, Verification, Evaluation (SAVE) tool suite to formally specify, analyze, and verify the requirements. Furthermore, the verified system is integrated into the openHAB platform to ensure the reliability and safety in a real environment. The research in this chapter involves the design and implementation of a Smart Home-Pool Safety Monitoring System (SHoPoSMS) to demonstrate the validity and practicality of the DeViLL Orchestrator. The research provides a systematic approach to meet the requirements of Smart IoT Systems and reduce the risk of malfunction or misbehavior prior to the implementation. The Orchestration Methodology with DeViLL can be considered one of the most innovative approaches to utilize formal methods and tools for Smart IoT Systems on IoT integration platforms. © The Editor(s) (if applicable) and The Author(s), under exclusive license to Springer Nature Switzerland AG 2026.","DeViLL orchestration methodology; Digital twin; dTP-calculus; Formal method; SAVE; Smart IoT systems","Automation; Integration; Intelligent buildings; Safety engineering; Analysis verification; Delta visual language and logic orchestration methodology; DTP-calculus; Dynamic interaction; Integration platform; Physical objects; Reliability and safeties; Smart IoT system; Specification, analyze, verification, evaluation; Systems implementation; Formal methods"
"https://www.scopus.com/pages/publications/85185932960?origin=resultslist","Internet of Things has become a common paradigm for various domains. To meet a user’s complex requirement, we should compose multiple IoT devices (IoT services) to provide comprehensive services to the user. However, these services usually coexist, which is likely to lead to conflicts. Moreover, each user may have different kinds of needs. Suppose that in a smart home there are more than one person, a conflict may occur when they request the same service in this environment. Actually, even though they request different IoT services, among which if there exists function impact or QoS impact, a conflict could still occur. In this paper, we propose to employ high-level Petri nets to detect conflicts among IoT services. We first model the formal methods for conflict policies. Then, we present a Petri nets-based mechanism for modeling and detecting conflicts. Finally, we expand the previous model and use high-level Petri nets for handling fuzzy IoT conflict policies modeling and reasoning. The experimental results show that the proposed approach performs well in accuracy. © The Author(s) 2024.","Conflict; Internet of things; IoT service; Petri net",""
"https://www.scopus.com/pages/publications/85107502696?origin=resultslist","The Internet of Things (IoT) is an emerging technology that allows connecting physical devices that are linked to the internet across the world to communicate and share information. Drones are flying objects without any human pilot. In many countries, drones are being used for the fast delivery of packages or products. Nowadays the whole world is fighting against the COVID-19 pandemic which is a viral disease that can be spread by the interaction of people. To fight against this pandemic, the drone's technology can be very effective to minimize the interaction of people. There exists little research work in this area because this virus has been introduced recently in 2019. In this paper, we have proposed an IoT-based model in which wearable sensors are used that will be able to identify COVID-19 patients by monitoring the temperature and respiratory system of the people. After confirmation of identification, the control room will send an alert message and sends medical kits to the residence of the patient through drones. The UML (Unified Modeling Language) is used for the representation and flow of the system. models of the proposed system is specified using Vienna Development Method-Specification language (VDM-SL). VDM-SL toolbox is used to ensure the correctness of the models. © 2021 IEEE.","COVID-19; Drones; Formal Methods; IoT (Internet of Things) UML; VDM-SL","Data Science; Drones; Respiratory system; Specification languages; Unified Modeling Language; Viruses; Wearable technology; Emerging technologies; Flying objects; Internet of thing (IOT); Medical services; Monitoring the temperatures; Physical devices; UML(unified modeling language); Vienna development methods; Internet of things"
"https://www.scopus.com/pages/publications/85097191948?origin=resultslist","Smart home devices provide the convenience of remotely control-ling and automating home appliances. The most advanced smart home environments allow developers to write apps to make smart home devices work together to accomplish tasks, e.g., home security and energy conservation. A smart home app typically implements narrow functionality and thus to fully implement desired functionality homeowners may need to install multiple apps. These different apps can conflict with each other and these conflicts can result in undesired actions such as locking the door during a fire. In this paper, we study conflicts between apps on Samsung SmartThings, the most popular platform for developing and deploying smart home IoT devices. By collecting and studying 198 official and 69 third-party apps, we found significant app conflicts in 3 categories: (1) close to 60% of app pairs that access the same device, (2) more than 90% of app pairs with physical interactions, and (3) around 11% of app pairs that access the same global variable. Our results suggest that the problem of conflicts between smart home apps is serious and can create potential safety risks. We then developed a conflict detection tool that uses model checking to automatically detect up to 96% of the conflicts. © 2020 Owner/Author.","Concurrency; Model checking; Program analysis; Smart home apps","Ambient intelligence; Automation; Domestic appliances; Model checking; Conflict detection; Global variables; Home security; IOT applications; Physical interactions; Popular platform; Safety risks; Third parties; Internet of things"
"https://www.scopus.com/pages/publications/85021452234?origin=resultslist","Today's applications for HW/SW-systems, such as the Internet-of-Things, often demand SoC architectures where sophisticated firmware is running on fairly simple processors. Designers face the challenge of meeting high requirements for these systems regarding their efficiency and dependability under severe cost constraints. Targeting such applications this paper presents a new technique to generate a joint computational model for the hardware and its firmware. Generation of our computational model is interleaved with techniques from WCET analysis so that clock-cycle accuracy of the resulting model is achieved. As an application of our approach, we present how to generate a fast, cycle-accurate RTL simulation model that can replace the processor and its firmware in the RTL system description. Our experimental results show an acceleration by an order of magnitude when applying standard cycle-accurate RTL simulation to our modified design. © 2017 IEEE.","cycle accurate; EDA; formal verification","Computation theory; Computational methods; Firmware; Formal verification; System-on-chip; Verification; Computational model; Cost constraints; Cycle accurate; Modified designs; Rtl simulations; SoC architecture; Software model; System description; Embedded systems"
"https://www.scopus.com/pages/publications/85176089533?origin=resultslist","The proceedings contain 422 papers. The topics discussed include: PhyAuth: physical-layer message authentication for ZigBee networks; time for change: how clocks break UWB secure ranging; capstone: a capability-based foundation for trustless secure memory access; examining consumer reviews to understand security and privacy issues in the market of smart home devices; detecting and handling IoT interaction threats in multi-platform multi-control-channel smart homes; lessons lost: incident response in the age of cyber insurance and breach attorneys; a bug’s life: analyzing the lifecycle and mitigation process of content security policy bugs; PatchVerif: discovering faulty patches in robotic vehicles; systematic assessment of fuzzers using mutation analysis; HomeSpy: the invisible sniffer of infrared remote control of smart TVs; PCAT: functionality and data stealing from split learning by pseudo-client attack; a plot is worth a thousand words: model information stealing attacks via scientific plots; detecting multi-step IAM attacks in AWS environments via model checking; and Cipherfix: mitigating ciphertext side-channel attacks in software.","",""
"https://www.scopus.com/pages/publications/85167764951?origin=resultslist","There are many security challenges in IoT, especially related to the authentication of restricted devices in long-distance and low-throughput networks. Problems such as impersonation, privacy issues, and excessive battery usage are some of the existing problems evaluated through the threat modeling of this work. A formal assessment of security solutions for their compliance in addressing such threats is desirable. Although several works address the verification of security protocols, verifying the security of components and their non-locking has been little explored. This work proposes to analyze the design-time security of the components of a multi-factor authentication mechanism with a reputation regarding security requirements that go beyond encryption or secrecy in data transmission. As a result, it was observed through temporal logic that the mechanism is deadlock-free and meets the requirements established in this work. Although it is not a work aimed at modeling the security mechanism, this document provides the necessary details for a better understanding of the mechanism and, consequently, the process of formal verification of its security properties. © 2023 by the authors.","formal verification; multi-factor authentication; security; timed automata","Authentication; Computer circuits; Formal verification; Low power electronics; Network security; Temporal logic; Wide area networks; Authentication mechanisms; Constrained devices; Existing problems; Low Power; Multi-factor authentication; Privacy issue; Security; Security challenges; Timed Automata; Wide-area networks; Cryptography"
"https://www.scopus.com/pages/publications/105025435693?origin=resultslist","This paper introduces a formally verified, lightweight security protocol tailored for energy-constrained wearable medical devices operating in regulated healthcare environments. Designed to satisfy emerging cybersecurity mandates from HIPAA, GDPR, and Health Canada, the protocol incorporates Ed25519-based mutual authentication, ephemeral Curve25519 key exchange, and ChaCha20-Poly1305 authenticated encryption, providing in-Transit protection across heterogeneous nodes with minimal computational and energy overhead. Formal verification through ProVerif and Scyther confirms strong resilience against key compromise, replay, and session confusion, with verified guarantees of end-To-end authentication, forward secrecy, nonce protection, and key integrity across multi-node interactions. To ensure practical feasibility, the protocol was validated through a dual-phase evaluation strategy. A Python-based simulation testbed enabled controlled symbolic testing, adversarial fault injection, and modular verification of cryptographic behavior and session dynamics. This was followed by real-world deployment on an STM32L431-powered ECG wearable, relayed through an Android node to a cloud server. Energy profiling with Nordic PPK2 measured only g-1/47.91g-mWh of daily security overhead, under 16% of system budget, supporting 30+ days of secure operation per charge. The total system consumption (g-1/458g-mWh/day) remains lower than many reported BLE-ECG designs [1, 35] that lack full-stack security, demonstrating that strong cryptographic guarantees can be achieved without exceeding typical power budgets. These results affirm that regulatory-compliant, secure communication is feasible in embedded MedTech systems without compromising runtime efficiency, offering a reproducible model for future IoMT protocol research and deployment. © 2025 Copyright held by the owner/author(s).","Cybersecurity Standards; Embedded Systems Security; Energy Profiling; Formal Verification; Lightweight Cryptography; Medical IoT; Secure Communication Protocol","Authentication; Authentication Protocol; Biomedical equipment; Budget control; Cryptography; Cybersecurity; Distributed computer systems; Electrocardiography; Embedded systems; Hardware security; mHealth; Network security; Regulatory compliance; Secure communication; Wearable computers; CryptoGraphics; Cybersecurity standards; Embedded systems securities; Energy; Energy profiling; Light-weight cryptography; Medical IoT; Secure communication protocols; Security protocols; Wearable medical devices; Formal verification"
"https://www.scopus.com/pages/publications/105027960105?origin=resultslist","In the industry 4.0 ecosystem, a Digital Thread connects the data and processes for smarter manufacturing. It provides an end to end integration of the various digital entities thus fostering interoperability, with the aim to design and deliver complex and heterogeneous interconnected systems. We develop a service oriented domain specific Digital Thread platform in a Smart Manufacturing research and prototyping context. We address the principles, architecture and individual aspects of a growing Digital Thread platform. It conforms to the best practices of coordination languages, integration and interoperability of external services from various platforms, and provides orchestration in a formal methods based, low-code and graphical model driven fashion. We chose the Cinco products DIME and Pyrus as the underlying IT platforms for our Digital Thread solution to serve the needs of the applications addressed: manufacturing analytics and predictive maintenance are in fact core capabilities for the success of smart manufacturing operations. In this regard, we extend the capabilities of these two platforms in the vertical domains of data persistence, IoT connectivity and analytics, to support the basic operations of smart manufacturing. External native DSLs provide the data and capability integrations through families of SIBs. The small examples constitute blueprints for the methodology, addressing the knowledge, terminology and concerns of domain stakeholders. Over time, we expect reuse to increase, reducing the new integration and development effort to a progressively smaller portion of the models and code needed for at least the most standard applications. © 2022 Universitatsbibliothek TU Berlin. All rights reserved.","Digital Thread Platform; Domain Specific Languages; Model Driven Development; Smart Manufacturing; XMDD",""
"https://www.scopus.com/pages/publications/105006520806?origin=resultslist","To overcome the issue of traditional blind signature schemes being vulnerable to quantum computing attacks during interactions over the consumer electronic Internet of Things (CIoT), a new blind signature scheme called CDBS has been developed. The post quantum digital signature technique CRYSTALS-Dilithium, which was standardized by NIST, serves as the foundation for the quantum-resistant blind signature scheme, CDBS, presented in this study. This system is appropriate for a variety of Internet application scenarios, including eticketing, anonymous payments, and privacy protection, because it integrates the idea of blind signatures, which is not included in typical digital signature schemes. This scheme is designed to resist quantum computing attacks and is based on the post-quantum digital signature algorithm CRYSTALS-Dilithium, which NIST has selected. The whole technique utilizes the Fiat-Shamir signature structure, which consists of five stages: key creation, blinding, signing, unblinding, and verification. The security of the proposed scheme is dependent on the resolution of the Module Learning with Errors (MLWE) problem and the Short Integer Solution (SIS) problem. Additionally, the scheme must satisfy the criteria of correctness, blindness, and unforgeability. According to the test results, the CRYSTALS-Dilithium scheme requires an average of 401.89 μs for a single round of verification and signing. The CDBS technique takes an average of 657.65 μs for one round of signing and verification since the blinding and unblinding modules are added on top of the original algorithm, increasing the algorithm's complexity. The software testing results indicate that the average time required to complete a single full blind signature and verification operation is 657.65 microseconds. The suggested system offers a framework for expanding the CRYSTALS-Dilithium digital signature algorithm.  © 2025 IEEE.","CRYSTALS-Dilithium; IoT; MLWE; post quantum; resistant blind signature scheme; SIS","Industrial internet of things (IIoT); Model checking; Network security; Quantum channel; Quantum cryptography; Quantum electronics; Blind signature scheme; CRYSTALS-dilithium; Dilithium; Integer solutions; IoT; Learning with Errors; Module learning with error; Post quantum; Resistant blind signature scheme; Short integer solution; Qubits"
"https://www.scopus.com/pages/publications/84881608608?origin=resultslist","The proceedings contain 23 papers. The topics discussed include: cost-aware combinatorial interaction testing; test driven life cycle management for Internet of things based services: a semantic approach; experiences in test automation for multi-client system with social media backend; from model-based design to real-time analysis; automated structural testing of simulink/targetlink models via search-based testing assisted by prior-search static analysis; fault detection capabilities of an enhanced timing and control flow checker for hard real-time systems; a software quality framework for mobile application testing; variability management in testing architectures for embedded control systems; diagnosability analysis for self-observed distributed discrete event systems; and a combined formal analysis methodology and towards its application to hierarchical state transition matrix designs.","",""
"https://www.scopus.com/pages/publications/85052023498?origin=resultslist","Developing secure Internet of Things (IoT) applications that are free of vulnerabilities and resilient against exploit is desirable for software developers and testers. In this paper, we present IoTVerif, an automated tool that can verify SSL/TLS (Secure Socket Layer/Transport Layer Security) X.509 certificate validation of IoT messaging protocols utilized by real-world IoT client applications. IoTVerif does not require any prior knowledge about the messaging protocol, but simply correlates the observed network trace of an application with its execution context. IoTVerif helps IoT client application developers identify the SSL/TLS vulnerabilities based on certificate validation. We specifically target MQTT, a broker-based protocol that has attracted increasing popularity in the IoT application market. We used IoTVerif to analyze the server X.509 certificate validation in 15 well-known MQTT client applications. Our result revealed that 5 (33.3%) of the applications examined are vulnerable to man-in-the-middle (MITM) and/or TLS renegotiation attacks. Our result also shows that IoTVerif can generate a Finite State Machine (FSM) that depicts the interaction between the application and the IoT broker and automatically identifies various attacks. It has the potential to reverse-engineer the emerging IoT messaging protocols and identify the vulnerabilities in the IoT applications. © 2018 Copyright held by the owner/author(s). Publication rights licensed to Association for Computing Machinery.","Certificate validation; Model checking; MQTT protocol; SSL/TLS","Application Layer; Application programs; Middleware; Network layers; Reverse engineering; Software testing; Automated tools; Certificate validations; Client applications; Messaging protocols; Models checking; MQTT protocol; Secure socket layer/transport layer security; Secure sockets layers; Transport layer security; X.509 certificates; Model checking"
"https://www.scopus.com/pages/publications/85111875880?origin=resultslist","Internet-of-Things (IoT), an integral part of today’s smart society, is facing tremendous challenges of different security and interoperability attacks. Also, IoT device works in resource-constrained environments with limited storage. Conventional cryptography is not suitable for low-cost IoTs, and also they are susceptible to physical attacks. This work proposes a lightweight authentication and key exchange protocol utilizing the physically unclonable function (PUF) as security primitive. A single PUF challenge-response pair (PUF-CRP) is utilised to overcomes the server’s storage overhead in the proposed protocol. Also, this protocol ensures the secret message passing using the lightweight XOR function. The proposed protocol authenticates the end-user successfully as well as maintains the security of the shared secret. The two-pass approach of the proposed method builds confidence in communicating entities. Formal analysis by automated Proverif tool validates its security. Performance evaluation advocates the superiority of the proposed protocol over the existing methods upholding its strong security and lightweight feature. Copyright © 2021 by SCITEPRESS – Science and Technology Publications, Lda. All rights reserved","Authentication; Hardware Security; Internet of Things (IoT); Lightweight; One-Time Pad (OTP); Physically Unclonable Function (PUF); Proverif","Authentication; Cryptography; Hardware security; Message passing; Authentication and key exchange protocols; Challenge-response pair; Internet of Things (IOT); Physical attacks; Physically unclonable functions; Security primitives; Storage overhead; Strong securities; Internet of things"
"https://www.scopus.com/pages/publications/85159725349?origin=resultslist","A system based on the internet of things (IoT) consists of services deployed across several devices that collaborate to fulfil IoT system goals. The growth in the number of IoT services that has occurred concurrently with the growth in the number of IoT devices is posing a significant difficulty for the process of service composition. In order to satisfy increasing demand and rapid expansion while keeping a certain level of quality of service, IoT systems need a scalable IoT service composition. However, building the correct scalable service composition is not guaranteed in IoT systems. This paper proposes formal modeling and verification of the scalability in IoT service composition at design time based on Event-B formal method. To fulfil the requirements of IoT service composition, the proposed model addresses more key qualities, mainly availability and interoperability. Further, by relying on the refinement technique, we create our model sequentially from the requirements analysis level to the target level. Finally, we validate and verify the correctness of the proposed formal model using of the Rodin platform and several proof obligations. Our verified model of the scalable IoT service composition has met its 44 proof obligations, and the Rodin prover was responsible for automatically addressing all of these proof obligations. © 2023, The Author(s), under exclusive licence to Springer-Verlag London Ltd., part of Springer Nature.","Event-B; Formal model; Internet of things (IoT); IoT service composition; Scalability","Formal verification; Internet of things; Quality of service; Design time; Event-B; Formal modeling; Formal modeling and verification; Internet of thing; Internet of thing service composition; Proof obligations; Quality-of-service; Rapid expansion; Services composition; Scalability"
"https://www.scopus.com/pages/publications/85075836426?origin=resultslist","Due to the proliferation of Internet of Things (IoT) devices and the emergence of the Ambient Intelligence (AmI) paradigm, the need to facilitate the interaction between the user and the services that are integrated in Intelligent Environments has surfaced. As a result, Conversational Agents are increasingly used in this context, in order to achieve a natural, intuitive and seamless interaction between the user and the system. However, in spite of the continuous progress and advancements in the area of Conversational Agents, there are still some considerable limitations in current approaches. The system proposed in this paper addresses some of the main drawbacks by: (a) automatically integrating new services based on their formal specification, (b) incorporating error handling via follow-up questions, and (c) processing multiple user intents through the segmentation of the input. The paper describes the main components of the system, as well as the technologies that they utilize. Additionally, it analyses the pipeline process of the user input, which results in the generation of a response and the invocation of the appropriate intelligent services. © 2019, Springer Nature Switzerland AG.","Chatbot; Conversational agent; Home automation; Intelligent environment; Intelligent home; Natural language processing","Intelligent agents; Internet of things; Natural language processing systems; Chatbot; Conversational agents; Home automation; Intelligent environment; Intelligent home; NAtural language processing; Human computer interaction"
"https://www.scopus.com/pages/publications/84962563682?origin=resultslist","The increasing number of connected devices which use Internet of Things (IoT) technology and variety of associated services is a real challenge to interoperability. There is a need of an abstraction layer which hides the technology heterogeneity. The paper presents an approach to data modeling in the domain of home energy saving which extends existing solutions with context-ware concepts and relationships. Requirements to data annotation are identified by use cases. Problem-solving principle is applied to data annotation which defines the vocabulary related to a certain task or activities. An observation and actuation models which show how data annotation works are proposed and formally verified. As a proof of concept, the server model includes web services that illustrate the usage of the proposed data annotation. The potential of home appliance power control is estimated. © 2015, IGI Global.","Data Annotation; Formal Verification; Home Automation; Observation and Actuation Models; RESTful Web Services; Service Model","Abstracting; Domestic appliances; Energy conservation; Formal verification; Internet; Internet of things; Interoperability; Power control; Problem solving; Websites; Abstraction layer; Data annotation; Home automation; Internet of Things (IOT); Proof of concept; RESTful Web services; Server modeling; Service Model; Web services"
"https://www.scopus.com/pages/publications/85075692904?origin=resultslist","The proceedings contain 24 papers. The special focus in this conference is on International Conference on Computing, Power and Communication Technologies. The topics include: IoT Botnet: The Largest Threat to the IoT Network; building a Trustworthy Ethical Approach to Cloud Computing; Weighted Frequent Itemset Mining Using OWA on Uncertain Transactional Database; design of Customer Information Management System; modeling Machine Learning Agent for Interaction Conversational System Using Max Entropy Approach in Natural Language Processing; analysis of Energy Consumption in Dynamic Mobile Ad Hoc Networks; Improved ITCA Method to Mitigate Network-Layer Attack in MANET; Employing Machine Learning Models to Solve Uniform Random 3-SAT; a Design and an Implementation of Forecast Sentence Extractor; low Complexity Antenna Selection Scheme for Spatially Correlated Multiple Antenna Cognitive Radios; probability Prediction Using Improved Method in Delay-Tolerant Network; fair Comparative Analysis of Opportunistic Routing Protocols: An Empirical Study; distributed Optimal Power Allocation Using Game Theory in Underlay Cognitive Radios; relay Selection-Based Physical-Layer Security Enhancement in Cooperative Wireless Network; Analysis of Performance of FSO Link During the Months of Monsoon in Delhi, India; pectoral Muscle and Breast Density Segmentation Using Modified Region Growing and K-Means Clustering Algorithm; taxonomy of Cyberbullying Detection and Prediction Techniques in Online Social Networks; A Formal Modeling Approach for QOS in MQTT Protocol; prediction of Gene Selection Features Using Improved Multi-objective Spotted Hyena Optimization Algorithm; A Compressive Family Based Efficient Trust Routing Protocol (C-FETRP) for Maximizing the Lifetime of WSN; an Adaptive Genetic Co-relation Node Optimization Routing for Wireless Sensor Network.","",""
"https://www.scopus.com/pages/publications/85067206549?origin=resultslist","This paper focuses on developing a security mechanism geared towards appified smart-home platforms. Such platforms often expose programming interfaces for developing automation apps that mechanize different tasks among smart sensors and actuators (e.g., automatically turning on the AC when the room temperature is above 80°F). Due to the lack of effective access control mechanisms, these automation apps can not only have unrestricted access to the user's sensitive information (e.g., the user is not at home) but also violate user expectations by performing undesired actions. As users often obtain these apps from unvetted sources, a malicious app can wreak havoc on a smart-home system by either violating the user's security and privacy, or creating safety hazards (e.g., turning on the oven when no one is at home). To mitigate such threats, we propose Expat which ensures that user expectations are never violated by the installed automation apps at runtime. To achieve this goal, Expat provides a platform-agnostic, formal specification language Uei for capturing user expectations of the installed automation apps' behavior. For effective authoring of these expectations (as policies) in Uei, Expat also allows a user to check the desired properties (e.g., consistency, entailment) of them; which due to their formal semantics can be easily discharged by an SMT solver. Expat then enforces Uei policies in situ with an inline reference monitor which can be realized using the same app programming interface exposed by the underlying platform. We instantiate Expat for one of the representative platforms, OpenHAB, and demonstrate it can effectively mitigate a wide array of threats by enforcing user expectations while incurring only modest performance overhead. © 2019 Association for Computing Machinery.","Appified smart-home platforms; Inline reference monitoring; IoT security; Policy enforcement","Automation; Formal methods; Semantics; Specification languages; Access control mechanism; Inline reference monitor; IoT security; Policy enforcement; Programming interface; Sensitive informations; Sensors and actuators; Smart homes; Access control"
"https://www.scopus.com/pages/publications/84956617596?origin=resultslist","If we pause a moment to reflect on the innovations of the last twenty years in the field of information technology, we realize immediately as consumer electronics, computers and telecommunications have changed their balance of power. Today, Internet is so ingrained in the culture of the people who seems to be always there, and you can hardly imagine to live without it. Today mobile devices are computers, and their inter-connection and connection with several kinds of technological objects is ever more increasing. This has led to the emergence of new concepts, such as the Internet of Things (IoT), Machine to Machine (M2M), and People to Machine (P2M) and the consequent need to provide frameworks that allows communication and interoperability between heterogeneous objects. Furthermore, the increasing availability of data and especially of computational power allows things to serve not only as data producers but also as consumers. Thus we can think about internet of things as a cloud of services software and services composition. In such a highly mobile environment, both the user and “things” may be subject to frequent movement, demanding a frequent recomposition. In this paper, we propose a preliminary biological-inspired approach for adaptive software composition at run time. The approach leverages the concept of immune system to ensure dependability e.g. availability and reliability, of a composition of software and services in the Internet of Things. © Springer-Verlag Berlin Heidelberg 2015.","Adaptive composition; Run-time composition; Service composition","Computer software; Consumer electronics; Formal methods; Internet; Internet of things; Mobile devices; Software engineering; Software reliability; Biological approach; Computational power; Heterogeneous object; Internet of thing (IOT); Machine-to-machine (M2M); Runtimes; Service compositions; Services composition; Web services"
"https://www.scopus.com/pages/publications/85143085619?origin=resultslist","Modern IoT device manufacturers are taking advantage of the managed Platform-as-a-Service (PaaS) and Infrastructure-as-a-Service (IaaS) IoT clouds (e.g., AWS IoT, Azure IoT) for secure and convenient IoT development/deployment. The IoT access control is achieved by manufacturer-specified, cloud-enforced IoT access policies (cloud-standard JSON documents, called IoT Policies) stating which users can access which IoT devices/resources under what constraints. In this paper, we performed a systematic study on the security of cloud-based IoT access policies on modern PaaS/IaaS IoT clouds. Our research shows that the complexity in the IoT semantics and enforcement logic of the policies leaves tremendous space for device manufacturers to program a flawed IoT access policy, introducing convoluted logic flaws which are non-trivial to reason about. In addition to challenges/mistakes in the design space, it is astonishing to find that mainstream device manufacturers also generally make critical mistakes in deploying IoT Policies thanks to the flexibility offered by PaaS/IaaS clouds and the lack of standard practices for doing so. Our assessment of 36 device manufacturers and 310 open-source IoT projects highlights the pervasiveness and seriousness of the problems, which once exploited, can have serious impacts on IoT users' security, safety, and privacy. To help manufacturers identify and easily fix IoT Policy flaws, we introduce P-Verifier, a formal verification tool that can automatically verify cloud-based IoT Policies. With evaluated high effectiveness and low performance overhead, P-Verifier will contribute to elevating security assurance in modern IoT deployments and access control. We responsibly reported all findings to affected vendors and fixes were deployed or on the way. © 2022 Owner/Author.","access control policy; cloud; formal verification; iot","Formal verification; Internet of things; Manufacture; Semantics; Access control policies; Access policies; Cloud standards; Cloud-based; Device resources; Iot; Non-trivial; Security risks; Services infrastructures; Systematic study; Access control"
"https://www.scopus.com/pages/publications/85173609384?origin=resultslist","In today's world of connectivity, various domains use different multi-sensor Internet of Things (IoT) and Intelligent Systems (IS) applications. These applications involve extensive interactions between thousands or millions of components in open environments, which challenges verifying their reliability and efficiency. This paper introduces the first investigation in verifying IoT applications and intelligent systems in multi-source data settings with multi-agent commitment protocols in uncertain or inconsistent environments. Specifically, we present original and efficient solutions for modeling and verifying these systems with conditional and unconditional commitment protocols under uncertain or inconsistent settings. We introduce 4v-CTLc and 4v-CTLcc, multi-valued logics of commitment for reasoning about inconsistency over these systems that expand 3v-CTLc and 3v-CTLcc for reasoning about uncertainty. Moreover, we introduce new reduction algorithms for reducing our multi-valued model checking problems to the two-valued ones. To implement these algorithms, we develop two new automatic verification tools. The first tool translates the multi-valued logics to CTL and automatically interacts with the NuSMV model checker. The second tool translates these logics to the two-valued versions, CTLc and CTLcc, and automatically interacts with the MCMAS+ model checker. We apply our verification approaches to a Smart Home, a Smart Hospital and a Smart Mortgage system with multi-source data as case studies using sets of properties, including safety, liveness and reachability. The experimental results obtained by the proposed multi-valued model checking techniques proved these techniques’ high efficiency and applicability to modeling and verifying intelligent and autonomous multi-source data systems. © 2023","Commitment; Inconsistency; Intelligent systems (IS); IoTs; Lattice-valued propositional logics; Multi-valued model checking; Uncertainty","Automation; Efficiency; Internet of things; Many valued logics; Model checking; Multi agent systems; Commitment; Commitment protocols; Inconsistency; Intelligent system; Iots; Lattice-valued propositional logic; Multi-valued model checking; Multisource data; Propositional logic; Uncertainty; Intelligent systems"
"https://www.scopus.com/pages/publications/85056251422?origin=resultslist","A major challenge that is currently faced in the design of applications for the Internet of Things (IoT) concerns with the optimal use of available energy resources given the battery lifetime of the IoT devices. The challenge is derived from the heterogeneity of the devices, in terms of their hardware and the provided functionalities (e.g data processing/communication). In this paper, we propose a novel method for (i) characterizing the parameters that influence energy consumption and (ii) validating the energy consumption of IoT devices against the system's energy-efficiency requirements (e.g. Lifetime). Our approach is based on energy-aware models of the IoT application's design in the BIP (Behavior, Interaction, Priority) component framework. This allows for a detailed formal representation of the system's behavior and its subsequent validation, thus providing feedback for enhancements in the pre-deployment or pre-production stages. We illustrate our approach through a Building Management System, using well-known IoT devices running the Contiki OS that communicate by diverse IoT protocols (e.g. CoAP, MQTT). The results allow to derive tight bounds for the energy consumption in various device functionalities, as well as to validate lifetime requirements through Statistical Model Checking. © 2018 Open Publishing Association.All right reserved.","","Data handling; Energy efficiency; Energy resources; Energy utilization; Intelligent buildings; Model checking; Power management; Systems analysis; Building management system; Component framework; Device functionality; Efficiency requirements; Formal representations; Internet of thing (IOT); Model- based designs; Statistical model checking; Internet of things"
"https://www.scopus.com/pages/publications/85184065218?origin=resultslist","Modern cyber-physical systems (CPSs) use the Internet of Things (IoT) to collect and exchange data efficiently, monitor device/sensor level interaction effectively, and adopt new standards effortlessly. Machine learning (ML) models are growingly used in the controllers of these IoT-enabled CPSs for pattern identification, state estimation, prediction, and anomaly detection. However, sophisticated adversaries can launch various attacks on the communication network and the hardware/firmware to introduce corrupted sensor measurements to manipulate the ML-based CPSs and create critical physical hazards. Hence, analyzing the threat space of a CPS is essential to understand the system's strength and identify the most vital resources to protect. However, existing studies have not proposed any verifiable solution for the threat analysis of ML-based CPSs. This paper presents a novel framework that uses efficient mechanisms to extract constraints from ML-based decision models and perform a formal threat analysis to identify potential false data injection (FDI) attack paths and corresponding effects on an IoT-enabled ML-based CPS. Our framework can provide us with all possible attack vectors, each representing a set of sensor measurements to be altered for a CPS given a specific set of attack attributes. The attack vectors enable us to assess the system's resiliency, thus providing insight to enhance the system's robustness. We consider an internet of medical things-enabled safety-critical CPS naming smart healthcare system (SHS) as the reference case. We validate our framework on a real SHS dataset, proving our framework's success in revealing feasible FDI attack paths. Our evaluation using synthetic and two real SHS datasets also affirms the tool's efficacy in the threat analysis of ML-based CPSs. © 2024 Elsevier Ltd","Cyber-physical systems; Cyberattacks; Formal model; Internet of things; Machine learning; Threat analysis","Anomaly detection; Embedded systems; Health care; Internet of things; Machine learning; Safety engineering; Attack path; Cybe-physical systems; Cyber-attacks; Cyber-physical systems; False data injection attacks; Formal modeling; Machine-learning; Sensor measurements; Smart healthcare systems; Threats analysis; Cyber Physical System"
"https://www.scopus.com/pages/publications/85153655834?origin=resultslist","Human life is experienced as recurring system patterns – the informal events of everyday living, expression of creativity and aesthetic experiences of the arts, organized observation and discovery in the physical sciences, and technically engineering the systemic improvement of the human condition. Patterns have been expressed and analyzed across these diverse domains in the languages native to each. In the case of science and engineering, the subject of this chapter, explicit formal methods for discovering, synthesizing, representing, analyzing, and applying patterns, have reached great heights, transforming human life over three centuries. In spite of successes, diversity of language and perspective across individual physical science and engineering disciplines has masked the common thread of system patterns running through these scientific and engineering works. The more recent attention to the science and engineering of systems in general, including explicit models of general systems, illuminates the nature of general system patterns and their fundamental contribution to representation and progress in science and engineering of systems. In addition to providing a unifying perspective to historical accomplishments of specialized disciplines, system patterns also simplify the complexity of existing engineering environments while advancing ability to develop new scientific and engineering disciplines for more complex domains, including markets, networks, distribution systems, the Internet of Things, communities, and the innovation process itself. This chapter and references provide an actionable perspective for readers interested in this revolution. A key lesson of this chapter is that system patterns reduce the challenge of accomplishing nearly any goal in the life of systems. © Springer Nature Singapore Pte Ltd. 2021.","Engineering models; MBSE; PBSE; S*Metamodel; Scientific models; System models; System patterns; System representation; Systems engineering; Systems science",""
"https://www.scopus.com/pages/publications/84994035332?origin=resultslist","The Internet of Things (IoT) has increased its footprint becoming globally a ‘must have’ for today’s most innovative companies. Applications extend to multitude of domains, such as smart cities, healthcare, logistics, manufacturing, etc. Gartner Group estimates an increase up to 21 billion connected things by 2020. To manage ‘things’ heterogeneity and data streams over large scale and secured deployments, IoT and data platforms are becoming a central part of the IoT. To respond to this fast growing demand we see more and more platforms being developed, requiring systematic testing. Combining Model-Based Testing (MBT) technique and a service-oriented solution, we present Model-Based Testing As A Service (MBTAAS) for testing data and IoT platforms. In this paper, we present a first step towards MBTAAS for data and IoT Platforms, with experimentation on FIWARE, one of the EU most emerging IoT enabled platforms. © Springer International Publishing AG 2016.","Internet of things; Model based testing; Standard compliance; Testing as a service","Formal methods; Model checking; Regulatory compliance; Combining model; Growing demand; Innovative companies; Internet of thing (IOT); Model based testing; Service Oriented; Systematic testing; Testing as a services; Internet of things"
"https://www.scopus.com/pages/publications/85192086566?origin=resultslist","The Web of Things (WoT) is a new paradigm in which everyday objects are connected to the Internet using popular Web technologies. The smart things are abstracted into RESTful Web services to facilitate their manipulation. The composition of these objects within the same business process creates an automated, time-synchronized routine that can perform even the most complex tasks. BPEL is an orchestration language that defines the process responsible for coordinating the Web services involved. However, this language presents some limitations in this context. BPEL 2.0 does not support RESTful Web services; its specification is incompatible with this architectural style of services. Moreover, its temporal expressivity is insufficient to cover all the constraints that may arise when composing services. This work aims to adapt BPEL to the requirements of the WoT environment, enabling it to create processes that invoke the smart things in precise time intervals. The solution is to exploit one of BPEL's strengths: its extensibility. The BPEL specification is enriched with four activities that reflect the REST uniform interface. They include the necessary attributes to send the request to the target object and receive the response in convened format representation. Also, temporal attributes are added to BPEL elements to schedule their start, end, and duration of execution. The manual addition of these temporal values requires a verification of their accuracy. The BPEL process must be reviewed to ensure its validity before its execution. A temporal Petri Net is proposed to detect any conflicts or inconsistencies between BPEL activities. As a result, associating the formal model with the extension allows BPEL to orchestrate smart things represented by RESTful Web services according to a well-defined temporal scenario. They respect the REST constraints and provide the BPEL activities with temporal attributes for efficient time management. The approach can be applied in all application areas to create temporal scenarios. © 2024 Elsevier B.V.","BPEL; Internet of Things; RESTful Web service; Smart home; Temporal constraints; Web of Things","Automation; Petri nets; Specifications; Web services; Websites; BPEL; Business Process; Complex task; RESTful Web services; Smart homes; Smart objects; Temporal attributes; Temporal constraints; Web technologies; Webs services; Internet of things"
"https://www.scopus.com/pages/publications/85053260435?origin=resultslist","""Property graphs"" have come to be widely used as the common meta model of most graph databases. The anterior prevalence of the RDF metamodel, its rich suite of tools and its openness to the linked data cloud, make it essential to ensure the consistency and potential conversion between these two models. We propose to give property graphs a formal semantic grounding based on RDF/RDFS/OWL, with blank nodes reification, geared to JSON-LD serialization. On top of it, we also define a set of core cross-domain ontology classes for the IoT, based on this meta-model, intended to be used for IoT platforms alongside the proposed meta-model. © 2018 CEUR-WS. All rights reserved.","IoT; Meta-model; Ontology; Property graphs; RDF; Reification.; Web of things","Graphic methods; Information management; Internet of things; Knowledge based systems; Ontology; Semantics; Websites; Blank node; Cross-domain; Formal Semantics; Meta model; Property graphs; Reification; Semantic Web"
"https://www.scopus.com/pages/publications/85067507756?origin=resultslist","In this paper, we apply model-checking approach to formally analyze energy consumption of the radio interface in order to guarantee network lifetime in the context of the Internet of Things. We propose a joint MAC-physical model of the IEEE 802.15.4 standard to capture and represent key operations that consume energy resources of the nodes at the radio interface component. We argue that the combination of the radio interface ON/OFF state switching mechanism with CSMA/CA medium access method leads to better modeling of the energy consumption and help understanding the interaction between MAC and physical layers. Our model provides accurate representation of simulation models at the first two layers of node's protocol stack compliant with IEEE 802.15.4 standard. © 2019 by SCITEPRESS - Science and Technology Publications, Lda.","CSMA/CA; Energy Efficiency; IEEE 802.15.4; Internet of Things; Model-checking; PROMELA; SPIN","Big data; Carrier sense multiple access; Energy efficiency; Energy resources; Energy utilization; IEEE Standards; Interface states; Model checking; Network layers; CSMA/CA; IEEE 802.15.4; IEEE 802.15.4 standards; Medium access method; Network lifetime; PROMELA; Radio interface; SPIN; Internet of things"
"https://www.scopus.com/pages/publications/85081083514?origin=resultslist","By increasing the complexity of the Internet of Things (IoT) applications, fault prediction become an important challenge in interactions between human, and smart devices. Fault prediction is one of the key factors to achieve better arranging the IoT applications. Most of the current research studies evaluated the fault prediction methods using simulation environments. However, formal verification of the correctness of a fault prediction method has not been reported yet. This paper presents a behavioral modeling and formal verification of a hybrid machine learning-based fault prediction model with Multi-Layer Perceptron (MLP) and Particle Swarm Optimization (PSO) algorithms. In particular, the PSO is used for feature selection. Then, the fault prediction is considered as a behavior to be verified formally. The fault prediction behavior is divided into two types of behaviors: dimension reduction behavior and prediction behavior. For each of the behaviors, one formal model is designed. The behavioral models designed are mapped into the Labeled Transition System (LTS). The Process Analysis Toolkit (PAT) model checker is employed to evaluate the behavioral models. The accuracy of the fault prediction method is done by some existing specifications such as deadlock-free and reachability properties in terms of linear temporal logic formulas. Also, the verification of the fault prediction behaviors is used to detect the defect metrics of information-centric IoT applications. Experimental results showed that our proposed verification method has minimum verification time and memory usage for evaluating critical specification rules than other research studies. © 2013 IEEE.","fault prediction; formal verification; Internet of Things applications; multi-layer perceptron; particle swarm optimization; process analysis toolkit","Behavioral research; Forecasting; Internet of things; Machine learning; Model checking; Particle swarm optimization (PSO); Specifications; Fault prediction; Fault prediction models; Hybrid machine learning; Labeled transition systems; Multi layer perceptron; Particle swarm optimization algorithm; Process analysis; Process analysis toolkits (PAT); Formal verification"
"https://www.scopus.com/pages/publications/105021827280?origin=resultslist","Technical interoperability is the first and foremost requirement for the Industrial Internet of Things. It ensures connectivity and networking between heterogeneous devices and systems, enabling their collaboration across different network protocols, both locally and over the Internet. Devices designed for industrial use are well known for their robustness, precision, and high-quality finish; however, they typically come with one or a few fixed industrial network protocols. One traditional method of connecting two devices using different protocols is to use a converter that translates messages between the two network interfaces. This paper proposes a unified protocol translation method for multiple network interfaces. The method is validated in a product assembly line use case, in which the involved devices use four different industrial Ethernet protocols and frameworks: Modbus TCP, EtherNet/IP Class 1, OPC UA PubSub, and ROS 2. Moreover, the correctness of such a complex networking system is verified using a runtime verification approach grounded in a formal interaction model, ensuring that the observed communication behaviors conform to the expected specification. © 2025 IEEE.","EtherNet/IP Class 1; IIoT; Modbus TCP; OPC UA PubSub; ROS 2; Runtime verification","Complex networks; Ethernet; Formal verification; Interfaces (computer); Interoperability; Class 1; Ethernet/IP; Ethernet/IP class 1; IIoT; Industrial Ethernets; IP class; Modbus TCP; OPC UA pubsub; ROS 2; Run-time verification; Transmission control protocol"
"https://www.scopus.com/pages/publications/85128719677?origin=resultslist","Smart Home Internet of Things (SHIoT) provides a rich compendium of innovative, ubiquitous, and interactive services to users using a variety of smart sensors, devices and applications. However, owing to the strongly internet-facing, dynamic, and heterogeneous and low capability nature of these devices, and existence of vulnerabilities in them, in their controlling applications and their configurations, there are security threats in SHIoT that affect the safe and secure functioning of these systems. Moreover, owing to the rich interactions with human users, these systems are more vulnerable to security attacks. On the other hand, because of the complexity of the SHIoT system, it is difficult to effectively determine the security posture. What is lacking is a comprehensive model that would allow the security analysts to capture and analyze the nature of the interactions between the different devices, applications and human users, and the vulnerabilities and misconfigurations in the same in order to understand the weak spots in the SHIoT system and prepare for potential security attacks. Towards this end, we propose a finite state automata (FSA) based framework to build attack models of SHIoT. We present a formalism for such a model and show through several scenarios how the model enables one to obtain a better understanding of the security posture of the system. Furthermore, An FSA based attack model offers more opportunities for tool support for automated analysis using techniques such as model checking.  © 2021 IEEE.","Attack Surface; Finite State Automata based Attack Model; Smart Home Internet of Things","Automata theory; Automation; Model checking; User profile; Attack modeling; Attack surface; Finite state automaton based attack model; Finite-state automata; Human users; Security attacks; Situational awareness; Smart home internet of thing; Smart homes; Ubiquitous Service; Internet of things"
"https://www.scopus.com/pages/publications/85127157926?origin=resultslist","Introduction: The Internet of Things consists of devices and software interacting altogether in order to build powerful and added-value services. One of the main challenges in this context is to support end users with simple, user-friendly, and automated techniques to design such applications. IFTTT-style rules are a popular way to build IoT applications as it addresses this challenge. Problem statement: Given the dynamicity of IoT applications, these techniques should also consider that these applications are in most cases not built once and for all. They can evolve over time and objects may be added or removed for several reasons (replacement, loss of connectivity, upgrade, failure, etc.). There is a need for techniques and tools supporting the reconfiguration of rule-based IoT applications to ensure certain correctness properties during this update tasks. Methodology: In this paper, we propose new techniques for supporting the reconfiguration of running IoT applications, represented as a set of coordinated rules acting on devices. These techniques compare two versions of an application (before and after reconfiguration) to check if several functional and quantitative properties are satisfied. This information can be used by the user to decide whether the actual deployment of the new application should be triggered or not. Contributions and results: The analysis techniques have been implemented using encodings into formal specification languages and verification is carried out using corresponding analysis frameworks. All these techniques for designing new applications, analysing the aforementioned reconfiguration properties, and deploying the new applications have been integrated into the WebThings platform and applied on real-world examples for validation of the approach. © 2022 Elsevier B.V.","IoT; Reconfiguration; Verification; Web of Things",""
"https://www.scopus.com/pages/publications/85142768836?origin=resultslist","In the industry 4.0 ecosystem, a Digital Thread connects the data and processes for smarter manufacturing. It provides an end to end integration of the various digital entities thus fostering interoperability, with the aim to design and deliver complex and heterogeneous interconnected systems. We develop a service oriented domain specific Digital Thread platform in a Smart Manufacturing research and prototyping context. We address the principles, architecture and individual aspects of a growing Digital Thread platform. It conforms to the best practices of coordination languages, integration and interoperability of external services from various platforms, and provides orchestration in a formal methods based, low-code and graphical model driven fashion. We chose the Cinco products DIME and Pyrus as the underlying IT platforms for our Digital Thread solution to serve the needs of the applications addressed: manufacturing analytics and predictive maintenance are in fact core capabilities for the success of smart manufacturing operations. In this regard, we extend the capabilities of these two platforms in the vertical domains of data persistence, IoT connectivity and analytics, to support the basic operations of smart manufacturing. External native DSLs provide the data and capability integrations through families of SIBs. The small examples constitute blueprints for the methodology, addressing the knowledge, terminology and concerns of domain stakeholders. Over time, we expect reuse to increase, reducing the new integration and development effort to a progressively smaller portion of the models and code needed for at least the most standard applications. © (2022). All Rights Reserved.","Digital Thread Platform; Domain Specific Languages; Model Driven Development; Smart Manufacturing; XMDD",""
"https://www.scopus.com/pages/publications/84947785321?origin=resultslist","Internet of Things (IoT) technology is rapidly gaining popularity, not only in industrial and commercial environments, but also in our personal life by means of smart devices at home. Such devices often interconnect with cloud services that promise easy usage and global access. However, managing the balance between trust in the service provider and need for privacy of individuals becomes a major challenge considering automatic exchange of manifold personal information. In this paper, we propose a formal model that establishes a relation between information, privacy, as well as trust, and that automatically maps between these terms while maintaining user control. © 2015 IEEE.","Internet of Things; Privacy; Trust","Data privacy; Trusted computing; Automatic exchange; Cloud services; Internet of Things (IOT); Personal information; Personal lives; Service provider; Smart devices; Trust; Internet of things"
"https://www.scopus.com/pages/publications/85104066844?origin=resultslist","The BPMN standard notation allows business process designers to model both intra-organizational processes and inter-organizational collaborations. A great effort has been devoted in proposing formal semantics for BPMN, and, fewer, in providing dedicated verification tools. Still, some advanced features of BPMN, namely communication or time-related constructs, are often set aside. This becomes an issue as BPMN gains interest outside of its original scope, e.g., for the IoT where communication and time play an important role. In this paper, we propose a formal semantics for a subset of BPMN. This semantics takes into account not only the usual gateways, but also sub-processes, inter-process communication, and time-related constructs. In contrast to transformational approaches, which give a semantics to BPMN by mapping it to some formal model (e.g., transition systems or Petri nets), our approach is based on a direct formalization in first-order logic that is then realized in a straightforward way into the TLA+ formal language. We build on the TLA+ model-checker, TLC, to provide process designers with a verification framework, fbpmn, that one may use to check BPMN and workflow specific properties. Our tools and our model database are open source and freely available online. © 2021 Elsevier Ltd","BPMN; Collaboration; Communication; First-Order Logic; Formal semantics; Time; TLA<sup>+</sup>; Tool; Verification","Computer circuits; Formal languages; Model checking; Petri nets; Semantics; Interorganizational collaboration; Interprocess communication; Organizational process; Specific properties; Transformational approach; Transition system; Verification framework; Verification tools; Formal methods"
"https://www.scopus.com/pages/publications/105028361664?origin=resultslist","Internet of Things (IoT) systems are distributed collections of embedded systems that are connected over the Internet or similar networks. A key property of IoT systems is the need for high reliability throughout their lifespan under physical constraints, e.g., material properties, and natural degradation of system components. Simulation and digital twin approaches can quantify statistical assurances at design time and runtime respectively to verify reliability of IoT systems. However, existing approaches lack integration through a multi-paradigm modeling approach for seamless design time and runtime reliability verification, sole use of mature standards and protocols for interoperability and easy extension, and state-of-the-art statistical model checking (SMC) techniques for sound and efficient reliability verification. Consequently, we propose a service-oriented digital twin architecture and implement the architecture in a production-grade, interoperable, and radically distributed scale out process engine that integrates both design and runtime verification in a single model. We demonstrate our architecture and implementation for four IoT systems and report statistical reliability assurances through sound and efficient SMC. © The Author(s), under exclusive license to Springer Nature Singapore Pte Ltd. 2026.","Digital twin; Execution; Internet of Things; Reliability; Service-Oriented Architecture; Statistical Model Checking","Architecture; Computer architecture; Digital twin; Embedded systems; Information services; Model checking; Service oriented architecture (SOA); Statistics; Design time; Distributed collections; Embedded-system; Execution; High reliability; Property; Runtimes; Service Oriented; Soa (serviceoriented architecture); Statistical model checking; Internet of things; Reliability"
"https://www.scopus.com/pages/publications/105023698390?origin=resultslist","Model-driven development (MDD) is a mainstream approach in safety-critical domains, providing standardized modeling languages like SysML. SysML behavior models describe system dynamics and are widely used in aerospace, manufacturing, and IoT. However, manual modeling is inefficient and prone to quality issues, restricting MDD’s practical adoption. The potential of LLMs in SysML behavior model generation and its challenges remain unclear, making it a key research topic. This empirical study evaluates LLMs in generating three types of SysML behavior models, focusing on performance and hallucinations. Our contributions are twofold: (1) constructing and publishing a dataset of 107 SysML behavior models spanning various domains; (2) analyzing hallucinations in LLM-assisted SysML behavior model generation from syntactic and semantic perspectives and proposing model-checking rules to mitigate them and enhance model quality. We analyze hallucinations in SysML behavior model generation, classifying them and exploring their possible causes. The evaluation results show that while the models generally meet syntactic requirements, they consistently lack semantic accuracy. Across both phases, LLMs achieve over 90% grammar accuracy. For semantic accuracy, the average F1-score for ACT reaches 95%, while SD drops to just 50%. These results demonstrate that while our model-checking rules effectively correct format and syntax, they are insufficient for addressing deeper semantic gaps. Overcoming these challenges requires advanced strategies, such as counterexamples and simulation traces, to provide optimal feedback. Additionally, model-checking in LLM-based generation is costly, and reducing this cost is another critical issue to address in the future. © 2025 Copyright held by the owner/author(s).","hallucination; large language models; model checking; model generation; SysML behavior models","Behavioral research; Computational linguistics; Human engineering; Information management; Modeling languages; Safety engineering; Semantics; Syntactics; Behaviour models; Empirical studies; Hallucination; Language model; Large language model; Model generation; Model-driven-development; Models checking; Semantic accuracy; SysML behavior model; Model checking"
"https://www.scopus.com/pages/publications/84949928288?origin=resultslist","Reactive systems operate in various fields such as, surveillance systems, embedded systems and Internet of things. This paradigm can employ mechanisms of type Event - Condition -Action (ECA). It is a powerful and flexible tool to respond to complex situations. However, the behaviour of a rules based system is difficult to analyse because of the ability of rules to interact with each other. Particularly, in IoT area the rules that govern the relations between sensors and actuators will lead to highly distributed collaborative applications. Runtime coordination and formal analysis becomes a necessity to avoid side effects mainly when applications are critical. This paper presents a case study for safe applications development in IoT. Our approach proposes an extension of ECA semantic by discrete control. We defined a safe interaction properties and developed autonomous controllers that support ECA distribution. © 2014 IEEE.","","Embedded systems; Network security; Semantics; Applications development; Collaborative application; Discrete Control; Formal analysis; Interaction properties; Rules based systems; Sensors and actuators; Surveillance systems; Internet of things"
"https://www.scopus.com/pages/publications/85207556847?origin=resultslist","In recent years, the continuous increase of the complexity of the Internet of Things systems including the interaction of enormous physical objects emerges new challenges especially, for critical systems where safety is a significant concern. The transportation industry, especially the railway system, is one such field where the IoT is significantly accelerating its rapidity of innovation. Accidents are more dangerous in terms of death rate. Therefore more efforts are necessary to improve safety. Consequently, this article presents the level crossing verification of typical railroads enhanced by Internet of Things systems as proposed by some papers in the literature. Furthermore, we prove formally that the above-motioned systems are not safe and can lead to a collision. © The Author(s), under exclusive license to Springer Nature Switzerland AG 2024.","CTL logic; Formal methods; IoT; level crossing gate; Model Checking; Railway system","Crosswalks; Industrial railroads; Railroad crossings; Railroad transportation; Critical systems; Crossing gate; CTL logic; Gate systems; IoT; Level crossing; Level crossing gate; Models checking; Physical objects; Railway system; Railroad accidents"
"https://www.scopus.com/pages/publications/85204633505?origin=resultslist","Satellite internet of things (satellite IoT) has been utilized to achieve the integration of space-ground, human-thing connection, and information interaction through the satellite communication network and various types of spaceborne and ground terminal devices. It possesses advantages that are boundless in air and unobstructed on ground, as well as characteristics such as large-scale coverage, highly open links, dynamically changing topologies, limited terminal resources, and long communication latency. In order to achieve the safe and efficient utilization of satellite IoT resources, a trust evaluation-based terminal authentication method for satellite IoT was proposed, which could optimize the authentication strategy by evaluating the trust of terminal devices. A trust evaluation mechanism for satellite IoT terminals was proposed for two scenarios: terminals that had recently undergone strong authentication and had been granted credit by strongly authenticated nodes. A dynamically adjusted trust measurement and evaluation model was characterized based on direct trust and indirect trust. Secondly, a trust evaluation-based access authentication protocol for satellite IoT was designed, which adopted a matching authentication mechanism according to the trust degree of the device. This allowed for the simplification of the subsequent authentication process for high-trust devices and provided differential authentication services for different terminal devices under the same authentication strategy framework. The security of the protocol was comprehensively analyzed using non-formal methods and Tamarin formal tools, and the effectiveness of the protocol was verified by experiments. The protocol was shown to be capable of reducing the overall authentication overhead and simplifying the authentication process with trust. © 2024 Beijing Xintong Media Co., Ltd.. All rights reserved.","access authentication; formal verification; satellite IoT; trust evaluation",""
"https://www.scopus.com/pages/publications/85059949009?origin=resultslist","The Internet of Things (IoT) is becoming a valuable strength for establishing various domains such as smart cities, smart homes, and smart factories, health care, transportation, disaster management, smart grid and smart cars in the current digital word. Interrelating different sensor and physical nodes are revealing them as a service is a complex which is even more challenging for effective software testing. IoT-based services vary from web services testing since they usually interact with the physical environment via sensor. The problem during the software testing of IoT physical and virtual nodes is how to apply Model-Based Testing (MBT) approaches for enabling scalable and efficient test results. This paper introduces a novel test path identification framework to facilitate functional evaluation of IoT. The quality software services has been enhanced through the verification and validation methodologies. The proposed path identification approach with regard to validate the IoT software services and experiments shows that the proposed approaches can enhance the effective path coverage for IoT software testing. © 2018 IEEE.","Internet of Things; Real- time Systems; Software Testing; Validation","Automation; Disaster prevention; Disasters; Home health care; Intelligent buildings; Interactive computer systems; Model checking; Real time systems; Software testing; Web services; Disaster management; Functional evaluation; Internet of thing (IOT); Model based testing; Path identifications; Physical environments; Validation; Verification-and-validation; Internet of things"
"https://www.scopus.com/pages/publications/85167735076?origin=resultslist","Internet of Things (IoT) has become prevalent in various fields, especially in the context of home automation (HA). To better control HA-IoT devices, especially to integrate several devices for rich smart functionalities, trigger-action programming, such as the If This Then That (IFTTT), has become a popular paradigm. Leveraging it, novice users can easily specify their intent in applets regarding how to control a device/service through another once a specific condition is met. Nevertheless, the users may design IFTTT-style integrations inappropriately, due to lack of security experience or unawareness of the security impact of cyber-attacks against individual devices. This has caused financial loss, privacy leakage, unauthorized access and other security issues. To address these problems, this work proposes a systematic framework named MEDIC to model smart home integrations and check their security. It automatically generates models incorporating the service/device behaviors and action rules of the applets, while taking into consideration the external attacks and in-device vulnerabilities. Our approach takes around one second to complete the modeling and checking of one integration. We carried out experiments based on 200 integrations created from a user study and a dataset crawled from ifttt.com. To our great surprise, nearly 83% of these integrations have security issues.  © 2023 ACM.","IFTTT; IoT; Model Checking; Security Modeling and Verification","Automation; Cybersecurity; Losses; Model checking; Network security; Applets; Condition; Home automation; If this then that; Models checking; Novice user; Security checking; Security issues; Security modeling and verification; Smart homes; Internet of things"
"https://www.scopus.com/pages/publications/85176085026?origin=resultslist","The proceedings contain 422 papers. The topics discussed include: PhyAuth: physical-layer message authentication for ZigBee networks; time for change: how clocks break UWB secure ranging; capstone: a capability-based foundation for trustless secure memory access; examining consumer reviews to understand security and privacy issues in the market of smart home devices; detecting and handling IoT interaction threats in multi-platform multi-control-channel smart homes; lessons lost: incident response in the age of cyber insurance and breach attorneys; a bug’s life: analyzing the lifecycle and mitigation process of content security policy bugs; PatchVerif: discovering faulty patches in robotic vehicles; systematic assessment of fuzzers using mutation analysis; HomeSpy: the invisible sniffer of infrared remote control of smart TVs; PCAT: functionality and data stealing from split learning by pseudo-client attack; a plot is worth a thousand words: model information stealing attacks via scientific plots; detecting multi-step IAM attacks in AWS environments via model checking; and Cipherfix: mitigating ciphertext side-channel attacks in software.","",""
"https://www.scopus.com/pages/publications/85104189047?origin=resultslist","Being executed in the Internet space, cloud services provide elastic computing resource to satisfy customers' demand. Since single service usually can't suit their complex need, customers need to assemble multiple services into one service workflow which coordinates individual service to fulfill the specific task by means of service interaction. Obviously, the interaction mechanism of cloud service is the glue of workflow and plays an important role in service workflow. However, owing to the dynamic characteristic of the Internet, cloud service interaction is complicated and volatile. Hence, the question how to describe and formalize the complex interaction of cloud service workflow is a non-trivial work, which has directly influence on the overall design of cloud service architecture engineering and its performance. Consider the question above, this article put forward a session-based interaction model of cloud service. Regarding the complexity of service workflow, thispaper applies the divide-and-conquer strategy to decompose the interaction of cloud services into session, then constructs the interaction model of cloud service. In the first step, we introduce andformalize the notion of session, so the complex interaction of cloud service workflow can be decomposed into hierarchical session pattern, which is easy to formalize by the guard automata. Next, using the session as the abstract data type, the session-based interaction model is proposed in order to facilitate the formalization of cloud service workflow. In addition, the model incorporates the notion of role and business protocol to strength the model flexibility. Like the role of object in object-oriented programming language, this model provides a new perspective for modelling the cloudservice workflow and lay the solid foundation for its formal verification.  © 2020 ACM.","cloud service; interface; role; service workflow; session","Abstract data types; Customer satisfaction; Internet of things; Modeling languages; Object oriented programming; Smart city; Business protocols; Divide and conquer; Dynamic characteristics; Elastic computing; Individual service; Interaction mechanisms; Modeling flexibility; Service interaction; Web services"
"https://www.scopus.com/pages/publications/85059529848?origin=resultslist","Real-Time Internet of Things (RT-IoT) is a newer technology paradigm envisioned as a global inter-networking of devices and physical things enabling real-time communication over the Internet. The research in Edge Computing and 5G technology is making way for the realisation of future IoT applications. In RT-IoT tasks will be performed in real-time for the remotely controlling and automating of various jobs and therefore, missing their deadline may lead to hazardous situations in many cases. For instance, in the case of safety-critical and mission-critical IoT systems, a missed task could lead to a human loss. Consequently, these systems must be simulated, as a result, and tasks should only be deployed in a real scenario if the deadline is guaranteed to be met. Numerous simulation tools are proposed for traditional real-time systems using desktop technologies, but these relatively older tools do not adapt to the new constraints imposed by the IoT paradigm. In this paper, we design and implement a cloud-based novel architecture for the formal verification of IoT jobs and provide a simulation environment for a typical RT-IoT application where the feasibility of real-time remote tasks is perceived. The proposed tool, to the best of our knowledge, is the first of its kind effort to support not only the feasibility analysis of real-time tasks but also to provide a real environment in which it formally monitors and evaluates different IoT tasks from anywhere. Furthermore, it will also act as a centralised server for evaluating and tracking the real-time scheduled jobs in a smart space. The novelty of the platform is purported by a comparative analysis with the state-of-art solutions against attributes which is vital for any open-source tools in general and IoT in specifics. © 2019 by the authors.","Embedded systems; Internet of Things; Real-time systems; Scheduling; Wireless sensor networks","comparative study; design method; instrumentation; Internet; network analysis; real time; tracking"
"https://www.scopus.com/pages/publications/85141819968?origin=resultslist","In modern society, the food supply chain management system has become an important research area realized nationally and internationally, which has established a collaborative relationship between producers, manufacturers, processors and retailers. Now, consumers are more interested in food quality, safety and the authentication of the products. Food safety has become an important issue in public health in the food market because people of all types and races around the world are affected due its poor quality. The traditional supply chains are centralized and face different issues such as lack of transparency, accountability and audit ability. The general issues in supply chain management include lack of communication, trust among the stakeholders, and interference of entities and wastage of food. A lot of work has been completed by researchers to address the above issues, but still, there is a need for effective mechanisms for the modeling of supply chain management systems. In this paper, a trusted, self-organized, traceable formal system based on blockchain and Internet of Things (IoT) is developed by using wireless sensors networks and finite automata. In the proposed model, smart contracts are designed to assure the automated payment procedures. The proposed model reduced the need for centralized authority. Unified Modeling Language (UML) is used to realize the requirements, and automata is used to capture behavior of the system. A blockchain-based model is used to provides the privacy and security mechanism for the transitions record. Wireless sensors are used to sense the information, and actors are used for decision making in case of any violation in the contact. A lot of work has been completed by researchers on smart contracts. Different smart contracts are designed to achieve the better traceability among producers, transporter/logistics and consumers. Our system provides the smart contract algorithm to show the interaction of entities in the food supply chain management system. Vienna Development Method-Specification Language (VDM-SL) is used to describe the formal system and the VDM-SL toolbox is used for the validation and analysis of the system. © 2022 by the authors.","blockchain; centralized; formal method; IoT; smart contract; trusted; validation; VDM-SL","Austria; Vienna; accountability; centralization; decision making; food market; food supply; model validation; supply chain management"
"https://www.scopus.com/pages/publications/84928693397?origin=resultslist","Even though many IoT (Internet of Things) applications have been implemented based on distributed events, how to construct scalable IoT services is still unclear. In this paper, we first discuss representing physical entities as IoT resources in the cyber world and integrate them into IoT services and then use an event session mechanism to express the coordination logic in an IoT service system. Given their eventdriven models, the scalable IoT services are constructed through decoupling one service at behavior from others, where running atomic service instances with high concurrency is our first focus, and distributed execution of an IoT business process is our second focus. Our last focus is to make each distributed business process execution unit hold its properties in the whole process, which requires modeling the environment as a prerequisite to compute its properties, and some assume-guarantee rules for composing the services from the environment’s perspective. We then propose a platform to support the construction, where according to the behavior decoupling features, one IoT business process is decomposed into pieces of event composition logic and business computation logic, together with separating the data dependency of computation functions in each process fragment, such that it can be concurrently executed and distributed. A practical application is implemented to concept-prove our work. © 2015 John Wiley & Sons, Ltd.","Assume-guarantee rule; IoT services; Process algebra; Publish/subscribe; Service coordination","Computer circuits; Model checking; Web services; Assume-guarantee rule; Iot services; Process algebras; Publish/subscribe; Service coordination; Internet of things"
"https://www.scopus.com/pages/publications/85053104704?origin=resultslist","Industrial facilities and critical infrastructures are transforming into “smart” environments that dynamically adapt to external events. The result is an ecosystem of heterogeneous physical and cyber components integrated in cyber-physical systems which are more and more exposed to cyber-physical attacks, i.e., security breaches in cyberspace that adversely affect the physical processes at the core of the systems. We provide a formal compositional metric to estimate the impact of cyber-physical attacks targeting sensor devices of IoT systems formalised in a simple extension of Hennessy and Regan’s Timed Process Language. Our impact metric relies on a discrete-time generalisation of Desharnais et al.’s weak bisimulation metric for concurrent systems. We show the adequacy of our definition on two different attacks on a simple surveillance system. © Springer Nature Switzerland AG 2018.","Cyber-physical attack; Impact metric; IoT system; Probabilistic metric semantics","Cyber Physical System; Embedded systems; Formal methods; Internet of things; Semantics; Concurrent systems; Cyber physicals; Different attacks; Impact metric; Industrial facilities; IoT system; Metric semantics; Surveillance systems; Computer crime"
"https://www.scopus.com/pages/publications/85193923185?origin=resultslist","With the rapid advancements in the Internet of Things (IoT), edge computing has a significant role in many eHealth applications. However, security and data privacy are major challenges due to the widespread popularity of the digital health domain. The network and data storage should withstand adversarial entities and allow access to only legitimate users. Medical users and servers must be registered with a trusted third-party authority to obtain permissions to authenticate remaining users. Millions of smart medical devices connect online to collect critical patient information, analyze reports, and perform meaningful decisions without human interaction. In this scenario, standard security is essential to safeguard eHealth applications. This research provides a secured, lightweight mobile edge computing framework to address these issues. The empirical results show that our framework mitigates computational overheads. The informal and formal analysis shows that our framework withstands potential attacks.  © 2018 IEEE.","","Authentication; Digital storage; eHealth; Internet of things; Privacy-preserving techniques; Data storage; e-Health applications; e-Health systems; Edge computing; Legitimate users; Location-aware; Network storage; Privacy preserving; Smart medical devices; Trusted third parties; Mobile edge computing"
"https://www.scopus.com/pages/publications/85027458535?origin=resultslist","The objective of the work is to propose a formal model for managing the security threats by software obfuscation technique towards privacy in using internet of medical things technology. The privacy of an individual healthcare report and the corresponding financial incumbency are to be secured through online trust certificates. But these certificates can be produced by a cloud service when internet based devices are communicating with each other. A number of cloud services are to be orchestrated through semantic intelligence that is embedded in each healthcare service and also in medical device entities. The threat management analyses multiple threats in various stages as threat anticipation, threat isolation, and threat diffusion and threat sensitization stages in a concurrent manner. The need for semantics and needed compliances are to be understood by each and every requesting service within the federation of heterogeneous networking. The private communication service has been modeled and applied when different clients are requesting for their own change in the needed healthcare device service through software obfuscation. The authenticated mobile and web clients that are authorized to collaborate at that point of interaction are monitored by the underlying cloud service manager. A secured data transfer technique through obfuscation across all the medical and non-medical digital devices is proposed in the internet of medical things (IoMT) paradigm. The existing medical data transfer under HIPAA and other healthcare compliance service acts involves a mammoth set of medical records. The possible threats can be managed through anticipation of such threats within its computational space, isolated from other and then finally the underneath system is to be made sensitive for such future threats. The malpractices and improper handling of such records have originated from a number of noncompliant devices and ambience in the health data centers. The fraud or manipulated healthcare information creates lot of financial burden on the individual as well as the government through insurance policies. The proposed Indistinguishable Inscrutable Obfuscated Medical Data Transfer across the standard compliant devices in a health service center or clinical center can eradicate the data frauds and inside human threats. The security and privacy in the IoT based health care system is to be highly scalable and sustainable when more numbers of devices and hospitals are connected in its address space. The privacy of such IoT based healthcare information and treatment data is enhanced by limiting their disclosure within acceptable uncertain computations during anticipated security attacks. The governance, risk and compliance of Internet of Medical Things are also carried out towards the privacy of public health which can be checked and managed on the fly to nullify the possibilities of any security and privacy risks. Copyright © 2017 American Scientific Publishers All rights reserved Printed in the United States of America.","Cloud services; HIPAA; IoMT; Obfuscation; Threat anticipation; Threat diffusion; Threat isolation; Threat sensitization",""
"https://www.scopus.com/pages/publications/105044562318?origin=resultslist","Home Internet-of-Things (H-IoT) automation is increasingly threatened by single-rule anomalies (SRA) and cross-rule interference (CRI). These threats can produce outcomes diverging from or even contradicting user expectations, compromising H-IoT system security and potentially endangering user safety and property. Existing detection techniques for these threats are fundamentally limited as they overlook undocumented command side effects, creating a critical blind spot in security analysis. This paper introduces Cet-Miner, a method that obtains and models these side effects through black-box command testing. Cet-Miner models system behavior as a Bayesian-smoothed Markov Decision Process (MDP) to characterize the non-deterministic side effects. For side effects that are not immediately observable, it uncovers them by comparing semantic inferences with test results, and represents them via a latent state structure introduced into the MDP. Building on this method, we propose HA-Inspector, an end-to-end threat detection system that implements both a runtime SRA monitor and a CRI model checker. We evaluate our method and system on a real-world H-IoT testbed comprising 38 devices from 9 vendors. Results show Cet-Miner discovers 5 distinct types of side effects, and HA-Inspector outperforms state-of-the-art tools in detecting both SRA and CRI threats. © 2026 IEEE.","H-IoT; Home Automation; Threat Detection","Automation; Behavioral research; Black-box testing; Human computer interaction; Internet of things; Markov processes; Model checking; Network security; Security systems; Blind spots; Home automation; Home internet-of-thing; Markov Decision Processes; Property; Side effect; Single-rule; System security; Threat detection; User expectations; Semantics"
"https://www.scopus.com/pages/publications/85035806957?origin=resultslist","Fog computing, being an extension to cloud computing has addressed some issues found in cloud computing by providing additional features, such as location awareness, low latency, mobility support, and so on. Its unique features have also opened a way toward security challenges, which need to be focused for making it bug-free for the users. This paper is basically focusing on overcoming the security issues encountered during the data outsourcing from fog client to fog node. We have added Shibboleth also known as security and cross domain access control protocol between fog client and fog node for improved and secure communication between the fog client and fog node. Furthermore to prove whether Shibboleth meets the security requirement needed to provide the secure outsourcing. We have also formally verified the protocol against basic security properties using high level Petri net. © 2017 IEEE.","fog computing; HLPN; IoT; shibboleth; SMT; verification; Z3","Access control; Authentication; Cloud computing; Fog; Formal verification; Network protocols; Outsourcing; Petri nets; Surface mount technology; Verification; Access control protocol; Edge computing; HLPN; Location awareness; Security challenges; Security properties; Security requirements; Shibboleth; Internet of things"
"https://www.scopus.com/pages/publications/85041641069?origin=resultslist","With the significant improvement in deployment of Internet of Things (IoT) into the smart grid infrastructure, the demand for cyber security is rapidly growing. The Energy Internet (EI) also known as the integrated internet-based smart grid and energy resources inherits all the security vulnerabilities of the existing smart grid. The security structure of the smart grid has become inadequate in meeting the security needs of energy domains in the 21st century. In this paper, we propose a cyber security framework capable of providing adequate security and privacy, and supporting efficient energy management in the EI. The proposed framework uses an identity-based security mechanism (I-ICAAAN), a secure communication protocol and an Intelligent Security System for Energy Management (ISSEM) to certify security and privacy in the EI. Nash Equilibrium solution of game theory is applied for the evaluation of our proposed ISSEM based on security events allocation. The formal verification and theoretical analysis show that our proposed framework provides security and privacy improvement for IoT-based EI. © 2018 Elsevier B.V.","Cyber security; Energy Internet; I-ICAAAN; IoT; Secure communication","Electric power transmission networks; Energy management; Energy resources; Game theory; Internet of things; Network security; Secure communication; Cyber security; Energy internet; Intelligent security systems; Internet of Things (IOT); Security and privacy; Security mechanism; Security structures; Security vulnerabilities; Smart power grids"
"https://www.scopus.com/pages/publications/105040761454?origin=resultslist","Modern Internet of Things (IoT) networks comprise a vast number of interconnected devices capable of seamless communication and cooperation, thereby enhancing the intelligence and efficiency of different environments. They are growing in scale and complexity, making it difficult to assess energy-performance trade-offs before deployment. Yet robust pre-deployment evaluation is critical to ensure energy efficiency and compliance with performance requirements. To address this challenge, we introduce a hierarchical Colored Petri Net (CPN) formal model that jointly captures both device-level energy usage and network performance metrics. The proposed model integrates CPU power states, transceiver operations, communication delays, and unreliable channel conditions into a unified framework. Key innovations include support for heterogeneous CPU architectures and multiple transceivers per node, bidirectional communication, and fine-grained interactions between CPU and transceiver components. This fine-grained formal approach enables combined evaluation of energy consumption and throughput under realistic conditions before physical implementation. We validate the model against real hardware, comprising an ARM7TDMI CPU and an SX1278 LoRa transceiver, demonstrating high accuracy with relative errors below 0.4% for CPU energy, under 2% for transceiver energy, and near-zero for throughput. These results highlight the model's accuracy and practical relevance. Overall, the work contributes a unified, modular, and formally verifiable modeling framework to enhance energy-performance analysis for complex, realistic IoT systems.  © 2026 IEEE.","Energy-Performance Evaluation; Hierarchical Coloured Petri Nets; IoT Networks","ARM processors; Complex networks; Computer architecture; Computer hardware; Computer network performance evaluation; Energy efficiency; Energy utilization; Formal methods; Internet of things; Network performance; Petri nets; Power management (telecommunication); Program processors; Radio transceivers; Deployment evaluations; Energy; Energy performance; Energy performance evaluations; Fine grained; Hierarchical colored petri nets; Internet of thing network; Performance tradeoff; Seamless communication; Seamless cooperation; Economic and social effects"
"https://www.scopus.com/pages/publications/85076785202?origin=resultslist","Simplifying programming, deployment, and configuration of heterogeneous networked IoT devices requires networking, hardware, representation of knowledge and concepts, design and programming skills. In fact, IoT applications are mostly built by adopting different existing paradigms and technologies on a case-by-case basis. As a result, programming tools hinder adaptability and interoperability of applications with their rigidity. In this paper, we propose a rule-based system that configures and programs IoT devices automatically. The rule base holds formal specifications about hardware platforms, networking protocols, physical world concepts, and applications. Provided with a high-level application goal, the proposed system generates and delivers symbolic application code to the operating devices, which are then able to run it without any further translation. The tool also supports automatic configuration of IoT heterogeneous entities. Based on hardware specifications in the knowledge base, the system outputs the best configuration, i.e. the best way for connecting sensors and actuators to a specific board for a given purpose. © 2019, Springer Nature Switzerland AG.","Code generation; Formal knowledge representation; FORTH; Symbolic programming","Formal specification; FORTH (programming language); Knowledge based systems; Knowledge representation; Automatic configuration; Code Generation; Formal knowledge representations; FORTH; Hardware configurations; Hardware specifications; High level applications; Symbolic programming; Internet of things"
"https://www.scopus.com/pages/publications/105040395673?origin=resultslist","The rapid evolution of the Internet of Vehicles (IoV) necessitates secure, scalable, and low-latency route navigation mechanisms that can operate in highly dynamic vehicular environments. Emerging paradigms such as Vehicular Digital Twins (VDTs) further enhance IoV ecosystems by enabling real-time virtual representations of physical vehicles, facilitating predictive analytics, intelligent decision-making, and context-aware routing. However, conventional VANET-based approaches suffer from centralized trust dependencies, high computational overhead, and limited adaptability to real-time traffic conditions. This paper proposes BFRN-IoV, a blockchain- and fog-enabled route navigation framework that integrates lightweight ECC-HMAC-based mutual authentication, RSU-assisted fog routing, and global route validation via a Geo-Location Provider (GLP), while leveraging VDTs for enhanced situational awareness and dynamic route optimization. The framework ensures key security properties-including confidentiality, integrity, pseudonymity, unlinkability, and non-repudiation-using ECDH-derived session keys, HKDF-based key expansion, and HMAC verification, while preserving privacy through pseudonym-based identity management. A permissioned blockchain provides immutable and auditable logging of routing interactions without exposing vehicle identities. Simulation results using SUMO and implementation via Web3 demonstrate significant improvements in routing accuracy, along with reduced communication and computational overhead compared to existing approaches. Formal verification using the Scyther tool confirms robustness against replay, impersonation, and man-in-the-middle attacks. The proposed framework delivers a unified, secure, and efficient solution for real-time IoV route navigation, further strengthened by the integration of VDTs in next-generation intelligent transportation systems.  © 2026 The Authors.","blockchain; cloud-fog routing; ECC-HMAC; RSU communication; secure authentication; VANET","Authentication; Big data; Blockchain; Data privacy; Digital twin; Ecosystems; Fog; Fog computing; Intelligent vehicle highway systems; Internet of things; Machine learning; Navigation; Network security; Vehicle routing; Vehicles; Vehicular ad hoc networks; Block-chain; Cloud-fog routing; Computational overheads; ECC-HMAC; Low latency; Route navigation; Routings; RSU communication; Secure authentications; VANET; Predictive analytics"
"https://www.scopus.com/pages/publications/85118229123?origin=resultslist","Edge computing applications leverage advances in edge computing along with the latest trends of convolutional neural networks in order to achieve ultra-low latency, high-speed processing, low-power consumptions scenarios, which are necessary for deploying real-time Internet of Things deployments efficiently. As the importance of such scenarios is growing by the day, we propose to undertake two different kind of models, such as an algebraic models, with a process algebra called ACP and a coding model with a modeling language called Promela. Both approaches have been used to build models considering an edge infrastructure with a cloud backup, which has been further extended with the addition of extra fog nodes, and after having applied the proper verification techniques, they have all been duly verified. Specifically, a generic edge computing design has been specified in an algebraic manner with ACP, being followed by its corresponding algebraic verification, whereas it has also been specified by means of Promela code, which has been verified by means of the model checker Spin. © 2020 by the authors. Licensee MDPI, Basel, Switzerland.","ACP; CNN; Edge computing; Fog computing; Formal modeling; Promela; Spin","Cloud Computing; Algebra; Fog computing; Model checking; Modeling languages; ACP; Application design; CNN; Computing applications; Convolutional neural network; Edge computing; Formal modeling; Low latency; PROMELA; Spin; cloud computing; Edge computing"
"https://www.scopus.com/pages/publications/84959862120?origin=resultslist","Internet of Things (IoT) is an upcoming platform where information and communication technology connect multiple embedded devices to the Internet for performing information exchange. Owing to the immense development of this technology, embedded devices are becoming more sophisticated every day and are being deployed in various arenas of life. An important advancement in today's technology is the ability to connect such devices to large resource pools such as cloud. Integration of embedded devices and cloud servers brings wide applicability of IoT in many commercial as well as Government sectors. However, the security concerns such as authentication and data privacy of these devices play a fundamental role in successful integration of these two technologies. Elliptic Curve Cryptography (ECC) based algorithms give better security solutions in comparison to other Public Key Cryptography (PKC) algorithms due to small key sizes and efficient computations. In this paper, a secure ECC based mutual authentication protocol for secure communication of embedded devices and cloud servers using Hyper Text Transfer Protocol (HTTP) cookies has been proposed. The proposed scheme achieves mutual authentication and provides essential security requirements. The security analysis of the proposed protocol proves that it is robust against multiple security attacks. The formal verification of the proposed protocol is performed using AVISPA tool, which confirms its security in the presence of a possible intruder. © 2015 Elsevier B.V. All rights reserved.","Authentication; Cloud computing; Cookies; Elliptic Curve Cryptography; Internet of Things","Authentication; Chromium compounds; Cloud computing; Data privacy; Geometry; HTTP; Hypertext systems; Public key cryptography; Cryptography; Internet; Cookies; Elliptic curve cryptography; Elliptic Curve Cryptography (ECC); Information and Communication Technologies; Internet of Things (IOT); Mutual authentication protocols; Public Key Cryptography (PKC); Secure authentications; Elliptic Curve Cryptography(ECC); Internet of things"
"https://www.scopus.com/pages/publications/85100380781?origin=resultslist","The emergence of Distributed Ledger Technologies and Cryptocurrencies impacts on how transactions of various assets between parties in highly dynamical settings – such as the Internet of Things or Smart Cities – are modelled and implemented in several ways. We study this transition from centralized accounts with explicit owners towards distributed ledgers with challenge-based transaction access control. We capture the transition in a series of linked formal specifications in Z, enabling the comparison between the two settings. In particular, we provide a reference model and then refine it for the respective settings. © Springer Nature Switzerland AG 2018.","Blockchain; Distributed ledger; Formal specification; Z","Access control; Blockchain; Reference modeling; Formal methods"
"https://www.scopus.com/pages/publications/85024473726?origin=resultslist","The X.509 Public-Key Infrastructure has long been used in the SSL/TLS protocol to achieve authentication. A recent trend of Internet-of-Things (IoT) systems employing small footprint SSL/TLS libraries for secure communication has further propelled its prominence. The security guarantees provided by X.509 hinge on the assumption that the underlying implementation rigorously scrutinizes X.509 certificate chains, and accepts only the valid ones. Noncompliant implementations of X.509 can potentially lead to attacks and/or interoperability issues. In the literature, black-box fuzzing has been used to find flaws in X.509 validation implementations, fuzzing, however, cannot guarantee coverage and thus severe flaws may remain undetected. To thoroughly analyze X.509 implementations in small footprint SSL/TLS libraries, this paper takes the complementary approach of using symbolic execution. We observe that symbolic execution, a technique proven to be effective in finding software implementation flaws, can also be leveraged to expose noncompliance in X.509 implementations. Directly applying an off-the-shelf symbolic execution engine on SSL/TLS libraries is, however, not practical due to the problem of path explosion. To this end, we propose the use of SymCerts, which are X.509 certificate chains carefully constructed with a mixture of symbolic and concrete values. Utilizing SymCerts and some domain-specific optimizations, we symbolically execute the certificate chain validation code of each library and extract path constraints describing its accepting and rejecting certificate universes. These path constraints help us identify missing checks in different libraries. For exposing subtle but intricate noncompliance with X.509 standard, we cross-validate the constraints extracted from different libraries to find further implementation flaws. Our analysis of 9 small footprint X.509 implementations has uncovered 48 instances of noncompliance. Findings and suggestions provided by us have already been incorporated by developers into newer versions of their libraries. © 2017 IEEE.","","Chains; Concrete mixtures; Model checking; Public key cryptography; Certificate chains; Internet of Things (IOT); Public key infrastructure; Small footprints; Software implementation; SSL/TLS protocol; Symbolic execution; X.509 certificates; Libraries"
"https://www.scopus.com/pages/publications/85082198268?origin=resultslist","Remote health monitoring systems are used to audit implantable medical devices or patients’ health in a non-clinical setting. These systems are prone to cyberattacks exploiting their critical vulnerabilities. Thus, threatening patients’ health and confidentiality. In this paper, a pacemaker automatic remote monitoring system (PARMS) is modeled using architecture analysis and design language (AADL), formally characterized, and checked using the JKind model checker tool. The generated attack graph is visualized using the Graphviz tool, and classifies security breaches through the violation of the security features of significance. The developed attack graph showed the essentiality of setting up appropriate security measures in PARMS. © 2020 by the authors. Licensee MDPI, Basel, Switzerland. This article is an open access article distributed under the terms and conditions of the Creative Commons Attribution (CC BY) license (http://creativecommons.org/licenses/by/4.0/).","Internet of things (IoT) medical devices; Pacemaker; Threat modeling; Vulnerabilities","Computer Graphics; Humans; Pacemaker, Artificial; Research Design; Cybersecurity; Model checking; Remote control; Security systems; Attack graph; Graph model; Implantable pacemaker; Internet of thing  medical device; Medical Devices; Patient health; Remote health monitoring; Remote monitoring system; Threat modeling; Vulnerability; architecture analysis and design language; Article; computer security; information processing; malware; pacemaker automatic remote monitoring system; wireless communication; artificial heart pacemaker; computer graphics; human; methodology; Internet of things"
"https://www.scopus.com/pages/publications/105026465233?origin=resultslist","As smart home devices become more widely available, their limited resources and potential exposure to various types of cyber-attacks make it difficult for the traditional security protocols to remain effective. Cloud-enabled smart home IoT platforms have helped to improve device intelligence and overall efficiency when controlling them, but the additional use of cloud computing has also created additional complexity in controlling these devices through user-defined automated rules and remote access via vendor apps. Conventional security schemes do not consider these types of control models, nor do they provide a reasonable balance of the additional computational overhead introduced, the efficiency of communications, and the level of security provided. Additionally, with the introduction of quantum computing, current public key cryptography primitives will become obsolete, necessitating the requirement for an adoption of post-quantum security measures. To overcome these issues, this paper presents a proposal for a lightweight mutual authentication and key agreement scheme that employs post-quantum cryptography primitives to facilitate a secure interaction between the user’s cloud platforms, smart home devices, and the user. The protocol also supports remote secure control, while providing the resistance to both classical and quantum attacks. The proposed protocol has been thoroughly evaluated through formal verification using the ProVerif tool and multiple heuristic evaluation techniques. Additionally, the security features of the proposed protocol have been compared to those of several existing methods, providing evidence that it offers improved security features, forward secrecy, and quantum resistance while maintaining a lightweight profile compatible with the limitations of modern smart homes. © 2025 IEEE. All rights reserved.","cloud-based IoT; key agreement protocol; mutual authentication; post-quantum cryptography; quantum-resistant protocols; Smart home security","Authentication Protocol; Automation; Cloud platforms; Computational efficiency; Heuristic methods; Network protocols; Network security; Public key cryptography; Quantum computers; Quantum cryptography; Smart homes; Cloud-based; Cloud-based IoT; Home devices; Home security; Key agreement protocol; Mutual authentication; Post quantum cryptography; Quantum-resistant protocol; Smart home security; Smart homes; Authentication"
"https://www.scopus.com/pages/publications/85121933293?origin=resultslist","Attribute-based memory updates (AbU in short) is an interaction mechanism recently introduced for adapting the Event-Condition-Action (ECA) programming paradigm to distributed systems, particularly suited for the IoT. It can be seen as a memory-based counterpart of attribute-based communication, keeping the simplicity of ECA rules. In this paper, we introduce behavioral equivalences for AbU, with the aim of formally defining security and safety requirements for AbU systems. As a consequence, the proposed requirements can help in assuring the security and safety of IoT devices, which are more and more pervasive in our daily life. Finally, we propose (syntactic) sufficient conditions to statically verify the introduced requirements. © 2021, Springer Nature Switzerland AG.","Autonomic computing; Bisimulations; ECA rules; Formal methods; Verification","Distributed computer systems; Internet of things; Network security; Attribute-based; Autonomic Computing; Behavioral equivalence; Bisimulations; Condition; Event condition action rules; Interaction mechanisms; Programming paradigms; Safety requirements; Security requirements; Formal verification"
"https://www.scopus.com/pages/publications/85078209325?origin=resultslist","Internet of Things (IoT) is being widely adopted to facilitate living environments such as cities and homes to become smart. Devices in IoT systems are capable of automatically adjusting their behaviors according to the change of environments. The capability is usually driven by the policies which are predefined inside devices. Policies can be customized by end users. Inconsistencies or conflicts among policies may cause malfunction of systems and therefore must be eliminated before deployment. In this paper, we propose a novel algebraic approach to modeling and verifying policy-driven smart devices in IoT systems on the basis of a domain-specific modeling language called PobSAM (Policy-based Self-Adaptive Model) and an efficient rewriting system called Maude. We formalize the operational semantics of PobSAM using Maude, which is an executable specification as well as a formal verification tool. The Maude formalization can be used to verify smart devices that are specified in PobSAM. We conduct a case study on a smart home setting to evaluate the effectiveness and efficiency of our approach. © 2019 IEEE.","IoT system; Maude; PobSAM; Smart home; Verification","Algebra; Automation; Formal verification; Modeling languages; Semantics; Specification languages; Verification; Domain specific modeling languages; Effectiveness and efficiencies; Executable specifications; Formal verification tools; IoT system; Maude; PobSAM; Smart homes; Internet of things"
"https://www.scopus.com/pages/publications/85075949217?origin=resultslist","Internet of Things (IoT) deployments are becoming increasingly automated and vastly more complex. Facilitated by programming abstractions such as trigger-action rules, end-users can now easily create new functionalities by interconnecting their devices and other online services. However, when multiple rules are simultaneously enabled, complex system behaviors arise that are diicult to understand or diagnose. While history tells us that such conditions are ripe for exploitation, at present the security states of trigger-action IoT deployments are largely unknown. In this work, we conduct a comprehensive analysis of the interactions between trigger-action rules in order to identify their security risks. Using IFTTT as an exemplar platform, we irst enumerate the space of inter-rule vulnerabilities that exist within trigger-action platforms. To aid users in the identiication of these dangers, we go on to present iRuler, a system that performs Satisiability Modulo Theories (SMT) solving and model checking to discover inter-rule vulnerabilities within IoT deployments. iRuler operates over an abstracted information low model that represents the attack surface of an IoT deployment, but we discover in practice that such models are diicult to obtain given the closed nature of IoT platforms. To address this, we develop methods that assist in inferring trigger-action information lows based on Natural Language Processing. We develop a novel evaluative methodology for approximating plausible real-world IoT deployments based on the installation counts of 315,393 IFTTT applets, determining that 66% of the synthetic deployments in the IFTTT ecosystem exhibit the potential for inter-rule vulnerabilities. Combined, these eforts provide the insight into the real-world dangers of IoT deployment misconigurations. © 2019 Association for Computing Machinery.","Formal Methods; Information Flow; Inter-rule Vulnerability; NLP; Trigger-Action IoT Platform","Abstracting; Computer programming; Formal methods; Model checking; Natural language processing systems; Risk assessment; Space platforms; Surface mount technology; Comprehensive analysis; Information flows; Inter-rule Vulnerability; Internet of Things (IOT); NAtural language processing; Programming abstractions; System behaviors; Trigger-Action IoT Platform; Internet of things"
"https://www.scopus.com/pages/publications/85096535275?origin=resultslist","Modern safety-critical systems become increasingly networked and interconnected. Often the communication between the system components utilises the protocols similar to the standard Internet Protocol (IP). In particular, such protocols are used for communication between smart sensors and controller. While offering advanced capabilities such as remote diagnostics and maintenance, this also make safety-critical systems susceptible to the attacks implementable against IP-based systems. In this paper, we propose an approach to specifying a generic IP-based networked control system and formalising its security properties. We use the Event-B framework to formally analyse the impact of security attacks on safety properties of the system. © 2020, Springer Nature Switzerland AG.","Event-B; Formal modelling; Refinement; Safety-critical systems; Security","Artificial intelligence; Embedded systems; Internet of things; Networked control systems; Safety engineering; Security systems; System of systems; Event-B; Remote diagnostics; Safety critical systems; Safety property; Security attacks; Security properties; System components; Internet protocols"
"https://www.scopus.com/pages/publications/84944532797?origin=resultslist","The proceedings contain 33 papers. The special focus in this conference is on Program Verification and Testing. The topics include: Reasoning about separation using abstraction and reification; an interface theory for the internet of things; learning assertions to verify linked-list programs; verifying protocol implementations by augmenting existing cryptographic libraries with specifications; specification and verification of atomic operations in GPGPU programs; history-based verification of functional behaviour of concurrent programs; investigating instrumentation techniques for ESB runtime verification; efficient testing of different loop paths; on the testability of properties patterns; speed up configurable certificate validation by certificate reduction and partitioning; formal analysis of proactive, distributed routing; certification of distributed algorithms solving problems with optimal substructure; from failure to proof; formalizing a secure foreign function interface; a formal study of backward compatible dynamic software updates; memory management test-case generation of c programs using bounded model checking; from natural language requirements to test cases based on CSP; task planning of cyber-human systems; generating none-plans in order to find plans; interactions modeling language (and interpreter) for twitter; from featured transition systems to modal transition systems with variability constraints and an extensible operational semantics for UML activity diagrams.","",""
"https://www.scopus.com/pages/publications/85046767118?origin=resultslist","The design of software for networked systems with nodes running an Internet of things operating system faces important challenges due to the heterogeneity of interacting things and the constraints stemming from the often limited amount of available resources. In this context, it is hard to build confidence that a design solution fulfills the application's requirements. This paper introduces a design flow for web service applications of the representational state transfer style that is based on a formal modeling language, the behaviour, interaction, priority (BIP) component framework. The proposed flow applies the principles of separation of concerns in a component-based design process that supports the modular design and reuse of model artifacts. The BIP tools for state-space exploration allow verifying qualitative properties for service responsiveness, ie, the timely handling of events. Moreover, essential quantitative properties are validated through statistical model checking of a stochastic BIP model. All properties are preserved in actual implementation by ensuring that the deployed code is consistent with the validated model. We illustrate the design of a representational state transfer sense-compute-control application for a Wireless Personal Area Network architecture with nodes running the Contiki operating system. The results validate qualitative and quantitative properties for the system and include the study of error behaviours. Copyright © 2018 John Wiley & Sons, Ltd.","Internet of things; model-based design; service-oriented architecture","Design; Information services; Internet of things; Model checking; Modeling languages; Network architecture; Personal communication systems; Service oriented architecture (SOA); Space research; Stochastic systems; Web services; Contiki operating systems; Formal modeling language; Model- based designs; Representational state transfer; Separation of concerns; State space exploration; Statistical model checking; Web service applications; Stochastic models"
"https://www.scopus.com/pages/publications/85092723050?origin=resultslist","Self-integrating systems dynamically seek out external systems to help meet their local and global goals. To perform the integration, the systems must alter their behavior given their current state and environment, along with their static and situational requirements. Situational requirements express functionality that the system cannot perform independently and may be needed to operate in certain states and environments. Assuming that the integrating systems provide metrics for how well they comply with their requirements, self-integration can introduce new functionality and evidence to support compliance with situational requirements. In domains such as IoT architectures, employing self-integration to build a dynamic network of IoT devices means the system may not have its full functionality as a standalone entity. New negotiation technologies are needed to promote the flexible integration of systems at the task and process levels. In this paper, we examine how runtime assurances of situational requirements can be supported by facilitating self-integration using contract theory. To illustrate the approach, we extend a trust negotiation protocol for IoT devices to create an assume-guarantee contract that includes a set of composable assessment procedures. The contract yields additional assurances for dynamic integration from a shared, historical record of adaptation assessment. We demonstrate the approach with a use case involving rescue drones and wearable (IoT) devices.  © 2020 IEEE.","contract theory; negotiation; self-integration; situational requirements","Integrated control; Integration; Internet of things; Model checking; Assessment procedure; External systems; Flexible integration; Historical records; Integrating systems; Iot architectures; Negotiation framework; Trust negotiations; Integral equations"
"https://www.scopus.com/pages/publications/85218340959?origin=resultslist","Efficient energy utilization in wireless sensor networks is paramount for the success of Internet of things (IoT) applications. Traditional energy-saving routing protocols typically compute isolated routes, which may only partially optimize energy consumption globally. Software-defined wireless sensor networking (SDWSN) is emerging as a crucial architecture for enabling IoT, leveraging software-defined network principles to facilitate routing operations. However, existing routing algorithms often need more capability to identify the most optimized paths. In this paper, we propose a reinforcement learning-based energy-aware routing (RL-EAR) algorithm to optimize the routing paths of SDWSN. Our method utilizes a reward function considering factors such as remaining energy, hop count, and congestion to optimize routes from any node to the controller node, aiming to enhance network lifetime. The SDWSN controller, acting as the agent, receives rewards based on its actions and refines routes over time through interactions with the data plane. The simulation results of the RL-EAR algorithm demonstrate its prominence over existing routing algorithms. Metrics such as network lifetime, packet delivery ratio, and the number of dead nodes over time are utilized to evaluate the effectiveness of our proposed algorithm. As a result, RL-EAR increases network lifetime by 42% compared to existing routing algorithms. © The Author(s), under exclusive licence to Springer Science+Business Media, LLC, part of Springer Nature 2025.","Network performance; Reinforcement learning; Routing; Software-defined wireless sensor network","Application programs; Model checking; Reinforcement learning; Routing algorithms; Routing protocols; Sensor nodes; Energy; Energy-aware routing; Network lifetime; Performance; Reinforcement learnings; Routings; Sensors network; Software-defined wireless sensor network; Wireless sensor; Wireless sensor networkings; Energy utilization"
"https://www.scopus.com/pages/publications/84959527211?origin=resultslist","Internet of Things (IoT) systems process and respond to multiple (external) events, while performing computations for a Sense-Compute-Control (SCC) or a Sense-Only (SO) goal. Given the limitations of the interconnected resource-constrained devices, the execution environment can be based on an appropriate operating system for the IoT. The development effort can be reduced, when applications are built on top of RESTful web services, which can be shared and reused. However, the asynchronous communication between remote nodes is prone to event scheduling delays, which cannot be predicted and taken into account while programming the application. Long delays in message processing and communication, due to packet collisions, are avoided by carefully choosing the data transmission frequencies between the system's nodes. But even when specialized simulators are available, it is still a hard challenge to guarantee the functional and non-functional requirements at the application and system levels. In this article, we introduce a model-based rigorous analysis approach using the BIP component framework. We present a BIP model for IoT applications running on the Contiki OS. At the application level, we verify qualitative properties for service responsiveness requirements, whereas at the system level we can validate qualitative and quantitative properties using statistical model checking. We present results for an application scenario running on a distributed system infrastructure. © 2015 IEEE.","Connectors; Delays; Model checking; Ports (Computers); Process control; Programming; Servers","Computer programming; Connectors (structural); Embedded systems; Mathematical programming; Model checking; Process control; Servers; Web services; Asynchronous communication; Delays; Execution environments; Internet of Things (IOT); Non-functional requirements; Ports (Computers); Resourceconstrained devices; Statistical model checking; Internet of things"
"https://www.scopus.com/pages/publications/84992378377?origin=resultslist","Nowadays, novel architectures like Cloud and Internet of Things (IoT) make available several resources like computing nodes, environmental sensors etc. that enable the introduction of more and more intelligent systems able to face complex situations. In particular management of critical and dangerous situations may take advantage of those systems whose complexity is growing up faster and faster. In this scenario, it is difficult to orchestrate different autonomous systems in order to face with new, previously unmanaged emergencies. In this work we present a modeling methodology and a planning techniques based on a multi-agent model. Agents describe capabilities of each available IoT element in an area where a critical situation has occurred; the planning methodology exploit both classical and a new counter-example based approaches to build a coordination plan of resources in order to achieve given goals like traffic management or people flight during a terrorist attack..","Autonomous Planning System; Formal Model; High Performance Systems","Complex networks; Distributed computer systems; Health care; Intelligent systems; Internet of things; Multi agent systems; Autonomous planning; Dangerous situations; Environmental sensor; Formal model; High performance systems; Internet of Things (IOT); Modeling methodology; Planning methodology; Data communication systems"
"https://www.scopus.com/pages/publications/85051389677?origin=resultslist","The pace of proliferation for smart systems in city wide applications is unmatched. The introduction of Internet of Things (IoT), an enabler of smart city phenomenon, has incubated a productive environment for such innovations. Smart things equipped with IoT capabilities, allow for developing smart city applications at such large scale that each application can be represented as a system of systems (SoS). Nevertheless, the complexity of engineering such SoS has been a major challenge in developing and maintaining smart city applications. One of the engineering challenges that industry face today is the verification of a SoS smart city application at runtime. We introduce utilization of a model-based runtime monitoring approach for providing reliable service. We propose to use message sequence charts for representing a smart city application, later allow the practitioners to express expected behavior of an application in terms of complex-event processing patterns. We demonstrate the fidelity of our approach on a sample smart parking system. Our approach is one of its kind in enabling a non-intrusive monitoring of IoT behavior at runtime (online). © 2018 The Authors. Published by Elsevier Ltd.","complex-event processing; component-based iot; intelligent transportation; internet of things; model-based testing; runtime monitoring; smart city","Complex networks; Model checking; Smart city; System of systems; Systems engineering; Ubiquitous computing; Complex event processing; Component based; Intelligent transportation; Model based testing; Runtime Monitoring; Internet of things"
"https://www.scopus.com/pages/publications/85061503980?origin=resultslist","With the rapid growth of the Internet of Things (IoT) and smart objects, security becomes an important factor when deploying an IoT system. Factors e.g. the scale of such systems, the diverse range of devices and communication mediums employed, the dynamic and temporary nature of interactions, and the dynamic characteristics of services and applications in the IoT, mean that it is difficult to ensure that only the authenticated and authorized entities can access the appropriate resources. It is difficult to predict, in advance, which entities will interact and require access to services and to precisely identify the exact services to which they will seek access. This raises important questions concerning the nature of identity and identity management for the IoT. There exist many approaches to digital identity and digital identity management, however examination of these questions in the context of the IoT is still in its infancy. Fundamentally, the formal model of IoT identity covering all its aspects is still lacking. In this paper, we provide a survey on identity for the IoT. We outline the foundations for building a formal model of IoT identity based on attributes. We also use the model to demonstrate its feasibility using different use-case scenarios. Our study shows that it is feasible to incorporate such an identity model to achieve both fine-grained and flexible system design in large-scale IoT systems. © 2018 IEEE.","","Authentication; Electronic document identification systems; Surveys; Communication media; Digital identity; Digital identity management; Diverse range; Dynamics characteristic; Formal modeling; Identity management; Rapid growth; Services and applications; Smart objects; Internet of things"
"https://www.scopus.com/pages/publications/85034014140?origin=resultslist","Multi-Agent Systems are a promising technology to cope with the requirements of digitalization, e.g., in CPS, IoT and Industry 4.0. Although intensive research has been carried out on software agents during the last two decades, they have not found broad acceptance in industry yet. One reason are the demands of industrial technical applications regarding safety, real-time response and reliability. Within this contribution, an overview of those test and verification methods is given which have been especially developed for Multi Agent Systems, and their merits and limitations are pointed out. Thus, assistance should be provided regarding the suitability of these test and verification methods for particular needs of developers. This should foster the wider acceptance of Multi Agent Systems in industrial practice and point out directions for further research. © 2017 Walter de Gruyter Berlin/Boston.","model based testing; model checking; Multi-agent systems; verification",""
"https://www.scopus.com/pages/publications/85166154179?origin=resultslist","IoT in the e-Healthcare domain has recently seen much interest. The IoT applications in this domain involve extensive interactions between many components within open environments, making verifying these applications a significant challenge. This paper introduces a new framework for modelling and verifying IoT applications in the healthcare domain using a practical system verification technique called multi-valued model checking. We focus on applications that involve interactions based on trust protocols under inconsistency. Specifically, we introduce a new logic of trust called (4v-TCTL) to reason about the inconsistency between designers over IoT systems. We use a Smart Glucose Monitoring System as a case study. We model our system and assign six trust properties to be checked against this system. We introduce a new reduction algorithm for reducing our four-valued model checking problem to the two-valued version to reuse an existing model checker called MCMASt. We verified our system using our approach and reported the experimental results.  © 2023 IEEE.","inconsistency; IoT; Multi-valued model checking; sensors","Glucose; Health care; Model checking; E-healthcare; Glucose monitoring system; Healthcare domains; Inconsistency; IoT; Multi-valued model checking; Open environment; Practical systems; System verifications; Verification techniques; Internet of things"
"https://www.scopus.com/pages/publications/85047260370?origin=resultslist","Most connected objects feature very limited capabilities that present challenges in terms of data processing and connectivity. In addition, heterogeneity of smart Internet-of-Things devices also causes interoperability problems. These limitations lead to strong hardware and software constraints that must be considered as early as possible during the design process. In this paper, we introduce a smart object component-based model to build complex smart objects by composition mechanisms in a similar way to Web service compositions. The smart object model extends artifact types and describes its structure and behavior in terms of attribute value pair, state-based lifecycle and services. Moreover, we propose a formal specification based on the intuitive multiplicative segment of intuitionistic linear logic not only to express consumable resources but also to automate composition from logical proofs. © 2017 Association for Computing Machinery.","Connected objects composition; Formal verification; Linear logic","Computer circuits; Data handling; Ecosystems; Formal verification; Interoperability; Linear algebra; Web services; Attribute-value pairs; Component-based modeling; Composition mechanisms; Connected objects; Hardware and software; Intuitionistic linear logic; Linear logic; Web service composition; Internet of things"
"https://www.scopus.com/pages/publications/85080888545?origin=resultslist","Nature-inspired paradigms have been proposed to design and forecast behaviour of open distributed systems, such as sensor networks and the internet of things. In these paradigms system behaviour emerges from (complex) interactions among a large number of agents. Modelling these interactions in terms of classical point-to-point communication is often not practical. This is due to the large scale and the open nature of the systems, which means that partners for point-to-point communication may not be available at any given time. Nevertheless the need for efficient formal verification of qualitative and quantitative properties of these systems is of utmost importance, especially given their proposed pervasive and transparent nature. CARMA is a recently proposed formal modelling language for open distributed systems, which is equipped with a broadcast communication in order to meet the communication challenges of such systems. The inclusion of quantitative information about the timing and probability of actions gives rise to models suitable for analysing questions such as the probability that information will achieve total coverage within a system, or the expected market share that might be gained by competing service providers relying on viral advertising. The ability to express models is not the only challenge, because the scale of the systems we are interested in often defies discrete state-based analysis techniques such as stochastic simulation. This is the problem that we address in this paper as we consider how to provide an efficient fluid approximation, supporting efficient and accurate quantitative analysis of large scale systems, for a language that incorporates broadcast communication. © 2020 Elsevier B.V.","Broadcast communication; Fluid approximation; Natural inspired paradigms; Open distributed systems; Population models; Stochastic process algebra","Biomimetics; Competition; Distributed computer systems; Large scale systems; Modeling languages; Random processes; Sensor networks; Stochastic systems; Broadcast communication; Fluid approximation; Natural inspired paradigms; Open distributed systems; Population model; Stochastic process algebras; Stochastic models"
"https://www.scopus.com/pages/publications/85091556107?origin=resultslist","The proceedings contain 17 papers. The special focus in this conference is on Software Engineering and Formal Methods. The topics include: Hoare-Style Logic for Unstructured Programs; synthesis of P-Stable Abstractions; runtime Verification of Contracts with Themulus; sound C Code Decompilation for a Subset of x86-64 Binaries; Statically Checking REST API Consumers; A Layered Implementation of DR-BIP Supporting Run-Time Monitoring and Analysis; formal Verification of Human-Robot Interaction in Healthcare Scenarios; finding and Fixing a Mismatch Between the Go Memory Model and Data-Race Detector: A Story on Applied Formal Methods; Formal Verification of COLREG-Based Navigation of Maritime Autonomous Systems; End-to-End Verification of Initial and Transition Properties of GR(1) Designs in SPARK; Affine Systems of ODEs in Isabelle/HOL for Hybrid-Program Verification; interoperability and Integration Testing Methods for IoT Systems: A Systematic Mapping Study; FRed: Conditional Model Checking via Reducers and Folders; difference Verification with Conditions; A Formal Modeling Approach for Portable Low-Level OS Functionality.","",""
"https://www.scopus.com/pages/publications/85138246738?origin=resultslist","Coronavirus biologically named COVID-19 is a disease that is circulating throughout the world due to its viral nature. The interaction of people is a source of spreading of coronavirus. Millions of people have been affected by this virus, and most of them have lost their lives. At present, this viral disease has grown into a worldwide pandemic which is a troubling spot for the whole world. Few technologies are supporting to manage and solve the COVID-19 crisis. In this paper, unified modeling language (UML) will be used to describe requirements and behavior of the proposed system. Unmanned aerial vehicle (UAV) drones are flying mechanical devices without any human pilot that is efficient to reduce the spreading rate of COVID-19. In the proposed IoT-based model, a cluster-based drones' network will be used to monitor and perform required actions to tackle the violations of standard operating procedures (SOPs). The drones will gather all data through embedded cameras and sensors and will communicate with the control room to operate the actions as required. In this model, a well-maintained and collision-free network of drones will be designed using graph theory. Drones' network will observe the violation of SOPs in the targeted area and make decisions such as produce alarm sound to alert persons and through communications by sending people warning messages on their smartphones. Further, the persons having COVID symptoms such as high temperature and unbalance respiratory rates will be identified using wearable sensors that are deployed to the targeted area and will send information to the control room to perform required actions. Drones will be able to provide medical kits to the patients' residences that are identified using wearable sensors to reduce interaction of people. The model will be specified using Vienna Development Method-Specification language (VDM-SL) and validated through the VDM-SL toolbox.  © 2022 Moeeza Iqbal et al.","","Antennas; COVID-19; Graph theory; Heart; Internet of things; Viruses; Wearable sensors; Aerial vehicle; Coronaviruses; Formal modeling; Human pilots; Mechanical device; Methods specification; Spreading rate; Standard operating procedures; Vienna development methods; Viral disease; Drones"
"https://www.scopus.com/pages/publications/85107909703?origin=resultslist","Internet of Things (IoT) apps provide great convenience but exposes us to new safety threats. Unlike traditional software systems, threats may emerge from the joint behavior of multiple apps. While prior studies use handcrafted safety and security policies to detect these threats, these policies may not anticipate all usages of the devices and apps in a smart home, causing false alarms. In this study, we propose to use the technique of mining sandboxes for securing an IoT environment. After a set of behaviors are analyzed from a bundle of apps and devices, a sandbox is deployed, which enforces that previously unseen behaviors are disallowed. Hence, the execution of malicious behavior, introduced from software updates or obscured through methods to hinder program analysis, is blocked.While sandbox mining techniques have been proposed for Android apps, we show and discuss why they are insufficient for detecting malicious behavior in a more complex IoT system. We prototype IoTBox to address these limitations. IoTBox explores behavior through a formal model of a smart home. In our empirical evaluation to detect malicious code changes, we find that IoTBox achieves substantially higher precision and recall compared to existing techniques for mining sandboxes. © 2021 IEEE.","interaction threats; internet of things; mining sandboxes","Ambient intelligence; Automation; Software testing; Verification; Detecting malicious behaviors; Empirical evaluations; Internet of Things (IOT); Malicious behavior; Mining techniques; Precision and recall; Safety and securities; Software updates; Internet of things"
"https://www.scopus.com/pages/publications/85151195537?origin=resultslist","The exponential growth in the number of smart devices connected to the Internet of Things (IoT) that are associated with various IoT-based smart applications and services, raises interoperability challenges. Service-oriented architecture for IoT (SOA-IoT) solutions has been introduced to deal with these interoperability challenges by integrating web services into sensor networks via IoT-optimized gateways to fill the gap between devices, networks, and access terminals. The main aim of service composition is to transform user requirements into a composite service execution. Different methods have been used to perform service composition, which has been classified as trust-based and non-trust-based. The existing studies in this field have reported that trust-based approaches outperform non-trust-based ones. Trust-based service composition approaches use the trust and reputation system as a brain to select appropriate service providers (SPs) for the service composition plan. The trust and reputation system computes each candidate SP’s trust value and selects the SP with the highest trust value for the service composition plan. The trust system computes the trust value from the self-observation of the service requestor (SR) and other service consumers’ (SCs) recommendations. Several experimental solutions have been proposed to deal with trust-based service composition in the IoT; however, a formal method for trust-based service composition in the IoT is lacking. In this study, we used the formal method for representing the components of trust-based service management in the IoT, by using higher-order logic (HOL) and verifying the different behaviors in the trust system and the trust value computation processes. Our findings showed that the presence of malicious nodes performing trust attacks leads to biased trust value computation, which results in inappropriate SP selection during the service composition. The formal analysis has given us a clear insight and complete understanding, which will assist in the development of a robust trust system. © 2023 by the authors.","IoT; service; service composition","Formal logic; Formal methods; Information services; Interoperability; Quality of service; Sensor networks; Service oriented architecture (SOA); Web services; Exponential growth; Formal analysis; Service; Service provider; Services composition; Smart devices; Trust and reputation; Trust and reputation systems; Trust systems; Trust values; article; brain; consumer; human; internet of things; logic; self evaluation; trust; Internet of things"
"https://www.scopus.com/pages/publications/105011287401?origin=resultslist","In this fast-growing world of IoT applications, it is all the more mandatory to have appropriate conformance testing to assert reliability and compliance. To that end, this project presents a new approach to automated and large-scale online conformance testing targeting IoT systems. The approach of testing and automation to be utilised in the proposed approach means that IoT applications can be tested in real time against established specifications. The framework employs both model-based testing and automated test execution to synthesize the test cases at runtime, which mitigates the issues that stem from the heterogeneity and evolvability of IoT contexts. Furthermore, the proposed solution can scale up and cover large-scale IoT implementations, making it a suitable solution to make decisions and focus on further IoT application deployment without human interference.In turn, such empirical evaluations establish the effectiveness of the framework presenting the feature of identifying deviations from expected behaviour and offering recommendations for developers in order to improve the quality and security of IoT applications. Lastly, this study seeks to assist in the development of effective testing procedures for IoT devices to allow for organized and effective embracing of the changing integral gadgets technologies, hence enhance comprehensive trust in the integration of these devices in different fields.  © 2024 IEEE.","Automated Testing Framework; IoT Conformance Testing; Model-Based Testing; Real-Time Monitoring; Scalability in IoT Applications","Automation; Model checking; Automated testing; Automated testing framework; Conformance testing; IoT conformance testing; Large-scales; Model based testing; New approaches; Real time monitoring; Scalability in IoT application; Testing framework; Integration testing"
"https://www.scopus.com/pages/publications/105040782334?origin=resultslist","Dependability assessment plays a central role in the design and operation of critical computing, telecommunication, and industrial systems. Reliability Block Diagrams (RBDs) are widely adopted for modeling system reliability and availability; however, existing tools often have steep learning curves, limited interoperability, or require offline execution. To address these challenges, this paper introduces DT-Blocks, an interactive, webbased framework that streamlines dependability assessment without requiring complex local setups. DT-Blocks offers an intuitive graphical interface for model construction and features an automated parser for structural functions, ensuring compatibility with legacy tools such as Mercury. A distinguishing feature of the proposed framework is its dual-mode evaluation pipeline: beyond standard numerical metric calculations, it uniquely generates symbolic equations in ETEX format to support formal documentation and verification. Furthermore, the tool integrates a comprehensive sensitivity analysis module that empowers users to visualize the impact of parameter variations, such as Mean Time To Failure (MTTF), on global system availability or reliability. The tool's practical utility is demonstrated through a case study of a smart agriculture monitoring system, which integrates IoT sensors, fog computing nodes, and redundant communication paths. Results illustrate DT-Blocks' capability to model complex architectures involving series, parallel, and k-out-of- n configurations. The analysis effectively identified the fog processing stack as the main bottleneck for availability, showcasing the tool's ability to identify and design enhancements.  © 2026 IEEE.","Availability; Dependability; RBD; Reliability; Reliability Block Diagram; Sensitivity Analysis","Agriculture; Fog computing; Formal verification; Interoperability; Model checking; Reliability analysis; Safety engineering; Time series analysis; Computing system; Dependability; Dependability assessments; Design and operations; Reliability block diagrams; Sensitivity analyzes; System availability; System reliability; Web-based framework; Sensitivity analysis"
"https://www.scopus.com/pages/publications/85168545661?origin=resultslist","The gap between the design and implementation of software for IoT security and forensics are often ambiguous and loose. Formal languages in the class of process algebra based on mathematical rules, logic and symbols, as a mean of expressing system specifications, proved to be valuable to systems' design and verifications. There are several semi-formal and formal languages as such JSON, XML, predicate logic, and regular expressions and formal model of computations such as Turing machines etc. Each dedicated to specific areas. This paper introduces a new formal language, called ATFL (A Transaction Formal Language), developed initially for IoT forensics and authentications. The specifications of two cases, an IoT device login and an SDN wireless controller, are presented and verified, to expose the propensity and the generalization of the proposed formal language.  © 2023 IEEE.","activities; actors; agents; compartments; interactions; receptor; requestor; tasks; transactions","Formal languages; Internet of things; Specifications; Turing machines; Activity; Actor; Compartment; Design and implementations; Interaction; Process algebras; Receptor; Requestor; Task; Transaction; Computer circuits"
"https://www.scopus.com/pages/publications/85055766653?origin=resultslist","The Internet of Things (IoT) is a concept where connected entities can work and interact with each other in order to facilitate daily life. Although, many research efforts in the IoT realm have been to date devoted to device, networking and application service perspectives, formalization and analysis of IoT systems are still in their infancy. This paper introduces a new BRS-based approach aiming to support specification and verification of interaction and interoperability aspects in IoT systems. The proposed approach is based on a bigraphical-agent model that investigates the spatial structure of the IoT system and its logical structure defining the behaviour and interactions of its different entities. The Tree Query Logic (TQL) is used to formally express and verify some properties inherent to IoT systems. © Springer Nature Switzerland AG 2018.","BRS; Formal specification; Interaction model; IoT; TQL","Bromine; Formal specification; Interoperability; Application services; Interaction model; Internet of thing (IOT); IOT applications; Logical structure; Research efforts; Spatial structure; Specification and verification; Internet of things"
"https://www.scopus.com/pages/publications/105033612730?origin=resultslist","In IoT environments-particularly within smart home systems-Trigger-Action Programming (TAP) serves as the primary mechanism for specifying automation rules. While TAP enables flexible and user-friendly automation, unintended interactions among TAP rules that violate security or privacy policies can lead to serious security consequences. A common assumption in prior research is that automation rules are readily available for analysis-that is, the TAP logic can be directly accessed. However, many real-world IoT platforms, such as Xiaomi and HomeKit, do not expose their internal automation rule sets. Moreover, existing logic extraction techniques primarily focus on the relationships between individual events, failing to capture the complex semantics of multi-condition TAP rules the growing heterogeneity of smart home systems complicates the challenge of ensuring consistency between automation logic execution and system security objectives across such diverse 'black-box' systems. In this paper, we present TAPPecker, an approach that leverages self-adaptation and evolutionary strategies to automatically infer TAP rules from system events in heterogeneous smart home environments. We analyze the inferred rules to detect potential security violations, with a specific focus on temporal aspects. We prototype TAPPecker and develop a hybrid testbed capable of generating realistic smart-home event logs, enabling comprehensive, multi-scenario testing. Our experimental results demonstrate that TAPPecker improves inference accuracy by 40.85 % over existing approaches, while generating more expressive TAP logic and uncovering previously undetected security violations. Notably, our system revealed two time-related policy violations within official TAP rule sets that had not been previously reported. © 2025 IEEE.","Logic Inference; Model Checking; Smart Home; Trigger-Action Programming","Automation; Computer circuits; Evolutionary algorithms; Intelligent buildings; Semantics; Smart homes; Inference detections; Logic inferences; Models checking; Programming logic; Rule set; Security violations; Smart homes; Smart-home system; Trigger-action programming; Violation detections; Model checking"
"https://www.scopus.com/pages/publications/105018352351?origin=resultslist","Smart locks are increasingly deployed as critical consumer electronics in smart city environments, offering keyless access and remote management through Bluetooth Low Energy (BLE). Their widespread use across diverse spatial and temporal contexts introduces unique security challenges that remain underexplored. In this work, we conduct a comprehensive analysis of prior CVEs, academic studies, and technical reports to summarize seven established attack vectors. Additionally, we uncover three novel threats—Compromise of Shareable Access Credentials, SDK Exploitation, and Time-Reset Replay, exposing critical but previously overlooked flaws. Our comprehensive evaluation of 18 commercial BLE smart locks reveals that 14 devices remain vulnerable to attacks, affecting over 20 million users. These attacks enable unauthorized access, service denial, and bypass logging—even on devices claiming advanced security. To mitigate such risks, we propose DGCSafe, a lightweight, OTA-updatable architecture tailored for constrained IoT devices. DGCSafe incorporates context-aware defenses and supports temporal state validation. Formal verification and real-world testing confirm its effectiveness. Our work provides actionable insights into securing smart lock deployments and demonstrates the importance of intelligent analytics for safeguarding consumer electronics in smart city infrastructures. © 1975-2011 IEEE.","bluetooth low energy (BLE); consumer electronics; context-aware systems; IoT security; OTA updates; smart cities; Smart locks; vulnerability analysis","Denial-of-service attack; Formal verification; Human computer interaction; Internet of things; Locks (fasteners); Network security; Access management; Bluetooth low energy; Context-aware systems; IoT security; Lower energies; OTA update; Remote management; Security flaws; Smart lock; Vulnerability analysis; Smart city"
"https://www.scopus.com/pages/publications/85089548964?origin=resultslist","Mobile technology and the Internet of Things promise to deepen the interaction between people, services, and physical devices. Digital solutions for these prospective computing systems are not only radically changing the user experience but also the software engineering process. Without a doubt, software complexity enormously increases, and prospective systems become challenging to develop, maintain, and verify. The user's reliance on safety-critical software systems is a serious element in any software engineering process where the absence of bugs must be ensured, and malfunction ruled out. Software that is not safe, i.e., the software's behavior does not comply with a specification, could cause loss of profits or, in the worst-case, harm people. Software safety is an ongoing but mostly academic research field incorporating formal methods to prove the correctness of a program using mathematical methods. In this spirit, we examine the promising context-aware computing and model-driven development paradigms that have directed the development of fog computing and IoT platforms alike. Furthermore, we aggregate viable requirements for computational context models to be employed both for computation and also reasoning about the correctness of applications. Copyright © 2020 by SCITEPRESS - Science and Technology Publications, Lda. All rights reserved.","Context-adaptive Software; Formal Models; Future Informatic Systems; Software Verification","Computer software selection and evaluation; Formal methods; Internet of things; Program debugging; Verification; Adaptive software; Context-adaptive software; Formal modeling; Future informatic system; Informatics systems; Mobile Technology; Position papers; Prospectives; Software engineering process; Software verification; Safety engineering"
"https://www.scopus.com/pages/publications/84980410157?origin=resultslist","This paper addresses web services for Internet of Things (IoT) applications. The research focus is on IoT applications for mobile monitoring and third party’s database access. Both web services design aspects and deployment issues are studied. By synthesis of functional abstraction for configuration management and performance monitoring, an approach to design RESTful web services for mobile monitoring is suggested. In addition to traditional operations supported by Database Management Systems, web services’ operations for subscription management and notifications about occurrences of specific data-related events, as well as operations for trust and security management are proposed in the context of third party’s database access. Web services deployment issues concern the access control aimed to prevent from overloading. A formal method for a model-based load evaluation of SOA (Service Oriented Architecture) application server is suggested. The method takes into account the distributed server architecture and the processing of heterogeneous traffic. The SOA application server’s utilization is evaluated by simulation. © Springer Science+Business Media New York 2014.","Application programming interfaces; Application server utilization evaluation; Database abstraction; Device management; Machine-to-Machine communications; Mobile monitoring","Abstracting; Access control; Application programming interfaces (API); Automation; Database systems; Formal methods; Information management; Information services; Internet; Internet of things; Service oriented architecture (SOA); Websites; Application Servers; Database abstraction; Device management; Machine-to-machine communications; Mobile monitoring; Web services"
"https://www.scopus.com/pages/publications/80052661535?origin=resultslist","The modeling and verifying of Internet of Things (IOT) services is now an important aspect of IOT software design. First, we introduce the concept of environment entities that are used to describe both the attributes and behaviors of things in the physical world. Then the behaviors of an IOT service are specified by its interaction with the corresponding environment entities, these interactions lead to the expected changes on the entities, and show the effectiveness of the IOT services. Based on timed automata, an IOT services modeling approach is proposed, in which different kinds of environment entities and IOT services are all modeled as individual timed automata. All these timed automata come into a network that represents the communication and concurrency of the whole IOT system, in which, the running of the IOT services will be represented as some computation path in the network. Based on the proposed approach, we present the properties with which the IOT services should be satisfied. By using the model-checking tool UPPAAL and the environment entities, we also present a verification approach for the correctness of IOT services models.","Environment entity; Internet of Things services; Model checking; Service modeling; Timed automata","Internet; Model checking; Software design; Telecommunication networks; Environment entity; Internet of things; Internet of Things services; Model checking tools; Modeling approach; Physical world; Service modeling; Timed Automata; Web services"
"https://www.scopus.com/pages/publications/85184856827?origin=resultslist","Coronavirus sickness is an infectious disease caused by a recently discovered coronavirus. The epidemic scenario spread quickly over the world as a result of COVID-19. Drones are extremely helpful in combating the COVID-19 outbreak. Drone-based technologies are being studied in COVID-19 pandemic scenarios for managing pandemic crises in various scenarios using real-time and simulation-based scenarios. There is a lot of work out there now, but it's primarily about analytical techniques and simulation approaches, which don't guarantee that a system is correct and trustworthy. Many breakthroughs in the implementation of novel technology, on the other hand, are still predicted. As a result, the proposed research will be used the Internet of Things (IoT), Blockchain, Unified Modeling Language (UML), and Formal methods to offer a framework for identifying the COVID-19 patient drone-based system. Experts say that the ability of blockchain to validate constantly changing data is one of the main benefits of using blockchain-enabled apps. This capacity could be very helpful in addressing the rapidly evolving COVID-19 issue. VDM-SL has been utilized for formal specification, formal analysis, and formal model verification and validation. © 2023 IEEE.","Blockchain; COVID-19; Formal Methods; Internet of Things","Blockchain; Drones; Formal methods; Internet of things; Quality control; Unified Modeling Language; Analysis models; Block-chain; Coronaviruses; Formal analysis; Formal modeling; Infectious disease; Model verification; Quality modeling; Real- time; Simulation approach; COVID-19"
"https://www.scopus.com/pages/publications/85208223627?origin=resultslist","The Internet of Vehicles (IoV), a subset of the Internet of Things (IoT) within the transportation sector, enhances driving safety and comfort by utilizing intelligent transportation systems to facilitate communication among vehicles and other entities. In this context, communication extends beyond vehicles and roadside units (RSUs), supporting interactions between vehicles, mobile devices, sensors, and infrastructure. Ensuring the security of vehicular communications is essential in the IoV paradigm. Recently, Limbasiya et al. proposed secure and efficient communication protocols for IoV, claiming their protocols are resilient against various known attacks. However, our paper identifies significant vulnerabilities in Limbasiya et al.'s protocols, including susceptibility to identity guessing, impersonation, password guessing, and man-in-the-middle attacks. Furthermore, these protocols lack confidentiality, unlinkability, and the ability for the IoV server to trace malicious vehicle users when necessary. To address these drawbacks, we introduce improved protocols for secure communications within the IoV framework. Afterwards, we assess the security of our proposals through both informal and formal analyses, employing the RoR model, BAN logic, the ProVerif, Scyther, and Tamarin tools. © 2013 IEEE.","Authentication; cryptanalysis; IOV; message communication; privacy; security","Secure communication; Communications protocols; Cryptanalyze; Driving safety; Efficient message communication; Energy efficient; Internet of vehicle; Message communication; Privacy; Security; Transportation sector; Authentication"
"https://www.scopus.com/pages/publications/85121637468?origin=resultslist","Existing symbolic execution typically assumes the analyzer can control the I/O environment and/or access the library code, which, however, is not the case when programs run on a remote proprietary execution environment managed by another party. For example, SmartThings, one of the most popular IoT platforms, is such a cloud-based execution environment. For programmers who write automation applications to be deployed on IoT cloud platforms, it raises significant challenges when they want to systematically test their code and find bugs. We propose fuzzing-assisted remote dynamic symbolic execution, which uses dynamic symbolic execution as backbone and utilizes fuzzing when necessary to automatically test programs running in a remote proprietary execution environment over which the analyzer has little control. As a case study, we enable it for analyzing smart apps running on SmartThings. We have developed a prototype and the evaluation shows that it is effective in testing smart apps and finding bugs. © 2021 Association for Computing Machinery.","","Codes (symbols); Model checking; Program debugging; Software testing; Automatically test; Automation applications; Cloud platforms; Cloud-based; Dynamic symbolic executions; Execution environments; Library codes; Running-in; Symbolic execution; Test projects; Internet of things"
"https://www.scopus.com/pages/publications/85191149071?origin=resultslist","The Internet of Things (IoT) is rapidly advancing and reshaping the whole world. Coordination models and languages, like Reo and Orc, provide connectors that interconnect components in IoT applications and organize their interactions in distributed environments. In this paper, we propose a method for formally modeling and verifying the properties of timed connectors using Z3, an SMT (Satisfiability Modulo Theories) solver. We use Z3 Python-bindings to construct the models and carry out experiments. The formal model in Z3 clearly reflects the original structure of connectors. With the definition in Z3, we can automatically verify time-related properties of connectors, and automatically construct counter-examples when the properties do not hold. © 2023 IEEE.","Coordination language; Reo; SMT; timed connector","Modeling languages; Python; Coordination language; Coordination models and languages; Distributed environments; Formal modeling and verification; Interconnect components; Property; Reo; Satisfiability modulo Theories; Theory solvers; Timed connector; Internet of things"
"https://www.scopus.com/pages/publications/85176144877?origin=resultslist","The proceedings contain 422 papers. The topics discussed include: PhyAuth: physical-layer message authentication for ZigBee networks; time for change: how clocks break UWB secure ranging; capstone: a capability-based foundation for trustless secure memory access; examining consumer reviews to understand security and privacy issues in the market of smart home devices; detecting and handling IoT interaction threats in multi-platform multi-control-channel smart homes; lessons lost: incident response in the age of cyber insurance and breach attorneys; a bug’s life: analyzing the lifecycle and mitigation process of content security policy bugs; PatchVerif: discovering faulty patches in robotic vehicles; systematic assessment of fuzzers using mutation analysis; HomeSpy: the invisible sniffer of infrared remote control of smart TVs; PCAT: functionality and data stealing from split learning by pseudo-client attack; a plot is worth a thousand words: model information stealing attacks via scientific plots; detecting multi-step IAM attacks in AWS environments via model checking; and Cipherfix: mitigating ciphertext side-channel attacks in software.","",""
"https://www.scopus.com/pages/publications/85108640936?origin=resultslist","In the modern world, IoT plays a vital role. In general, each device works on a different protocol. The problem of achieving communication between two processes across a network or an internetwork is considered. The notion of logical connectivity between processes in a protocol is formalized. The problem of constructing a protocol converter to achieve interoperability between processes that implement different protocols is addressed. A formal model is presented, based on the theory of protocol projection, for reasoning about the semantics of different protocols and conversions between them. This paper 'Multiple Protocol Converter' aims in converting from one protocol to any other protocol as per the requirement which supports different devices to interconnect with IoT seamlessly.  © Published under licence by IOP Publishing Ltd.","","Semantics; Different protocols; Formal model; Protocol converters; Internet of things"
"https://www.scopus.com/pages/publications/105004722886?origin=resultslist","The Industrial Internet of Things (IIoT) has emerged as an advancement and application of the Internet of things (IoT) to enhance manufacturing and industrial processes. IIoT devices are designed for use in industrial environments. The vast majority of IIoT devices are sensors that monitor various manufacturing processes. Monitoring applications receive data from numerous types of sensors, ensuring that vital functions run smoothly. However, due to the wide range of devices and providers, incorporating and actively engaging collaborative users and services from multiple IoT networks in different security settings, as well as the difficulty of adding security to resource-constrained devices, securing IoT devices and the networks they connect to can be challenging. To alleviate these security challenges, the formation of specific trust relationships between these IoT service instances and users necessitates the implementation of a new authentication mechanism that sends a shared secret to all session participants. In this paper, a new multi-party authentication testbed architecture is designed and implemented to dynamically secure communications between participants if members of various security groups choose to use their services while keeping security credentials as secure as possible through resource access. The robustness of the designed protocol is validated using the NuSMV model checkers software tool. This validation process verifies the accuracy of the protocol, ensuring that it meets all requirements. Consequently, this meticulous analysis reduces errors and enhances the protocol’s dependability, security, and credibility. Utilising linear-temporal logic verification, the correctness of the presented framework is explicitly analysed and established. This ensures a rigorous evaluation and provides a comprehensive assessment of the performance and behaviour of the proposed protocol’s features. © 2024 IEEE.","analytics; cloud computing; IIoT; Internet of Things; Multiparty interactions; security","Application programs; Authentication; Cleaning; Model checking; Analytic; Cloud-computing; Collaborative users; Industrial environments; Industrial internet of thing; Industrial processs; Manufacturing process; Monitoring applications; Multiparty interaction; Security; Testbeds"
"https://www.scopus.com/pages/publications/85065919829?origin=resultslist","The Internet of Things (IoT) is a remarkable data producer and these data may be used to prevent or detect security vulnerabilities and increase productivity by the adoption of statistical and Artificial Intelligence (AI) techniques. However, these desirable benefits are gained if data from IoT networks are dependable-this is where blockchain comes into play. In fact, through blockchain, critical IoT data may be trusted, i.e., considered valid for any subsequent processing. A simple formal model named ""the Mirror Model"" is proposed to connect IoT data organized in traditional models to assets of trust in a blockchain. The Mirror Model sets some formal conditions to produce trusted data that remain trusted over time. A possible practical implementation of an application programming interface (API) is proposed, which keeps the data and the trust model in synch. Finally, it is noted that the Mirror Model enforces a top-down approach from reality to implementation instead of going the opposite way as it is now the practice when referring to blockchain and the IoT. © 2019 by the authors.","API gateway; Blockchain; IoT; IoT data dependability; IoT security; Mirror Model; Representation and trust models","Application programming interfaces (API); Blockchain; Mirrors; Security of data; Internet of thing (IOT); IoT data dependability; IoT security; Mirror model; Security vulnerabilities; Top down approaches; Traditional models; Trust models; Internet of things"
"https://www.scopus.com/pages/publications/105021401475?origin=resultslist","The Internet of Medical Things (IoMT) comprises the application of traditional Internet of Things (IoT) technologies in the healthcare domain. IoMT ensures seamless data-sharing among hospitals, patients, and healthcare service providers, thereby transforming the medical environment. The adoption of IoMT technology has made it possible to provide various medical services such as chronic disease care, emergency response, and preventive treatment. However, the sensitivity of medical data and the resource limitations of IoMT devices present persistent challenges in designing authentication protocols. Our study reviews the overall architecture of the IoMT and recent studies on IoMT protocols in terms of security requirements and computational costs. In addition, this study evaluates security using formal verification tools with Scyther and SVO Logic. The security requirements include authentication, mutual authentication, confidentiality, integrity, untraceability, privacy preservation, anonymity, multi-factor authentication, session key security, forward and backward secrecy, and lightweight operation. The analysis shows that protocols satisfying a multiple security requirements tend to have higher computational costs, whereas protocols with lower computational costs often provide weaker security. This demonstrates the trade-off relationship between robust security and lightweight operation. These indicators assist in selecting protocols by balancing the allocated resources and required security for each scenario. Based on the comparative analysis and a security evaluation of the IoMT, this paper provides security guidelines for future research. Moreover, it summarizes the minimum security requirements and offers insights that practitioners can utilize in real-world settings. © 2025 by the authors.","authentication protocol; formal verification; Internet of Medical Things","Authentication; Authentication Protocol; Computational cost; Cost benefit analysis; Cryptography; Data Sharing; Health care; Network security; Authentication protocols; Computational costs; Data Sharing; Healthcare domains; Healthcare services; Hospital service; Internet of medical thing; Internet of things technologies; Patient services; Security requirements; Economic and social effects; Formal verification"
"https://www.scopus.com/pages/publications/85075364322?origin=resultslist","User interaction constitutes a largely unexplored field in protocol analysis, even in instances where the user takes an active role as a trusted third party, such as in the Internet of Things (IoT) device initialization protocols. Initializing the formal modeling of 3-party authentication protocols where one party is a physical user, this research introduces the 3-party possession user-mediated authentication (3-PUMA) model. The 3-PUMA model addresses active user participation in a protocol which is designed to authenticate possession of a fixed data string—such as in IoT device commissioning. Using the 3-PUMA model, we provide a computational analysis of the ISO/IEC 9798-6:2010 standard’s Mechanism 7a authentication protocol which includes a user interface and interaction as well as a device-to-device channel. Furthermore, we introduce existential unforgeability under key collision attacks (EUF-KCA) and provide a corresponding security experiment. We show that the security of ISO/IEC 9798-6:2010 Mechanism 7a relies upon EUF-KCA MAC security. Since it is unknown whether any standardized MAC algorithm achieves EUF-KCA security, this research demonstrates a potential vulnerability in the standard. © 2019, This is a U.S. Government work and not under copyright protection in the US; foreign copyright protection may apply.","Authentication Protocols; Key Collision Attacks; Key distribution; MAC Security; User Interface","Internet of things; ISO Standards; User interfaces; Authentication protocols; Collision attack; Computational analysis; Internet of thing (IOT); Key distribution; MAC Security; Trusted third parties; User participation; Authentication"
"https://www.scopus.com/pages/publications/105030657133?origin=resultslist","Consumer Internet of Things (IoT) applications are largely built through end-user programming in the form of event-action rules. Although end-user tools help simplify the building of IoT applications to a large extent, there are still challenges in developing expressive applications in a simple yet correct fashion. In this context, we propose a formal development framework based on the Web of Things specification. An application is defined using a composition language that allows users to compose the basic event-action rules to express complex scenarios. It is transformed into a formal specification that serves as the input for formal analysis, where the application is checked for functional and quantitative properties at design time using model checking techniques. Once the application is validated, it can be deployed and the rules are executed following the composition language semantics. We have implemented these proposals in a tool built on top of the Mozilla WebThings platform. The steps from design to deployment were validated on real-world applications. © 2021 Association for Computing Machinery.","behavioural modelling; composition; formal verification; IoT; web of things","Behavioral research; Design; Formal specification; Human computer interaction; Human engineering; Internet of things; Model checking; Semantics; Action rules; Behavioral model; Composition languages; Development frameworks; End-users; Formal analysis; Formal development; Functionals; Property; Simple++; Formal verification"
"https://www.scopus.com/pages/publications/85150680839?origin=resultslist","The Internet of Things (IoT) has been widely integrated in people's everyday lives. As an infrastructure of connected heterogeneous devices, IoT has not yet achieved the seamless integration of device-to-device collaboration which is necessary for real-life home automation. Smart home IoT devices expect to exchange their collected data or status in certain circumstances, in spite of their heterogeneity, viz. working with different communication protocols, IoT platforms, middleware, data and semantics. Deploying appropriate access control models and mechanisms is of utmost importance as any unauthorized access to data could have a cascading violation of privacy, safety and security of users. In this work, we propose a novel device-to-device access control paradigm in the smart home IoT. Our approach relies on message passing as the paradigm for device-to-device interactions. We further introduce actions and scenarios reflecting the chain of events in the smart home context, which facilitates scenario-driven attribute-based access control. Each scenario is triggered by triggering events, based on previously set administrative definitions. We define totally ordered sets of triggering events using priorities to enable conflict resolution for devices which may run into conflicting commands delivered though messages in different ongoing scenarios. The viability of the proposed approach is substantiated via a formal model and an enforcement architecture, backed up by a proof-of-concept implementation which affirms a trade-off between required authorization and efficacy. Potential future challenges are explored in the context of smart home IoT platforms.  © 2022 IEEE.","Attribute-Based Access Control; device-to-device access control; message passing; scenario-driven access control; smart home IoT","Authorization; Automation; Economic and social effects; Message passing; Middleware; Semantics; Attribute based access control; Device access; Device collaboration; Device-to-device access control; Heterogeneous devices; Message-passing; Scenario-driven access control; Seamless integration; Smart home internet of thing; Smart homes; Internet of things"
"https://www.scopus.com/pages/publications/84877941142?origin=resultslist","This paper presents a process calculus specifically designed to model systems based on the Internet of Things paradigm. We define a formal syntax and semantics for the calculus, and show how it can be used to reason about relevant examples. We also define two notions of bisimilarity, one capturing the behavior seen by the end user of the system, and one allowing compositional reasoning. Copyright 2013 ACM.","Internet of things; Process calculi; Semantics","Bisimilarity; Compositional reasoning; End-users; Formal Semantics; Formal syntaxes; Modelling systems; Process calculi; Differentiation (calculus)"
"https://www.scopus.com/pages/publications/105006689922?origin=resultslist","Pushed by both application and technology trends, today's computer systems employ unprecedented levels of heterogeneity, parallelism, and complexity as they seek to extend performance scaling and support new application domains. From datacenters to Internet-of-Things (IoT) devices, these scaling gains come at the expense of degraded hardware-software abstraction layers, increased complexity at the hardware-software interface, and increased challenges for software reliability, interoperability, and performance portability This talk will explore how new metrics, models, and analysis techniques can be effective in this ""Post-ISA""era of shifting abstractions. The talk will cover hardware and software design opportunities, methods for formal verification, and a look into the implications on technologies like IoT.  © 2018 Owner/Author.","heterogeneity; internet of things; verification.","Enterprise software; Software design; Software reliability; Verification; Applications domains; Datacenter; Hardware/software; Heterogeneity; New applications; Performance; Scalings; Software abstractions; Technology trends; Verification.; Computer hardware description languages; Computer software portability"
"https://www.scopus.com/pages/publications/84947932546?origin=resultslist","Not only M2M (Machine-to-Machine) communication but also IoT (Internet of Things) technology has emerged against the backdrop of evolving ICT industry, drawing much attention in all fields including auto industry. Being first adopted in such fields as factories, logistics, meteorology, environment, defense and agriculture and stockbreeding, M2M systems enable devices to communicate automatically with one another and to operate in response to varying conditions. As for vehicles, M2M technology is applied to interactions between internal and external vehicular devices, between vehicles, between vehicles and traffic systems and between vehicles and peripheral devices. Yet, wireless communication systems are prone to hacking attacks in transmission sections. Thus, any attacks on vehicles' brakes, multiple control systems and engine control parts will put passengers and safety at risk. In this context, many researchers explore the security measures for inter-device communication. This paper designed a protocol for safe communication between vehicular devices using hash function and complex mathematical formulae, and tested it with Casper/FDR, a formal verification tool for protocols. The proposed protocol proved to guard against diverse attacks and to be effectively applicable in practice.","Authentication protocol; Internet of things; Location privacy; Model checking",""
"https://www.scopus.com/pages/publications/85216710831?origin=resultslist","The inherent complexity and the critical nature of data privacy in IoT networks necessitate rigorous validation of privacy mechanisms to preempt vulnerabilities and ensure compliance with security standards. This research article extends the concept of the SDN-enabled Consumer-Centric Content Delivery Network (CCDN) model for the IoT by introducing a rigorous mathematical framework to formalize the dialogues integral to user privacy and data integrity. With the help of a comprehensive mathematical formulation, the research captures the dynamics of credential exchange and user interactions within the CCDN architecture. To ensure the robustness of the proposed model, this research employs formal verification techniques to validate the correctness and security properties of the mathematical formulation. Furthermore, the research conducts an extensive simulative analysis to evaluate the performance of the CCDN architecture under various operational conditions. This analysis encompasses aggregate analysis, amortized analysis, and scalability analysis, focusing on critical performance metrics such as latency, packet loss ratio, and throughput. The results demonstrate that the implemented CCDN model maintains user privacy and personalization for content delivery in scalable IoT environments. This work lays the groundwork for future research in secure and efficient content delivery systems, addressing the growing demands of IoT applications while ensuring user-centric privacy and data protection. © 2025 John Wiley & Sons Ltd.","CCDN; content delivery; ICN; IoT; performance analysis; personalisation; privacy; privacy analysis; SDN; security","Data integrity; Centric content delivery network; Content delivery network; Contents deliveries; ICN; IoT; Performances analysis; Personalizations; Privacy; Privacy analysis; SDN; Security; Differential privacy"
"https://www.scopus.com/pages/publications/85160322025?origin=resultslist","The rapid development of IoT (Internet of Things) brings great convenience to people through the utilization of IoT applications, but also brings huge security challenges. Existing IoT security breaches show that many IoT devices have authentication flaws. Although many IoT authentication schemes were proposed, they are not fit for recent smart IoT applications covering IoT device, back-end sever, and user-end mobile applications. To build the first line of defense for smart IoT systems, this paper proposes a new authentication scheme. The proposed scheme first models the entire lifecycle of the IoT device authentication for real-world scenarios of smart IoT systems that contains factory manufacturing, daily usage, and system resetting. For each stage in the lifecycle, the proposed scheme employs efficient symmetric key mechanisms to achieve the authentication between IoT device, back-end server, and mobile application. The proposed scheme supports both server-free local area network communication and sever-involved remote public area communication. Formal security verification shows that the proposed scheme resists existing attacks. The open-source experimental evaluations also show that the proposed scheme is efficient and promising for practical usage.  © 2004-2012 IEEE.","Authentication; formal verification; lifecycle management; scalability; smart IoT application","Formal verification; Internet of things; Life cycle; Mobile computing; Network security; Authentication scheme; Device authentications; Entire life cycles; Large-scales; Lifecycle management; Mobile applications; Real-world scenario; Security breaches; Security challenges; Smart internet of thing application; Authentication"
"https://www.scopus.com/pages/publications/85185293874?origin=resultslist","The dynamic landscape of the Internet of Things (IoT) is set to revolutionize the pace of interaction among entities, ushering in a proliferation of applications characterized by heightened quality and diversity. Among the pivotal applications within the realm of IoT, as a significant example, the Smart Grid (SG) evolves into intricate networks of energy deployment marked by data integration. This evolution concurrently entails data interchange with other IoT entities. However, there are also several challenges including data-sharing overheads and the intricate establishment of trusted centers in the IoT ecosystem. In this paper, we introduce a hierarchical secure data-sharing platform empowered by cloud-fog integration. Furthermore, we propose a novel non-interactive zero-knowledge proof-based group authentication and key agreement protocol that supports one-to-many sharing sets of IoT data, especially SG data. The security formal verification tool shows that the proposed scheme can achieve mutual authentication and secure data sharing while protecting the privacy of data providers. Compared with previous IoT data sharing schemes, the proposed scheme has advantages in both computational and transmission efficiency, and has more superiority with the increasing volume of shared data or increasing number of participants. © 2024 Tech Science Press. All rights reserved.","blockchain; IoT data sharing; privacy preserving; zero-knowledge proof authentication","Blockchain; Computational efficiency; Data integration; Internet of things; Privacy-preserving techniques; Smart power grids; Block-chain; Data interchange; Data Sharing; Energy; Internet of thing data sharing; Privacy preserving; Secure data; Smart grid; Zero-knowledge proof authentication; Zero-knowledge proofs; Authentication"
"https://www.scopus.com/pages/publications/105014750253?origin=resultslist","The security of Internet of Things (IoT) ecosystems is crucial for maintaining user trust and facilitating widespread adoption. Machine Learning (ML) based Intrusion Detection and Prevention Systems (IDS/IPS) are frequently used to protect IoT networks, yet they are susceptible to adversarial attacks (AAs) and lack formal verifiability of their robustness. It has been demonstrated that meticulously designed AAs can alter the classification of ML-based IDSs, rendering them ineffective and posing risks to lives and physical infrastructure in safety-critical systems. This paper addresses these issues by introducing PROTECTION: a Provably RObust Intrusion DeTECTion system for IoT through recursive delegatION, which combines formal methods with ensemble machine learning. To enhance the robustness of ensemble ML models, we utilise Satisfiability-Modulo-Theory (SMT) to formally verify the classifier’s robustness, ensuring that output probabilities remain outside a thick decision boundary even when small perturbations are applied to the inputs. If a classifier fails to meet this criterion on any training sample, we reassign the training task to other classifiers that are iteratively trained until all samples are trained in accordance with the required property. The efficacy of the final ensemble model is thoroughly tested against various input perturbations and AAs using SMT based formal verification. © The Author(s), under exclusive license to Springer Nature Switzerland AG 2026.","Adversarial attacks; Formal Methods; Internet-of-Things; Intrusion Detection Systems; Trustworthy Machine learning","Adversarial machine learning; Computer crime; Formal logic; Formal verification; Internet of things; Iterative methods; Learning systems; Machine learning; Network intrusion; Network security; Safety engineering; Security systems; Decision boundary; Intrusion detection and prevention systems; Intrusion Detection Systems; Machine learning models; Machine-learning; Safety critical systems; Satisfiability modulo Theories; Small perturbations; Trustworthy machine learning; Verifiability; Intrusion detection"
"https://www.scopus.com/pages/publications/85214297566?origin=resultslist","Internet of Things (IoT) platforms, particularly smart home platforms providing significant convenience to people’s lives, such as Apple HomeKit and Samsung SmartThings, allow users to create automation rules through trigger-action programming. However, some users may lack the necessary knowledge to formulate automation rules, thus preventing them from fully benefiting from the conveniences offered by smart home technology. To address this, smart home platforms provide predefined automation policies based on the smart home devices registered by the user. Nevertheless, these policies, being pregenerated and relatively simple, fail to adequately cover the diverse needs of users. Furthermore, conflicts may arise between automation rules, and integrating conflict detection into the IoT platform increases the burden on developers. In this article, we propose AutoIoT, an automated IoT platform based on large language models (LLMs) and formal verification techniques, designed to achieve end-to-end automation through device information extraction, LLM-based rule generation, conflict detection, and avoidance. AutoIoT can help users generate conflict-free automation rules and assist developers in generating codes for conflict detection, thereby enhancing their experience. A code adapter has been designed to separate logical reasoning from the syntactic details of code generation, enabling LLMs to generate code for programming languages beyond their training data. Finally, we evaluated the performance of AutoIoT and presented a case study demonstrating how AutoIoT can integrate with existing IoT platforms. © 2014 IEEE.","Automation rules; conflict detection; formal verification; Internet of Things (IoT); large language model (LLM); smart home","Formal verification; Automation policy; Automation rule; Conflict detection; Internet of thing; Language model; Large language model; Policy-based; Samsung; Smart Home Technology; Smart homes; Smart manufacturing"
"https://www.scopus.com/pages/publications/85182389708?origin=resultslist","IoT systems' complexity and susceptibility to failures pose significant challenges in ensuring their reliable operation. Failures can be internally generated or caused by external factors, impacting both the system's correctness and its surrounding environment. To investigate these complexities, various modeling approaches have been proposed to raise the level of abstraction, facilitating automation and analysis. Failure-Logic Analysis (FLA) is a technique that helps predict potential failure scenarios by defining how a component's failure logic behaves and spreads throughout the system. However, manually specifying FLA rules can be arduous and error-prone, leading to incomplete or inaccurate specifications. In this paper, we propose adopting testing methodologies to improve the completeness and correctness of these rules. How failures may propagate within an IoT system can be observed by systematically injecting failures, while running test cases to collect evidence useful to add, complete and refine FLA rules.  © 2023 IEEE.","Internet of Things; Model-Based Testing; Model-Driven Engineering; Software Analysis","Computer circuits; Failure (mechanical); Model checking; Safety engineering; Safety testing; Software testing; Analysis rules; Failure logic; Logic analysis; Model based testing; Model-driven Engineering; Safety analysis; Software analysis; System susceptibility; Systems complexity; Testing technique; Internet of things"
"https://www.scopus.com/pages/publications/85062879597?origin=resultslist","The Internet of Things paradigm implementation is infeasible without the interoperability aspect fulfillment. Both the diversity of 'smart' devices involved and the difference of Internet protocols used make it a challenging task to achieve the true interoperability. Moreover, there is still an open question concerning the consistency of certain potentially interoperable Internet of Things solution. With this statement in mind, the approach to the Internet of Things solutions consistency checking has been proposed. These solutions are assumed to be implemented on the basis of Web Services. The proposed approach has been grounded on the concept of 'action' providing the scalable and reconfigurable way for formal model description. To describe the framework, a Kripke structure has been used. The applicability of proposed approach has been discussed on the basis of smart home scenario as a case study. To formulate the recommendations regarding the automation of model checking procedure, two opposite approaches to state space search have been contemplated - the Breadth-first Search and the Depth-first Search. © 2018 IEEE.","Internet of Things; Interoperability; Model Checking; Temporal Logic of Actions; Web Services","Automation; Interoperability; Model checking; Web services; Websites; Consistency checking; Formal modeling; Kripke structure; Model description; Models checking; Reconfigurable; Smart devices; Smart homes; Temporal logic of actions; Webs services; Internet of things"
"https://www.scopus.com/pages/publications/85115998648?origin=resultslist","In recent years, the Transport Layer Security (TLS) protocol has enjoyed rapid growth as a security protocol for the Internet of Things (IoT). In its newest iteration, TLS 1.3, the Internet Engineering Task Force (IETF) has standardized a zero round-trip time (0-RTT) session resumption sub-protocol, allowing clients to already transmit application data in their first message to the server, provided they have shared session resumption details in a previous handshake. Since it is common for IoT devices to transmit periodic messages to a server, this 0-RTT protocol can help in reducing bandwidth overhead. Unfortunately, the sub-protocol has been designed for the Web and is susceptible to replay attacks. In our previous work, we adapted the 0-RTT protocol to strengthen it against replay attacks, while also reducing bandwidth overhead, thus making it more suitable for IoT applications. However, we did not include a formal security analysis of the protocol. In this work, we address this and provide a formal security analysis using OFMC. Further, we have included more accurate estimates on its performance, as well as making minor adjustments to the protocol itself to reduce implementation ambiguity and improve resilience. © 2021 by the authors. Licensee MDPI, Basel, Switzerland.","Formal verification; Network; Protocol; Security","Humans; Internet of Things; Bandwidth; Cost reduction; Internet of things; Internet protocols; Network security; Security systems; Bandwidth overheads; Formal security analysis; Internet engineering task forces; Network; Rapid growth; Replay attack; Security; Security protocols; Transport layer security; Transport layer security protocols; human; Formal verification"
"https://www.scopus.com/pages/publications/85041420234?origin=resultslist","The proliferation of connected devices has motivated a surge in the development of cryptographic protocols to support a diversity of devices and use cases. To address this trend, we propose continuous verification, a methodology for secure cryptographic protocol design that consists of three principles: (1) repeated use of verification tools; (2) judicious use of common message components; and (3) inclusion of verifiable model specifications in standards. Our recommendations are derived from previous work in the formal methods community, as well as from our past experiences applying verification tools to improve standards. Through a case study of IETF protocols for the IoT, we illustrate the power of continuous verification by (i) discovering flaws in the protocols using the Cryptographic Protocol Shapes Analyzer (CPSA); (ii) identifying the corresponding fixes based on the feedback provided by CPSA; and (iii) demonstrating that verifiable models can be intuitive, concise and suitable for inclusion in standards to enable third-party verification and future modifications. © 2017 Copyright held by the owner/author(s). Publication rights licensed to Association for Computing Machinery.","Cryptographic protocols; IoT; Verification","Case-studies; Common messages; Cryptographic protocols; IoT; Model specifications; Power; Protocol design; Protocol development; Third-party verification; Verification tools; Authentication Protocol"
"https://www.scopus.com/pages/publications/0032153859?origin=resultslist","The state-explosion problem of formal verification has obstructed its application to large-scale software systems. In this article, we introduce a set of new condensation theories: IOT-failure equivalence, IOT-state equivalence, and firing-dependence theory to cope with this problem. Our condensation theories are much weaker than current theories used for the compositional verification of Petri nets. More significantly, our new condensation theories can eliminate the interleaved behaviors caused by asynchronously sending actions. Therefore, our technique provides a much more powerful means for the compositional verification of asynchronous processes. Our technique can efficiently analyze several state-based properties: boundedness, reachable markings, reachable submarkings, and deadlock states. Based on the notion of our new theories, we develop a set of condensation rules for efficient verification of large-scale software systems. The experimental results show a significant improvement in the analysis of large-scale concurrent systems. © 1998 ACM.","Algorithms; Boundedness; D.2.4[Software Engineering]: Program Verification; Experimentation; F.3.1[Logics and Meanings of Programs]: Specifying and Verifying and Reasoning about Programs - mechanical verification; Reliability; Theory; Verification","Large scale systems; Petri nets; Deadlock states; Reachability graphs; Software engineering"
"https://www.scopus.com/pages/publications/85122602587?origin=resultslist","Solid requirements engineering has increasingly been recognized as the key to improved, on-time, and on-budget delivery of software and systems projects. This textbook provides a comprehensive treatment of the theoretical and practical aspects of discovering, analyzing, modeling, validating, testing, and writing requirements for systems of all kinds, with an intentional focus on software-intensive systems. It brings into play a variety of formal methods, social models, and modern requirements for writing techniques to be useful to the practicing engineer. This book was written to support both undergraduate and graduate requirements engineering courses. Each chapter includes simple, intermediate, and advanced exercises. Advanced exercises are suitable as a research assignment or independent study and are denoted by an asterisk. Various exemplar systems illustrate points throughout the book, and four systems in particular-a baggage handling system, a point of sale system, a smart home system, and a wet well pumping system-are used repeatedly. These systems involve application domains with which most readers are likely to be familiar, and they cover a wide range of applications from embedded to organic in both industrial and consumer implementations. Vignettes at the end of each chapter provide mini-case studies showing how the learning in the chapter can be employed in real systems. Requirements engineering is a dynamic field and this text keeps pace with these changes. Since the first edition of this text, there have been many changes and improvements. Feedback from instructors, students, and corporate users of the text was used to correct, expand, and improve the material. This third edition includes many new topics, expanded discussions, additional exercises, and more examples. A focus on safety critical systems, where appropriate in examples and exercises, has also been introduced. Discussions have also been added to address the important domain of the Internet of Things. Another significant change involved the transition from the retired IEEE Standard 830, which was referenced throughout previous editions of the text, to its successor, the ISO/IEC/IEEE 29148 standard. © 2018 by Taylor & Francis Group, LLC. All rights reserved.","",""
"https://www.scopus.com/pages/publications/85106441619?origin=resultslist","Typically, third parties must not capture the data transmitted in IoT (Internet of Things) constituted of the devices with limited capacities and different configurations. Hence, proposals for safety communications are analyzed to identify if it consumes lower energy through formal methods, simulations and measurements. However, the two last limit the evaluation with a finite set of scenarios. For this reason, this study used a systematic methodology to investigate formal methods used by articles in the context of the low-power security solution for IoT. The results correspond to a diversity of mathematics tools, research topics, analytical strategies, and other information to motivate the use of formal methods to generalize the evaluation of new research with an unambiguous description in all potential scenarios. © 2021, The Author(s), under exclusive license to Springer Nature Switzerland AG.","",""
"https://www.scopus.com/pages/publications/85140714515?origin=resultslist","The Internet of Things (IoT) has been wildly used in various fields of our lives, such as health care, smart environment, transportation, etc. However, the existing research on IoT mainly concentrates on its practical applications, and there is still a lack of work on modelling and reasoning about IoT systems from the perspective of formal methods. Therefore, the Calculus of the Internet of Things (CaIT) has been proposed to model the interactions among components and verify the network deployment to ensure the quality and reliability of IoT systems. Unfortunately, the CaIT calculus can only support point-to-point communication, while broadcast communication is more common in IoT systems. Therefore, this paper updates the CaIT calculus by replacing its communication primitive with the broadcast. Based on the Unifying Theories of Programming (UTP), we further explore its denotational semantics and algebraic semantics, with a special focus on broadcast communication, actions with the timeout (e.g. input actions and migration actions), and channel restriction. To facilitate the algebraic exploration of parallel expansion laws, we further extend the CaIT calculus with a new concept called guarded choice, which allows us to transform each program into the guarded choice form. © 2022, The Author(s), under exclusive license to Springer Nature Switzerland AG.","Algebraic semantics; Denotational semantics; IoT; The CaIT calculus; UTP","Algebra; Calculations; Formal methods; Semantics; Algebraic semantic; Broadcast communication; Communication actions; Communication primitives; Denotational semantics; Network deployment; Point-to-point communication; Smart environment; The calculus of the internet of thing calculus; Unifying Theories of Programming; Internet of things"
"https://www.scopus.com/pages/publications/85067981378?origin=resultslist","In a growing number of domains, such as IoT for e-health and smart cities, the provisioning of end-to-end services to the users depends on the proper interoperation of multiple systems, forming a new distributed system, often subject to timing constraints. To ensure interoperability and integrity, it is important to conduct integration tests that verify the interactions with the environment and between the system components in key scenarios. To solve the test automation challenges, we propose algorithms for decentralized conformance checking and test input generation, and for checking and enforcing the conditions (local observability and controllability) that allow decentralized test execution. With this, we expect to improve the fault detection and localization capabilities and reduce the communication overhead comparatively to other model-based testing approaches. Our approach will be validated using real case studies from industrial partners. © 2019 IEEE.","Control lability; Distributed Systems; Integration Testing; Model-Based Testing; Observability; Time-constraints; UML","Distributed computer systems; Fault detection; Integration; Interoperability; Model checking; Observability; Communication overheads; Conformance checking; Distributed systems; Fault detection and localization; Local observability; Model based testing; Model-based testing approaches; Time constraints; Integration testing"
"https://www.scopus.com/pages/publications/85207858586?origin=resultslist","IoT-Cloud environments are being increasingly adopted for the deployment of applications and particularly resource-oriented ones. However, ensuring correct communications during the execution of IoT applications is not guaranteed. In fact, a substantial class of applications is intended to run on constrained IoT networks. Moreover, IoT devices exchange the data derived from various Cloud providers and in accordance with different protocols. In this paper, we propose a formal approach to model and verify the applications deployed over IoT-Cloud environments. The proposed model encompasses four verification levels: the Structural, Functional, Operational and Behavioral levels. Therefore, we opted for the Event-B formal method that allows gradual problems decomposition by relying on its refinement capabilities. The proposed approach has proven its efficiency for the modeling and the verification of IoT applications. We applied mathematical proof-based method to verify the model since it provides rigorous reasoning. We also employed the ProB animator to proceed in the validation of the model.  © 2024 IEEE.","Behavioral Verification; Cloud; Event-B; Functional; IoT applications; Operational; Structural Verification","Behavioral verification; Cloud environments; Cloud providers; Different protocols; Event-B; Formal modeling and verification; Functionals; IoT application; Operational; Structural verification; Cloud platforms"
"https://www.scopus.com/pages/publications/85019601419?origin=resultslist","Analysis, exploration, and visualization of time-oriented data are ubiquitous tasks in various application domains, all of which involve the execution of temporal queries. Prior research in interactively specifying the time component for such queries has been focused on defining temporal relationships in data, i.e., querying event sequences through ordinal patterns. However, there has been much less emphasis on how to specify time as a quantitative data dimension in temporal queries. Motivated by the advent of the Internet of Things (IoT), we present a formal model that can be used to represent complex time specifications. Our model is the first step in an effort to enhance temporal user interfaces that enables discrete time specifications through a visual query interface. Copyright © 2017 by the Association for Computing Machinery, Inc. (ACM).","Query interfaces; Query specification; Temporal queries; Visual query language","Data visualization; Graphical user interfaces; Human engineering; Internet of things; Query languages; User interfaces; Visual languages; Internet of thing (IOT); Quantitative data; Query interfaces; Query Specification; Temporal queries; Temporal relationships; Time-oriented datum; Visual query languages; Specifications"
"https://www.scopus.com/pages/publications/85089304593?origin=resultslist","In this article, we design, develop, and evaluate a wireless virtualization (WiVi) architecture for wireless networking for emerging Internet of Things (IoT) or 5G network applications by using a three-layer game theory model. WiVi is regarded as an emerging network paradigm to support different network service requirements (delay sensitive, bandwidth hungry, high data rate, etc.) for different IoT applications. In the proposed three-layer game model, interactions among three entities: 1) wireless resource providers (WRPs); 2) mobile virtual network operators (MVNOs); and 3) their subscribed wireless users (i.e., IoT devices), are formulated as strategies to optimize their respective utilities. The WiVi enables WRPs (also known as layer-1 leaders in the three-layer game) to sublease their wireless resources to MVNOs (also known as layer-2 leaders in the three-layer game) through RF slicing and adaptively setting their prices for subleasing. The MVNOs set the optimal competitive prices to attract more end-users/IoT devices (also known as followers in the three-layer game) to maximize their utilities. The end-users (IoT devices) maximize their data rates (i.e., utilities) by meeting the imposed quality of service (QoS) requirements and budget constraints. We investigate formal analysis of the uniqueness and existence of the equilibrium point of the three-layer game. Performance is evaluated using simulation results. Results show that the proposed three-layer game has unique and optimal equilibrium game. The numerical results show maximized utilities for WRPs, MVNOs, and IoT devices/users. © 2014 IEEE.","Game theory; Internet of Things (IoT); wireless network virtualization; wireless virtualization (WiVi)","5G mobile communication systems; Budget control; Costs; Game theory; Network architecture; Quality of service; Virtualization; Wireless networks; Competitive prices; Game theory models; Internet of Things (IOT); Mobile virtual network operator; Qualityof-service requirement (QoS); Wireless networking; Wireless resources; Wireless virtualization; Internet of things"
"https://www.scopus.com/pages/publications/85123636454?origin=resultslist","Established Internet of Things (IoT) platforms suffer from their inability to determine whether an IoT app is secure or not. A security analysis system (SAS) is a protective shield against any attack that breaks down data privacy and security. Its main task focuses on detecting malware and verifying app behavior. There are many SASs implemented in various IoT applications. Most of them build on utilizing static or dynamic analysis separately. However, the hybrid analysis is the best for obtaining accurate results. The SAS provides an effective outcome according to many criteria related to the analysis process, such as analysis type, characteristics, sensitivity, and analysis techniques. This paper proposes a new hybrid (static and dynamic) SAS based on the model-checking technique and deep learning, called an HSAS-MD analyzer, which focuses on the holistic analysis perspective of IoT apps. It aims to analyze the data of IoT apps by (1) converting the source code of the target applications to the format of a model checker that can deal with it; (2) detecting any abnormal behavior in the IoT application; (3) extracting the main static features from it to be tested and classified using a deep-learning CNN algorithm; (4) verifying app behavior by using the model-checking technique. HSAS-MD gives the best results in detecting malware from malicious smart Things applications compared to other SASs. The experimental results of HSAS-MD show that it provides 95%, 94%, 91%, and 93% for accuracy, precision, recall, and F-measure, respectively. It also gives the best results compared with other analyzers from various criteria. © 2022 by the authors. Licensee MDPI, Basel, Switzerland.","Data security; Smart homes; Software verification; Triggers/actions","Data privacy; Deep learning; Intelligent buildings; Internet of things; Malware; Model checking; Security systems; Analysis system; Break down; Data privacy and securities; Hybrid securities; Malware detection; Model-checking techniques; Security analysis; Smart homes; Software verification; Trigger/action; Automation"
"https://www.scopus.com/pages/publications/85164238360?origin=resultslist","Lightweight Machine to Machine (LwM2M) is an open industry standard built to provide a means to remotely perform service enablement and application management for the Internet of Things (IoT). It is a communication protocol used between a client software on an IoT device, and a server software. Modelling, formal verification and validation are crucial and necessary to increase protocol reliability. In this paper, we propose a refinement-based approach that helps us to model, to validate and to verify gradually the LwM2M specification, which was carried out using Event-B and Rodin/ProB frameworks. We present a formal model of the LwM2M client, and we verify deadlock freedom and some functional safety properties like consistency of its configuration. The verification is ensured by theorem prover and model checking techniques, and the validation is supported by animation and bounded exploration of the client formal model. Moreover, the transformation into Event-B opens several possibilities to analyse existing implementations of the LwM2M client and to derive both test cases and executable code.  © 2023 Inderscience Enterprises Ltd.","device management; event-B; internet of things; IoT; lightweight protocols; OMA LwM2M; V&V; verification and validation","Formal verification; Internet protocols; Model checking; Device management; Event-B; Formal modeling; Industry standards; Lightweight machines; Lightweight protocols; Machine to machines; OMA LwM2M; V/V; Verification-and-validation; Internet of things"
"https://www.scopus.com/pages/publications/85081155834?origin=resultslist","The development of strong smart grid and ubiquitous power Internet of things is a new trend of power grid construction, and new power services emerge. Massive transmission of data brings new challenges to the interaction of power communication networks. Network node interaction protocol verification technology has important advantages in ensuring network interaction performance. In this paper, the typical power communication services and their requirements are studied, based on this, a node interaction protocol model for power services is proposed. Finally, based on the traditional model checking idea and basic flow, combined with the requirements of power multi-service scenario, the verification method of service node interaction model considering resource constraints is studied, and the implementation scheme of interactive model checking tool for power business is proposed. In order to ensure the performance of power communication network interaction, improve the transmission efficiency of massive new power communication services, and provide theoretical support for the implementation of the strategy of three types and two networks. © 2019 IEEE.","model checking; network interaction; power communication network; power service","Electric power transmission networks; Information management; Model checking; Implementation scheme; Inter-action protocols; Interactive modeling; Network interaction; Power communication networks; power service; Transmission efficiency; Transmission of data; Smart power grids"
"https://www.scopus.com/pages/publications/85163064321?origin=resultslist","Now-a-days, service composition is an interesting mechanism in various fields, such as the Internet of Things (IoT), Cloud Computing, and Software-defined networks. Service composition aims to allow interactions among user requirements and their components. Several research studies have been performed on the formal verification to validate the service composition. However, less attention is paid to the service composition validation (completeness and correctness) in the IoT environment using business processes (BPs). Therefore, this paper provides a validated service composition (VSC) approach in the IoT environment. This approach considers the look-up table and Triple Graph Grammar (TGG) rule for the service composition. Look-up table enables to establish a one-to-one relationship between business process (BP) and service composition. This table has limitations in-terms of representation. So, the TGG rule is used to establish the m-to-n relationships. The BP elements are mapped with the service composition, but the backward transformation is not possible. An algorithm is designed for validation purposes. The case study related to healthcare, i.e., clinical decision support system (CDSS), is used to evaluate the proposed approach. Various dynamic features are considered to compare the VSC with the existing approaches. The novelty of this paper is to prove the VSC is complete but not correct. The effectiveness of the VSC is shown in terms of validation and execution time with respect to BPs. © 2023 IEEE.","Business Process; Clinical Decision Support System; Look-up Table; Service Composition; TGG Rule; Validation","Artificial intelligence; Decision support systems; Formal languages; Quality of service; Table lookup; Business Process; Clinical decision support systems; Grammar rules; Lookup tables (LUTs); Process-based; Services composition; Triple graph grammar rule; Triple graph grammars; User-centric; Validation; Internet of things"
"https://www.scopus.com/pages/publications/105031354465?origin=resultslist","NHAs, such as service accounts, bots, and IoT devices, are an essential component of today’s computing ecosystems, but continue to be under-addressed in the current IAM frameworks 1. Being privileges without supervision, such an enhanced role of responsibility becomes often exposed to being a point of frequent exploitation, misuse and policy misconfiguration. To fill this void, we present a hybrid security framework for combining game-theoretic attack–defense modeling with formal verification of IAM policies. The game-theoretic model yields optimal defense strategies for preventing resource abuse, whereas formal methods (such as Z3, Alloy, SPIN) guarantee correctness and resilience to misconfigurations. In contrast, previous IAM methods consider them separately 3, our dual-pronged model preserves NHAs with end-to-end pipeline. Experimental results show the proposed approach could decrease access violation by 94 percent and improve average response time by 1–2 s over the traditional IAM solutions. This paper presents a strict, scalable and verifiable solution to NHA security, it is theoretical and application-oriented, suitable for enterprise and cloud. © The Author(s), under exclusive license to Springer Nature Switzerland AG 2026.","Access Control; Cybersecurity; Formal Methods; Game Theory; Identity and Access Management (IAM); Non-Human Accounts (NHAs)","Access control; Computation theory; Cybersecurity; Formal verification; Network security; 'current; Computing ecosystems; Cyber security; Formal approach; Game-theoretic; Identity and access management; Identity and access managements; Management frameworks; Misconfigurations; Non-human account; Game theory"
"https://www.scopus.com/pages/publications/85063775209?origin=resultslist","Current approaches for portability of real-time operating systems (RTOSs) for embedded systems are largely based on manual coding, which is arduous and error prone. With increasing dependability requirements for cyber physical systems, specially within the Internet of Things (IoT), along with the expected great diversity of hardware platforms, software platforms will only remain competitive in the long run if they guarantee correct operation and easy deployment to every hardware platform. In this scenario, a new approach to the development and portability of RTOSs that guarantees correct implementations for all current and future devices and hardware architectures becomes indispensable.We present a framework for automatic RTOS portability that integrates model-based design and formal methods into dependable embedded software development. We focus specially on modeling the interaction between software and hardware in order to generate low-level code. This enables automatic portability for hardware-related parts of the OS (i.e., context switching, memory management, security aspects, etc,) as well as for on-chip peripheral drivers (i.e., timers, I/O, etc.).With our framework we will be able to prove the consistency of the refinements as well as that the RTOS model fulfills various functional and non-functional requirements. Automatic code generation guarantees that the model is correctly translated to machine language, avoiding implementation mistakes common to manual coding. Changes on the software, for bug fixes or testing of new concepts, for example, do not require knowledge of the target architectures, since they are done on the model and are immediately reflected in all implementations upon code generation, assuring consistency across platforms. © 2019 IEEE.","Code generation; Event-B; Formal modeling; IoT; RTOS portability","Automatic programming; Codes (symbols); Computer operating systems; Computer software portability; Embedded systems; Fixed platforms; Internet of things; Portable equipment; Real time systems; Software design; Software testing; Automatic code generations; Code Generation; Event-B; Formal model; Internet of thing (IOT); Non-functional requirements; Real time operating system; Software and hardwares; Formal methods"
"https://www.scopus.com/pages/publications/85100409585?origin=resultslist","Context-aware and pervasive systems are growing in the market segments. This is due to the expansion of Internet of things (IoT) devices. Current solutions rely on centralized services provided by servers gathering all requests and performing pre-defined computations involving pre-defined devices. Large-scale IoT scenarios, involving adaptation and unanticipated devices, call for alternative solutions. We propose here a new type of services, built and composed on-demand, arising from the interaction of multiple sensors and devices working together as a decentralized collective adaptive system. Our solution relies on a bio-inspired coordination model providing a communication platform among multiagent systems working on behalf of these devices. Each device provides few simple services and data regarding its environment. On-demand services derive from the collective interactions among multiple sensors and devices. In this article, we investigate the design and implementation of such services and define a new approach that combines coordination model and reinforcement learning, in order to ensure reliable services and expected quality of services (QoS), namely convergence of composition, of coherent result and convergence of learning. We present an IoT scenario showing the feasibility of the approach and preliminary results. © Springer Nature Switzerland AG 2018.","Bio-inspired systems; Collective adaptive system; Coordination model; Multi-agent learning; On-demand services; Reinforcement Learning; Reliable services","Adaptive systems; Biomimetics; Distributed database systems; Formal methods; Internet of things; Multi agent systems; Reinforcement learning; Alternative solutions; Communication platforms; Coordination model; Design and implementations; Internet of Things (IOT); Multiple sensors; On-demand services; Pervasive systems; Learning systems"
"https://www.scopus.com/pages/publications/84979057683?origin=resultslist","Distributed algorithms have numerous mission-critical applications in embedded avionic and automotive systems, cloud computing, computer networks, hardware design, and the internet of things. Although distributed algorithms exhibit complex interactions with their computing environment and are difficult to understand for human engineers, computer science has developed only very limited tool support to catch logical errors in distributed algorithms at design time. In the last two decades we have witnessed a revolutionary progress in software model checking due to the development of powerful techniques such as abstract model checking, SMT solving, and partial order reduction. Still, model checking of fault-tolerant distributed algorithms poses multiple research challenges, most notably parameterized verification: verifying an algorithm for all system sizes and different combinations of faults. In this paper, we survey our recent results in this area which extend and combine abstraction, partial orders, and bounded model checking. Our results demonstrate that model checking has acquired sufficient critical mass to build the theory and the practical tools for the formal verification of large classes of distributed algorithms. © Springer International Publishing Switzerland 2016.","","Algorithms; Complex networks; Computation theory; Computer hardware; Distributed computer systems; Embedded systems; Fault tolerance; Formal verification; Human computer interaction; Information science; State space methods; Abstract model-checking; Automotive Systems; Bounded model checking; Computing environments; Mission critical applications; Parameterized verifications; Partial order reductions; Software model checking; Model checking"
"https://www.scopus.com/pages/publications/85143251920?origin=resultslist","Smart building value-added capabilities are gaining significant attention from various stakeholders, including the general public, researchers, and industry. One such capability is well-being, a composition of multiple atomic capabilities that characterize a smart building. Atomic functions that compose a well-being capability include temperature, noise level, pollution level, and humidity, to name a few. Multiple efforts have addressed this specific capability and its composition requirements and techniques from standardization, technical, and quality of service aspects. One such effort is the IoT and CPS Composition Framework (ICCF), a novel framework for rapid modeling, specifying, verifying, and prototyping IoT and CPS capabilities. ICCF relies on the NIST CPS Framework guidelines to address different stakeholders' concerns; it also leverages composition semantics inspired by the mPlane platform to describe entities and interactions intuitively. In addition, it uses the Temporal Logic of Actions + (TLA+) formal verification techniques to verify the correctness of core functions. This work leverages the ICCF framework to provide the following contributions: i) description of a stakeholder-defined well-being composition capability based on the ICCF framework foundations, ii) an in-depth characterization of the well-being capability, iii) considerations regarding the formal aspects of the well-being capability, including verifying its correctness, deadlock, and state-space, iv) implementation of the composite capability using a lightweight microservices environment, v) discussion of results based on the different domains of interest including residential buildings and factories. Finally, a summary of this effort is provided, and challenges to capabilities composition as well as future plans for improvement are highlighted.  © 2022 IEEE.","Composition; Cyber-Physical Systems(CPS); Formal Verification; Internet of Things(IoT); Micro-services; Smart Buildings; Well-being","Buildings; Cyber Physical System; Embedded systems; Internet of things; Quality of service; Semantics; Atomic function; Composition frameworks; Cybe-physical systems; Cyber-physical systems; Formal studies; General publics; Micro services; Noise levels; Technical study; Well being; Formal verification"
"https://www.scopus.com/pages/publications/85116324806?origin=resultslist","The proceedings contain 40 papers. The special focus in this conference is on Practical Applications of Agents and Multi-Agent Systems. The topics include: A Multi-agent Approach for Evacuation Support in Mountainous Areas Using UAV; a Simple Agent Based Modeling Tool for Plastic and Debris Tracking in Oceans; Multi-agent CHANS: BDI Farmer Intentions and Decision Making; modelling Individual Preferences to Study and Predict Effects of Traffic Policies; dynamical Perceptual-Motor Primitives for Better Deep Reinforcement Learning Agents; inference of the Intentions of Unknown Agents in a Theory of Mind Setting; SMASH: A Semantic-Enabled Multi-agent Approach for Self-adaptation of Human-Centered IoT; Agent-Based Modelling and Simulation of Airport Terminal Operations Under COVID-19-Related Restrictions; semantic Services Catalog for Multiagent Systems Society; towards Quantum-Secure Authentication and Key Agreement via Abstract Multi-Agent Interaction; fully Decentralized Planner-Guided Robot Swarms; winning at Any Cost - Infringing the Cartel Prohibition with Reinforcement Learning; swarm of Satellites: Implementation and Experimental Study of Multi-Agent Solution for Adaptive Scheduling of Large-Scale Space Observation Systems; towards an Online Agent Based Collision Avoidance by Mobile Edge Computing; formal Specification of Fault-Tolerant Multi-agent Systems; integrating Valence and Arousal Within an Agent-Based Model of Emotion Contagion; towards a Versatile Intelligent Conversational Agent as Personal Assistant for Migrants; Comparing Thread Migration, Mobile Agents, and ABM Simulators in Distributed Data Analysis; demonstrating Exception Handling in JaCaMo; dial4JaCa – A Demonstration; HAIL: Modular Agent-Based Pedestrian Imitation Learning; experiments on User-Centered Control of Lights in Open-Plan Office Spaces Using IoT Devices and Distributed Constraint Optimization; A DBDN with the MAS Ellipsis; nego-Bot: A Human-Robot Negotiation System.","",""
"https://www.scopus.com/pages/publications/85079348104?origin=resultslist","Fog has the advantage of reducing service latency and improving perceived quality, as well as the benefit of total data distribution. However, its security or privacy issues pose major challenges due to the heterogeneity, hierarchical structure, and very large scale infrastructure of Fog architecture. CA-BRS model, an extension of Bigraphical Reactive Systems with Control Agents, is showed to be an appropriate formal semantic framework for Fog architecture specification. It separates, for a complex system, the concerns of computation and physical entities distribution, respectively into two different models: 1) computational or virtual agents' model and 2) physical Bigraph model. The main objective of this paper is twofold; first, we propose a multi-views architecture to Fog computing taking into account security level, then we define, according to this semantic framework, the physical entities of Fog architecture and their geographical dispersion, as well as the virtual entities devoted to represent security functionalities. Our proposal is illustrated through a realistic case study of Oil and Gas Refinery Plant. © 2019 IEEE.","Bigraphical Reactive Systems; Cloud Computing; Fog Computing; Formal model; Oil Gaz Refinery Plant; Security","Cloud computing; Fog; Internet of things; Refining; Semantics; Architecture specification; Bigraphical reactive systems; Formal model; Geographical dispersions; Hierarchical structures; Large scale infrastructures; Oil Gaz Refinery Plant; Security; Fog computing"
"https://www.scopus.com/pages/publications/85142433760?origin=resultslist","The advent of IoT devices cleared the way for embedded systems to be used everywhere in daily life. These systems typically have very strict constraints on area and power consumption that are difficult, if not infeasible, to meet for commercial off-the-shelf (COTS) processors. At the same time, custom system designs are often not a viable option, due to price limits that force companies to keep design effort, cost and time to a minimum.This work proposes a highly automated method for a formal analysis of signal activity in a COTS processor during software (SW) execution. Our analysis provides a thorough understanding on the interaction between Hardware (HW) and SW with bit-level and clock cycle accuracy. Designers can use this knowledge to locate and exploit the identified behavioral patterns for a wide range of HW improvements. In this paper, we focus on qualifying switching activity by analyzing the controllability of signals. When applied to a SuperH-2 processor for different softwares, we were able to reduce its area by up to 69% and power by up to 56%. We demonstrate the scalability of this method on an industry-scale software system for IoT with about 1.7k lines of C code.  © 2022 IEEE.","EDA; embedded systems; formal verification; HW profiling; IoT; low-level SW; low-power design","C (programming language); Electric power supplies to apparatus; Embedded systems; Integrated circuit design; Internet of things; Signal analysis; System-on-chip; Commercial off the shelves; Commercial off-the shelves; Commercial-off-the-shelf; Daily lives; EDA; Embedded-system; Hardware profiling; IoT; Low level softwares; Low-power design; Formal verification"
"https://www.scopus.com/pages/publications/85137660067?origin=resultslist","The development of the IT industry and computing resources allows the formation of cyberphysical social systems (CPSS), which are the integration of wireless mobile and Internet technologies and the combination of the Internet of things with the technologies of cyberphysical systems. To build protection systems, while minimizing both computing and economic costs, various sets of security profiles are used, ensuring the continuity of critical business processes. To assess/compare the level of CPSS security, various assessment methods based on a set of metrics are generally used. Security metrics are tools for providing up-to-date information about the state of the security level, cost characteristics/parameters from both the defense and attack sides. However, the choice of such sets is not always the same/understandable to the average person. This, firstly, leads to the absence of a generally accepted and unambiguous definition, which means that one system is more secure than another. Secondly, it does not take into account the signs of synergy and hybridity of modern targeted attacks. Without this knowledge, it is impossible to show that the metric measures the security level objectively. Thirdly, there is no universal formal model for all metrics that could be used for rigorous analysis. The paper explores the possibility of defining a basic formal model (classifier) for analyzing security metrics. The proposed security assessment model takes into account not only the level of secrecy of information resources, the level of provision of security services, but also allows, based on the requirements put forward, forming the necessary set of security assessment metrics, taking into account the requirements for the continuity of business processes. The average value of the provision of security services to CPSS information resources is 0.99, with an average value of the security level of information resources of 0.8 © 2022, Authors. This is an open access article under the Creative Commons CC BY license","Security assessment model; Security metrics; Security metrics classifier; Threat synergy",""
"https://www.scopus.com/pages/publications/85123521308?origin=resultslist","IoT environments are forecasted to grow exponentially in the coming years thanks to the recent advances in both edge computing and artificial intelligence. In this paper, a model of remote computing scheme is presented, where three layers of computing nodes are put in place in order to optimize the computing and forwarding tasks. In this sense, a generic layout has been designed so as to easily achieve communications among the diverse layers by means of simple arithmetic operations, which may result in saving resources in all nodes involved. Traffic forwarding is undertaken by means of forwarding tables within network devices, which need to be searched upon in order to find the proper destination, and that process may be resource-consuming as the number of entries in such tables grow. However, the arithmetic framework proposed may speed up the traffic forwarding decisions as relaying on integer divisions and modular arithmetic, which may result more straightforward. Furthermore, two diverse approaches have been proposed to formally describe such a design by means of coding with Spin/Promela, or otherwise, by using an algebraic approach with Algebra of Communicating Processes (ACP), resulting in a explosion state for the former and a specified and verified model in the latter. © 2022 by the authors. Licensee MDPI, Basel, Switzerland.","ACP; CNN; Edge computing; Fog computing; Formal modeling; Promela; Spin","Edge computing; Fog computing; Internet of things; Algebra of communicating process; CNN; Communicating process; Computing scheme; Edge computing; Formal modeling; PROMELA; Remote computing; Spin; Three-layer; arithmetic; article; explosion; velocity; Algebra"
"https://www.scopus.com/pages/publications/85047309261?origin=resultslist","This paper deals with the modeling and performance analysis of the widely used protocol in the Inernet of Things (IoT). Developing a successful IoT application or protocol is still not an easy task due to multiple challenges such as mobility, reliability, scalability, management, availability, interoperability, and security. Therefore, the implementation of protocols for IoT must comply the standards and satisfy the good properties. The formal methods can meet these conditions. The MQTT protocol is currently considered one of the most serious candidates for transporting data within IoT architectures. The contribution of this original paper is outlined in the formal modeling and performance evaluation of MQTT 3.1.1 using timed and probabilistic automata and statistical model checker, respectively, provided in UPPAAL SMC tool-set. © 2019, Springer International Publishing AG, part of Springer Nature.","Formal specification; IoT; MQTT protocol; Performance evaluation; Statisitcal model-checking","Formal methods; Formal specification; Intelligent systems; Internet protocols; Model checking; Network architecture; Real time systems; Inernet of things; Internet of things applications; IOT applications; Iot architectures; Performance analysis; Performance evaluations; Probabilistic automata; Statistical modeling; Internet of things"
"https://www.scopus.com/pages/publications/85118153067?origin=resultslist","Attacks on the Internet of Things are increasing. Unfortunately, transparency and accountability that are paramount to securing Internet of Things devices are either missing or implemented in a questionable manner. Security auditing is a promising solution that has been applied with success in other domains. However, security auditing of Internet of Things devices is challenging because the high-level security recommendations provided by standards and best practices are not readily applicable to auditing low-level device data such as sensor readings, logs and configurations. Additionally, the heterogeneous nature of Internet of Things devices and their resource constraints increase the complexity of the auditing process. Therefore, enabling the security auditing of Internet of Things devices requires the definition of actionable security policies, collection and processing of audit data, and specification of appropriate audit procedures. This chapter focuses on the security auditing of Internet of Things devices. It presents a methodology for extracting actionable security rules from existing security standards and best practices and conducting security audits of Internet of Things devices. The methodology is applied to devices in a smart home environment, and its efficiency and scalability are evaluated. © 2021, IFIP International Federation for Information Processing.","formal verification; Internet of Things; security auditing","Automation; Data handling; Formal verification; Best practices; Device data; Higher-level security; Resource Constraint; Security auditing; Sensor configurations; Sensor logs; Sensor readings; Smart homes; Standard practices; Internet of things"
"https://www.scopus.com/pages/publications/85076972954?origin=resultslist","The increasing presence and utilisation of IoT systems raises many fundamental security and privacy issues that require robust approaches in understanding the behaviour of IoT systems and tackling those issues. In previous works, we demonstrated how some of the security and privacy questions in IoT systems could be answered by means of using federated identity management and authorisation frameworks, such as OAuth, intelligent gateways and personal cloud systems. In this paper, we take these works into a more fundamental level by formally modelling and analysing the OAuthing personal cloud-based IoT system. We demonstrate that this exercise reveals how data is shared across the system, and therefore how security and privacy guarantees can be established at a fundamental level. © 2019 Elsevier B.V.","CSP; Federated Systems; Formal Modelling; IoT",""
"https://www.scopus.com/pages/publications/85068423256?origin=resultslist","The Trickle algorithm is widely used to manage information dissemination in Wireless Sensor Networks (WSN) and it continues to be studied, in order to evaluate its performance or to derive variants or use in higher-level protocols. In this paper, we propose behavioural test models for the Trickle-based Multicast Protocol for Low Power and Lossy Networks (MPL). MPL proposes to use Trickle not only to schedule on-demand retransmissions but also to discover new information that has not yet been received, eventually due to non-deterministic packets loss. Testing such a protocol is challenging as it is used in particular to update sensors functionalities by disseminating prioritized large-scale firmware upgrades in the network. As part of our contribution, we have implemented reachability-based techniques which allow the selection of distributed test objectives in the form of timed scenarios with high-coverage of critical multicast communications achieving an up-to-date state of the sensors network. © 2019 IEEE.","Distributed Trickle algorithm; Internet of Things; Model based testing; Symbolic Transition Systems; Test objectives selection; Wireless Sensor Networks","Firmware; Genetic algorithms; Information dissemination; Internet protocols; Low power electronics; Model checking; Multicasting; Software testing; Wireless sensor networks; Behavioural tests; Firmware upgrades; Higher-level protocols; Model based testing; Multicast communication; Multicast network; Multicast protocol; Symbolic Transition Systems; Internet of things"
"https://www.scopus.com/pages/publications/85151396966?origin=resultslist","Cloud technology and internet of things (IoT) is a quickly developing computing technology through which resources are shared via internet. IoT facilitates seamless interactions between humans and heterogeneous devices including personalized healthcare systems. It has the potential to provide ensure supervision of the elderly, telemonitoring, teleconsultations, and computer-assisted rehabilitation. These healthcare services allow easy access of patient data in real time. However, IoT-based remote patient monitoring and other healthcare applications are growing fast; the hurdle to its growth is security. This chapter proposes a novel remote user authentication scheme for IoT-enabled healthcare applications. The scheme is lightweight and robust to attacks and also has low computational overhead. The proposed scheme satisfies the desired essential attributes of security. A formal verification performed using ProVerif proves the security of the scheme. © 2023, IGI Global. All rights reserved.","",""
"https://www.scopus.com/pages/publications/105018460461?origin=resultslist","This paper introduces a novel probabilistic logic of trust and knowledge developed to formally assess the security of the Internet of Medical Things (IoMT) applications under uncertainty. This logic enables reasoning not only about trust between devices and agents, but also about their knowledge states and the interplay between trust and knowledge in dynamic, partially observable environments. To support formal analysis, a rich set of reasoning postulates have been devised to capture how trust and knowledge interact in IoMT systems, providing a principled foundation for secure decision-making. The semantics and syntax of the trust and knowledge modalities are also defined. A verification procedure tailored to this logic and implementation using the PRISM model checker are also described. Our framework is validated through a real-world Remote Patient Monitoring (RPM) case study, demonstrating its expressive power and practical effectiveness. The results show that reasoning about trust and knowledge together can enhance the interpretability, robustness, and security of IoMT systems in a formal and automated manner. © 2025 IEEE.","Internet of Things (IoT); IoMT; Knowl-edge; Model Checking; Security; Trust; Verification","Decision making; Internet of things; Network security; Probabilistic logics; Semantics; Uncertainty analysis; Epistemic logic; Internet of medical thing; Internet of thing; Knowl-edge; Knowledge state; Models checking; Probabilistics; Security; Trust; Uncertainty; Model checking"
"https://www.scopus.com/pages/publications/85122693603?origin=resultslist","Many autonomous Cyber-Physical Systems (e.g., devices for Internet of Things, Unmanned Autonomous Vehicles, medical devices, etc) are mission-critical (i.e., errors result in loss of money) or safety-critical (i.e., errors result in damage or even death for humans). This motivates research on efficient formal verification methods for such Cyber-Physical Systems. Unfortunately, this is not an easy task, as verifying a Cyber-Physical System entails evaluating a huge number of scenarios (scenario explosion). Furthermore, a unified mathematical model for the (discrete) cyber part and the (continuous) physical part is currently not available. Such obstructions may be mitigated by using Statistical Model Checking, which uses statistical methods to sample the set of scenarios while basing on possibly black-box models of the System Under Verification. In this paper, we review 5 recent real-world and industry-relevant case studies from the literature that involved usage of Statistical Model Checking. Such case studies range on very different application areas, namely: i) intelligent services for peak shaving in smart grids, ii) In-Silico Clinical Trial for medical services, iii) applications for wireless sensor networks; iv) aircraft data networks; v) plug-in electric vehicles. This shows the maturity, feasibility and flexibility of Statistical Model Checking when applied to real-world case studies.  © 2021 Copyright for this paper by its authors. Use permitted under Creative Commons License Attribution.","","Cyber Physical System; Electric power transmission networks; Formal verification; Model checking; Safety engineering; Smart power grids; Wireless sensor networks; Application area; Black box modelling; Case-studies; Formal verification methods; Intelligent Services; Medical Devices; Mission critical; Real-world; Statistical model checking; Unmanned autonomous vehicles; Embedded systems"
"https://www.scopus.com/pages/publications/105040630376?origin=resultslist","The proceedings contain 24 papers. The special focus in this conference is on  Information Security Applications. The topics include: Privacy-Preserving Logistic Regression Using Homomorphic Encryption: An Adaptive Optimization Approach; IoT Botnet Detection Based on the Behaviors of DNS over TLS Queries; Bootstrap-Based Evaluation of Clustering Suitability Across TCP Payload Dataset Structures; Comparative Eval. of SSL Feature Extractors & Classifiers for DFAD; preface; Crashing or Freezing the Bot: LiDAR Spoofing Attacks on ROS 2 UGV; podBeater: Exploiting Multi-value Affinity for Efficient Co-location Attacks in Kubernetes; GUARD-CAN: Graph-Understanding and Recurrent Architecture for CAN Anomaly Detection; A Real-World Dataset to Enhance Intrusion Detection in SDN-IoT Systems; Toward a Stealth Mode of 5G-AKA; Real Environment Tolerance Curve (RETC): Assessing Machine Learning Model Performance Degradation Under Extreme Class Imbalance; TALOS: An Empirical Approach to Building Portable Hands-On Labs for Fundamental Cybersecurity Education Using Open-Source; Impossible Differential Attack on SAND-64; formal Verification of Labyrinth Encrypted Message Storage Protocol in Messenger; Automated VEX Generation and Vulnerability Prioritization Using Inter-Module Symbol Graphs; User Conversation Recovery from ChatGPT Local Artifacts in Web Browsers for Digital Forensic Investigations; interaction-Aware System Call Sequence Analysis for Android Malware Classification; Depth-Optimized Quantum Implementation of CHAM; Quantum Implementation of SHA-1; poC Hash: A Power-of-Commutators Hash over Hamiltonian Quaternions; Detecting Malicious JavaScript Code by Code-Specialized LLM; A Framework for Assessing Nation-State Cyber Attack Capabilities Using MITRE ATT&CK and Large Language Models.","",""
"https://www.scopus.com/pages/publications/85199605275?origin=resultslist","The Internet of Medical Things (IoMT) represents a specialized domain within the Internet of Things, focusing on medical devices that require regulatory approval to ensure patient safety. Trusted composition of IoMT systems aims to ensure high assurance of the entire composed system, despite potential variability in the assurance levels of individual components. Achieving this trustworthiness in IoMT systems, especially when using less-assured, commercial, off-the-shelf networks like Ethernet and WiFi, presents a significant challenge. To address this challenge, this paper advocates a systematic approach that leverages the Architecture Analysis & Design Language (AADL) along with Behavior Language for Embedded Systems with Software (BLESS) specification and implementation. This approach aims to provide high assurance on critical components through formal verification, while using less-assured components in a manner that maintains overall system determinism and reliability. A clinical case study involving an automated opioid infusion monitoring IoMT system is presented to illustrate the application of the proposed approach. Through this case study, the effectiveness of the systemic approach in achieving trusted composition of heterogeneous medical devices over less-assured networks is demonstrated. © 2024 by the authors.","AADL; Architecture Analysis & Design Language; Behavior Language for Embedded Systems with Software; BLESS; composition of medical devices; healthcare; IoMT; IoT; medical device interoperability","Internet of things; Interoperability; Network architecture; Wi-Fi; Analysis/design; Architecture analyse & design language; Architecture analysis; Architecture designs; Behavior language for embedded system with software; Composition of medical device; Design languages; Device interoperability; Embedded-system; Healthcare; Internet of medical thing; IoT; Medical device interoperability; Medical Devices; Embedded systems"
"https://www.scopus.com/pages/publications/84978818541?origin=resultslist","The Internet-of-Things (IoT) aims at integrating small devices around humans. The threat from human insiders in ""regular"" organisations is real; in a fully-connected world of the IoT, organisations face a substantially more severe security challenge due to unexpected access possibilities and information flow. In this paper, we seek to illustrate and classify insider threats in relation to the IoT (by ‘smart insiders’), exhibiting attack vectors for their characterisation. To model the attacks we apply a method of formal modelling of Insider Threats in the interactive theorem prover Isabelle. On the classified IoT attack examples, we show how this logical approach can be used to make the models more precise and to analyse the previously identified Insider IoT attacks using Isabelle attack trees. © Springer International Publishing Switzerland 2016.","","Computer privacy; Forestry; Human computer interaction; Attack-tree analysis; Formal modelling; Information flows; Insider Threat; Interactive theorem prover; Internet of thing (IOT); Logical approaches; Security challenges; Internet of things"
"https://www.scopus.com/pages/publications/105021096028?origin=resultslist","Smart homes equipped with Internet of Things (IoT)-based remote patient monitoring (RPM) systems significantly improve healthcare delivery for vulnerable populations. However, the transmission of sensitive health data over public networks presents critical privacy and security challenges. Existing authenticated key agreement (AKA) protocols often fall short. They either rely on trusted third parties or lack support for secure patient re-identification. This paper proposes a novel lightweight AKA protocol based on zero-trust security principles. It integrates hash functions and exclusive OR (XOR) operations to ensure mutual authentication, session key (SK) confidentiality, and computational efficiency. We verified the protocol's security through formal analysis using the ProVerif tool, demonstrating correctness of authentication and session key secrecy. The informal analysis confirmed the resilience to impersonation, replay, man-in-the-middle (MITM), session key, and ephemeral secret leakage (ESL) attacks. A prototype implementation using Python validated the practicality of the reversible anonymization mechanism. Performance analysis showed that the protocol achieved a computational cost of 3.9 milliseconds (ms), a communication cost of 2112 bits, and a storage overhead of 2528 bits. These features make it well-suited for real-time RPM on resource-limited medical IoT devices. Compared to existing lightweight protocols, the proposed protocol offers both stronger security guarantees and more efficient performance metrics. These results demonstrate that the proposed protocol is a secure, efficient, and privacy-aware solution to safeguard patient data in RPMs.  © 2013 IEEE.","authenticated key agreement; Remote patient monitoring; reversible anonymization; zero-trust security","Authentication; Authentication Protocol; Computational efficiency; Cost benefit analysis; Data privacy; Digital storage; Hash functions; Network security; Public key cryptography; Anonymization; Authenticated key agreement; Authenticated key agreement protocols; Health data; Healthcare delivery; Remote patient monitoring systems; Reversible anonymization; Session key; Smart homes; Zero-trust security; Remote patient monitoring"
"https://www.scopus.com/pages/publications/85055834588?origin=resultslist","The proceedings contain 75 papers. The special focus in this conference is on Cooperative Information Systems. The topics include: Utilizing Twitter Data for Identifying and Resolving Runtime Business Process Disruptions; semantic IoT Gateway: Towards Automated Generation of Privacy-Preserving Smart Contracts in the Internet of Things; crowdsourcing Task Assignment with Online Profile Learning; distributed Collaborative Filtering for Batch and Stream Processing-Based Recommendations; Detecting Constraints and Their Relations from Regulatory Documents Using NLP Techniques; empirical Analysis of Sentence Templates and Ambiguity Issues for Business Process Descriptions; evolution of Instance-Spanning Constraints in Process Aware Information Systems; process Histories - Detecting and Representing Concept Drifts Based on Event Streams; lifecycle-Based Process Performance Analysis; modeling Process Interactions with Coordination Processes; a Relevance-Based Data Exploration Approach to Assist Operators in Anomaly Detection; exploiting Smart City Ontology and Citizens’ Profiles for Urban Data Exploration; design and Performance Analysis of Load Balancing Strategies for Cloud-Based Business Process Management Systems; Towards Cooperative Semantic Computing: A Distributed Reasoning Approach for Fog-Enabled SWoT; enhancing Business Process Flexibility by Flexible Batch Processing; scheduling Business Process Activities for Time-Aware Cloud Resource Allocation; designing Process Diagrams – A Framework for Making Design Choices When Visualizing Process Mining Outputs; a Viewpoint for Integrating Costs in Enterprise Architecture; Coop-DAAB: Cooperative Attribute Based Data Aggregation for Internet of Things Applications; on Cancellation of Transactions in Bitcoin-Like Blockchains; blockchain-Based Collaborative Development of Application Deployment Models; spam Detection Approach for Cloud Service Reviews Based on Probabilistic Ontology; formal Modelling and Verification of Cloud Resource Allocation in Business Processes.","",""
"https://www.scopus.com/pages/publications/85164620921?origin=resultslist","Our study details the development and validation of an orchestrator-controlled robotic network that effectively organizes and manages the activities of multiple robots. The design workflow is based on a model-driven methodology that allows for the independent specification of robot behaviour, which can be successfully refined regardless of the physical architecture. The main focus of this study involves the verification and analysis of robot orchestration by building formal models in a component–port–connector fashion supported by BIP language (behaviour–interaction–priority). The model also helps to study the automated orchestration with the help of a centralized computer tasks manager. The related functional requirements gathered from industrial partners are specified in temporal logic. Statistical model checking is performed to verify the model’s correctness, providing a functional assurance to achieve the deployment. Validation is a carry out using a dedicated robotic platform simulator. We demonstrate the capability of the verification artefact for the Brain-IoT (https://cordis.europa.eu/project/id/780089) platform and ways of applying them to potentially complex case studies. © 2023, The Author(s), under exclusive licence to Springer Science+Business Media, LLC, part of Springer Nature.","Internet of Things; Robotics; Scalability; Statistical model checking","HTTP; Internet of things; Machine design; Model checking; Component ports; Design workflow; Formal modeling; Model-driven methodology; Multiple-robots; Physical architecture; Robot behavior; Robotic networks; Statistical model checking; Verification and analysis; Robots"
"https://www.scopus.com/pages/publications/84941002989?origin=resultslist","With the rapid advancement of Internet of Things, interaction behaviors among their industrial equipments have been complex dramatically whereas they have been becoming a kind of safety-critical systems and high requirements for safety have been urgent unprecedentedly. Therefore, it has been a great challenge for practicing engineers to ensure temporal correctness and reliability of interaction behaviors among industrial equipments. Nowadays, π-calculus, a process algebra and NuSMV, a symbolic model checker, have been widely applied to address this posed challenge respectively. However, they are always used separately. Because different formal methods focus on different aspects of systems, only one single method is still difficult to cope very well with the posed challenge. Therefore in this paper, an integrated framework of formal methods, which combines π-calculus with NuSMV, is constructed. π-Calculus can definitely specify equipment interaction, and NuSMV can automate verification process. Especially counterexamples fed back by NuSMV can help practicing engineers to trace temporal violations. Furthermore, a cooperative traffic lights control strategy is illuminated to show how the framework works. © 2015 Elsevier B.V.","Formal methods; Formal verification; Interaction behaviors among industrial equipments; Model checking","Accident prevention; Calculations; Equipment; Formal verification; Machinery; Model checking; Industrial equipment; Integrated frameworks; Interaction behavior; Practicing engineers; Safety critical systems; Symbolic model checkers; Temporal correctness; Verification process; Formal methods"
"https://www.scopus.com/pages/publications/85176086631?origin=resultslist","The proceedings contain 422 papers. The topics discussed include: PhyAuth: physical-layer message authentication for ZigBee networks; time for change: how clocks break UWB secure ranging; capstone: a capability-based foundation for trustless secure memory access; examining consumer reviews to understand security and privacy issues in the market of smart home devices; detecting and handling IoT interaction threats in multi-platform multi-control-channel smart homes; lessons lost: incident response in the age of cyber insurance and breach attorneys; a bug’s life: analyzing the lifecycle and mitigation process of content security policy bugs; PatchVerif: discovering faulty patches in robotic vehicles; systematic assessment of fuzzers using mutation analysis; HomeSpy: the invisible sniffer of infrared remote control of smart TVs; PCAT: functionality and data stealing from split learning by pseudo-client attack; a plot is worth a thousand words: model information stealing attacks via scientific plots; detecting multi-step IAM attacks in AWS environments via model checking; and Cipherfix: mitigating ciphertext side-channel attacks in software.","",""
"https://www.scopus.com/pages/publications/105004857144?origin=resultslist","The rapid expansion of the Internet of Things (IoT) has made software security and reliability a critical concern. With multi-language programs running on edge computing, embedded systems, and sensors, each connected device represents a potential attack vector, threatening data integrity and privacy. Symbolic execution is a key technique for automated vulnerability detection. However, unknown function interfaces, such as sensor interactions, limit traditional concrete or concolic execution due to uncertain function returns and missing symbolic expressions. Compared with system simulation, the traditional method is to construct an interface abstraction layer for the symbolic execution engine to reduce the cost of simulation. Nevertheless, the disadvantage of this solution is that the manual modeling of these functions is very inefficient and requires professional developers to spend hundreds of hours. In order to improve efficiency, we propose an LLM-based automated approach for modeling unknown functions. By fine-tuning a 20-billion-parameter language model, it automatically generates function models based on annotations and function names. Our method improves symbolic execution efficiency, reducing reliance on manual modeling, which is a limitation of existing frameworks like KLEE. Experimental results primarily focus on comparing the usability, accuracy, and efficiency of LLM-generated models with human-written ones. Our approach was integrated into one verification platform project and applied to the verification of smart contracts with distributed edge computing characteristics. The application of this method directly reduces the manual modeling effort from a month to just a few minutes. This provides a foundational validation of our method’s feasibility, particularly in reducing modeling time while maintaining quality. This work is the first to integrate LLMs into formal verification, offering a scalable and automated verification solution for sensor-driven software, blockchain smart contracts, and WebAssembly systems, expanding the scope of secure IoT development. © 2025 by the authors.","LLM; sensors; symbolic execution; vulnerability verification; WebAssembly","Computer software selection and evaluation; Embedded software; Formal verification; Sensitive data; Software reliability; concrete; Automated modelling; Driven system; Edge computing; LLM; Multi languages; Security verification; Software security; Symbolic execution; Vulnerability verification; Webassembly; article; blockchain; data integrity; human; internet of things; language model; reliability; sensor; simulation; software; vulnerability; Model checking"
"https://www.scopus.com/pages/publications/105024953906?origin=resultslist","Amid the rapid development of the Internet of Things and its impact on various areas of life, ensuring compatibility between different system components is becoming an urgent task. This is especially important in the context of developing and integrating Internet of Things systems with a high level of diversity and dynamism. In this article, we consider the problem of interoperability of Internet of Things components, focusing on application layer protocols that are key to ensuring intercomponent interaction. The main purpose of the article is to develop and validate a model that will optimize the processes of interaction between system components, taking into account the specifics of protocols. The model is based on the use of temporal action logic, which provides formal verification of interactions between components and allows identifying potential compatibility problems at the early stages of development. The developed model has been tested using a software simulator that allows simulating various scenari os of interaction in the Internet of Things network. The experimental results demonstrate the effectiveness of the proposed methodology in increasing the level of interoperability between system components, which in turn reduces the risks of data loss and ensures the stability of Internet of Things systems. Due to the in-depth analysis and development of specialized methods and tools, this study makes a significant contribution to the development of theoretical and practical aspects of interoperability. However, to further improve the accuracy and versatility of the model, additional empirical studies with a larger data set are recommended. © Timenko A., Shkarupylo V., Kulykovska N., Hrushko S., 2024.","device compatibility; interaction protocol; Internet of Things; temporal logic of actions",""
"https://www.scopus.com/pages/publications/85096103276?origin=resultslist","The Internet of things (IoT) will accommodate several billions of devices to the Internet to enhance human society as well as to improve the quality of living. A huge number of sensors, actuators, gateways, servers, and related end‐user applications will be connected to the Internet. All these entities require identities to communicate with each other. The communicating devices may have mobility and currently, the only main identity solution is IP based identity management which is not suitable for the authentication and authorization of the heterogeneous IoT devices. Sometimes devices and applications need to communicate in real‐time to make decisions within very short times. Most of the recently proposed solutions for identity management are cloud‐based. Those cloud‐based identity management solutions are not feasible for heterogeneous IoT devices. In this paper, we have proposed an edge‐fog based decentralized identity management and authentication solution for IoT devices (IoTD) and edge IoT gateways (EIoTG). We have also presented a secure communication protocol for communication between edge IoT devices and edge IoT gateways. The proposed security protocols are verified using Scyther formal verification tool, which is a popular tool for automated verification of security protocols. The proposed model is specified using the PROMELA language. SPIN model checker is used to confirm the specification of the proposed model. The results show different message flows without any error. © 2020 by the authors. Licensee MDPI, Basel, Switzerland.","Authentication; Authorization; Context‐aware computing; Decentralized; Edge computing; Fog computing; Identity management; IoT; IoT security; Trust; Trusted computing platform","Authentication; Formal verification; Gateways (computer networks); Model checking; Network security; Secure communication; Authentication and authorization; Authentication solutions; Automated verification; Formal verification tools; Identity management; Internet of thing (IOT); Promela language; Security protocols; article; communication protocol; human; human experiment; internet of things; language; trust; Internet of things"
"https://www.scopus.com/pages/publications/85147213815?origin=resultslist","Smart Grid is an indispensable part of the Internet of Things (IoT) and has the potential to revolutionise the electricity energy industry. Smart meters, as an important component of Smart Grid, are responsible for the exchange of information between end consumers and service providers. Smart meters and service providers need to use authentication key exchange protocols (AKE) to establish a secure session for secure information transmission. However, The current state-of-the-art lightweight solutions do not support identity anonymity and mostly have high communication costs. This paper proposes a lightweight and secure mutual authentication scheme, which is particularly designed for devices with limited computing capability to provide identity anonymity such as smart meters, based on the Shangyong Mima 2 (SM2) AKE protocol stipulated by the State Cryptography Administration of China. We conducted formal analysis of the security of the proposed scheme and proved its security. In addition, the computational overhead of the protocol was evaluated through performance analysis. Compared with related lightweight protocols, our scheme can reduce up to 30%-40% computational overhead. The results verified that the proposed scheme is indeed suitable for secure communication involving devices with constrained computing capability.  © 2010-2012 IEEE.","authentication key exchange; Internet of Things; SM2; Smart grid","Authentication; Computation theory; Cryptography; Electric power transmission; Internet of things; Smart power grids; Authentication Key Exchanges; Computational modelling; Computational overheads; Computing capability; Key exchange protocols; Security; Service provider; Shangyong mima 2; Smart grid; Smart meters"
"https://www.scopus.com/pages/publications/85127821991?origin=resultslist","Trigger-Action-Programming (TAP) is a most widely used End User Development (EUD) tool for Internet of Things (IoT). However, end users often cannot differentiate between distinct kinds of triggers and actions. They also make erroneous combinations of those. Consequently, inconsistencies, and bugs are exhibited in behavior of IoT objects. To resolve this issue, end users need to be guided to interpret different triggers, actions and their combinations effectively. In this case, precise representation of temporal and contextual aspects of triggers and actions can assist. Moreover, vast and growing numbers of IoT objects as well as increasing numbers customized rules create scalability issues. To address these drawbacks, this paper has proposed an upper level ontology named as Trigger Action Ontology (TAO) that provides meta rule semantics for TAP. The contribution of proposed ontology specification is to present formal semantics of temporal and contextual aspects of triggers and actions. Further, the ontology is implemented in Protégé. In addition, the expressiveness of the proposed ontology is illustrated using a suitable case study. © 2022, EasyChair. All rights  reserved.","End User Development; Internet of Things; Ontology; Trigger Action Programming","Formal methods; Internet of things; Semantics; Development tools; End-User Development; End-users; Formal Semantics; Meta rules; Ontology's; Ontology-based; Scalability issue; Trigger action programming; User need; Ontology"
"https://www.scopus.com/pages/publications/105027528474?origin=resultslist","Modern IT infrastructures, especially IoT and cyber-physical systems, require systematic and repeatable security assessment methods. A persistent challenge concerns the correctness and completeness of the system model underlying such analyses, which directly affect the quality of threat modeling and penetration test planning. Existing model-based approaches support these activities, but rarely ensure that the adopted model is both structurally valid and representative of the real system. This paper addresses this gap by introducing a formal modeling framework and extending a security assessment methodology (ESSecA) with a cyclical refinement process. At its core lies the Multi-purpose Application Composition Model (MACM), a property-graph formalism equipped with a schema and a set of syntactic and semantic constraints that define the space of admissible models. These constraints are automatically verified through formal checks (e.g., Cypher queries and Neo4j triggers), enabling automated verification of model correctness throughout the assessment lifecycle. As a result, any model accepted by the framework is guaranteed to comply with the rules of the modeling system. The cyclical refinement process complements this by addressing model completeness. Penetration testing results are iteratively reintegrated into the model, enriching it with newly discovered elements and interactions. This produces progressively more accurate system representations, which in turn yield more comprehensive threat models and increasingly precise penetration test plans, effectively mitigating grey-box limitations. The contribution is demonstrated through two case studies: the eWeLink IoT ecosystem, illustrating MACM's modeling and validation capabilities, and the JetRacer autonomous vehicle platform, showcasing the full iterative methodology. Overall, the proposed approach combines a formal modeling system with a cyclic refinement process that exploits such formal guarantees to progressively enhance model completeness, ultimately strengthening threat modeling and penetration test planning. © 2025 The Author(s)","CAPEC; Internet of Things; IoT; Penetration Testing; Security; Security Assessment; System Modeling; Threat Modeling",""
"https://www.scopus.com/pages/publications/85118661831?origin=resultslist","With the development of the Internet of Things (IoT) and the Internet, new kinds of services based on IoT devices will benefit everyone. As a key step in achieving a complex business structure based on a massive number of IoT devices, establishing an effective service composition is extremely important. The emerging architecture of composition is related to process management and is subject to security risks, such as privacy leaks. Traditional service composition methods have difficulty verifying the timed privacy requirements of an IoT service composition. Therefore, this paper proposes an automatic method of transforming Business Process Execution Language (BPEL) into timed automata for formal verification, with the aim of formalizing timed privacy requirements for the IoT service composition and verifying the formal model returned to the UPPAAL supporting tool. First, a privacy requirement template is introduced to analyze the structure of the IoT service composition. Then, a timed computation tree logic (TCTL) property formula template is used to describe the privacy requirements, especially time constraints. Second, an extended timed I/O automata model, namely, the Sensitive Data Timed I/O Automata (SDTIOA) model, is proposed to formalize communication behavior, sensitive data treatment, and service time. Third, the corresponding transformation rules and algorithms are designed for BPEL and SDTIOA. These models can be adjusted through user interaction. Next, as a practical engineering application, we develop a prototype to show how to work with UPPAAL and generate UPPAAL code from SDTIOA code. Finally, a case study is discussed to illustrate the processes of modeling and timed verification for an IoT service composition. © 2021, The Author(s), under exclusive licence to Springer Science+Business Media, LLC, part of Springer Nature.","BPEL verification; IoT service composition; Privacy requirements; Timed automata; UPPAAL; User interactions","Automata theory; Codes (symbols); Formal verification; Quality of service; Structure (composition); Web services; Automaton model; Business Process Execution Language; Business process execution language verification; Internet of thing service composition; Privacy requirements; Sensitive datas; Services composition; Timed Automata; UPPAAL; User interaction; Internet of things"
"https://www.scopus.com/pages/publications/85078257427?origin=resultslist","With the development of Internet of Things (IoT) technology, the demand for secure communication by smart devices has dramatically increased, and the security of the IoT protocol has become the focus of cyberspace. Recently, some scholars have attempted to extend the IPSec protocol to IPv6 over Low-Power Wireless Personal Area Networks (6LoWPAN) to ensure end-to-end security, which makes it essential to analyze the vulnerability of the IPSec protocol to enhance the security of the IoT. In this study, we use a method combining model learning and model checking to analyze the dynamic vulnerability of IPSec protocol implementations. This method automatically infers the black-box model and compares it with the relevant specifications to expose the defects of the system implementation and search its logic vulnerabilities. We first employ model learning on three IPSec implementations to infer state machine models; then, we use model checking to verify that these models satisfy basic security properties and conform to the RFCs. Our analysis reveals three new security issues: a wrong interaction causing server exception and two violations of the standard. © 2013 IEEE.","Ipsec protocol; Model checking; Model learning","Internet of things; Internet protocols; Learning systems; Low power electronics; Network security; Personal communication systems; End-to-end security; Internet of Things (IOT); IPsec protocol; IPv6 over low-power wireless personal area networks (6LoWPAN); Logic Vulnerabilities; Model learning; State machine models; System implementation; Model checking"
"https://www.scopus.com/pages/publications/85113710645?origin=resultslist","Emerging technologies, like self-driving cars, drones, and the Internet-of-Things must not impose threats to people, neither due to accidental failures (safety), nor due to malicious attacks (security). As historically separated fields, safety and security are often analyzed in isolation. They are, however, heavily intertwined: measures that increase safety often decrease security and vice versa. Also, security vulnerabilities often cause safety hazards, e.g. in autonomous cars. Therefore, for effective decision-making, safety and security must be considered in combination. This paper discusses three major challenges that a successful integration of safety and security faces: (1) The complex interaction between safety and security (2) The lack of efficient algorithms to compute system-level risk metrics (3) The lack of proper risk quantification methods. We will point out several research directions to tackle these challenges, exploiting novel combinations of mathematical game theory, stochastic model checking, as well as the Bayesian, fuzzy, and Dempster-Schafer frameworks for uncertainty reasoning. Finally, we report on early results in these directions. © 2021, Springer Nature Switzerland AG.","Attack trees; Fault tree-attack tree integration; Fault trees; Interaction; Model-based; Safety; Security","Accidents; Autonomous vehicles; Behavioral research; Decision making; Game theory; Network security; Stochastic models; Stochastic systems; Cyber security; Emerging technologies; Malicious attack; Mathematical games; Risk quantification; Safety and securities; Security vulnerabilities; Uncertainty reasoning; Model checking"
"https://www.scopus.com/pages/publications/85090056135?origin=resultslist","Unmanned Aerial Vehicle (UAV) has extensively been practiced in the military and civilian surveillance systems that access sensitive data over the cellular networks. However, channel insecurity and battery limitation may not protect the aerial coverage area. Thus, sensitive information gathered through aerial vehicles causes security threats. To manage the security issues, Smart Internet of Drone (S-IoD) have been evolved to use Intelligent Personal Assistant (IPA) as a software agent while monitoring and observing areas of interest. The current state-of-the-art technologies provide ubiquitous communication to enable several Internet of Things (IoT) paradigms. It achieves a feature of a decision support system that allows the smart interaction and communication between real-time entities. IPA offers smart interaction with other smart real-time entities to gain the user's knowledge and awareness. This paper presents an S-IoD framework for a UAV environment that independently collects sensible information. In order to reduce the computation cost of the authentication protocol, a lightweight privacy-preserving scheme (L-PPS) is introduced. The proposed L-PPS is constructive to provide the robustness between the IoT devices with a valid authentication period. To demonstrate the security and performance efficiencies, the formal verification was performed using a verification tool, Scyther, and a random oracle model. In addition, the proposed L-PPS introduces a secret token and dynamic user authentication to speed up the authentication process between the communication entities. Importantly, the authentication session of L-PPS does not use any complex cryptographic operations, whereby it has less computation and communication costs to meet the standard constraints of surveillance systems. Moreover, the obtained simulation analysis proves that the proposed L-PPS achieves better quality metrics than other authentication schemes in the literature. © 2020 Elsevier B.V.","Authentication; Internet of drone; Privacy-preserving; Session-key agreement; Unmanned aerial vehicle","Antennas; Authentication; Cryptography; Decision support systems; Formal verification; Military vehicles; Network security; Security systems; Software agents; Unmanned aerial vehicles (UAV); Authentication protocols; Communication entities; Cryptographic operations; Internet of Things (IOT); Security and performance; Sensitive informations; State-of-the-art technology; Ubiquitous communication; Internet of things"
"https://www.scopus.com/pages/publications/85176551210?origin=resultslist","The proceedings contain 422 papers. The topics discussed include: PhyAuth: physical-layer message authentication for ZigBee networks; time for change: how clocks break UWB secure ranging; capstone: a capability-based foundation for trustless secure memory access; examining consumer reviews to understand security and privacy issues in the market of smart home devices; detecting and handling IoT interaction threats in multi-platform multi-control-channel smart homes; lessons lost: incident response in the age of cyber insurance and breach attorneys; a bug’s life: analyzing the lifecycle and mitigation process of content security policy bugs; PatchVerif: discovering faulty patches in robotic vehicles; systematic assessment of fuzzers using mutation analysis; HomeSpy: the invisible sniffer of infrared remote control of smart TVs; PCAT: functionality and data stealing from split learning by pseudo-client attack; a plot is worth a thousand words: model information stealing attacks via scientific plots; detecting multi-step IAM attacks in AWS environments via model checking; and Cipherfix: mitigating ciphertext side-channel attacks in software.","",""
"https://www.scopus.com/pages/publications/85189789293?origin=resultslist","The healthcare industry is a knowledge-driven system and continuously expanding with enormous volumes of narrative data that are typically stored in unstructured and non-standardized formats. Therefore, it is challenging for systems to manage massive amounts of narrative data, comprehend the contents of these data, find relevant and useful healthcare information, and make decisions. In the healthcare domain, ontologies provide a formal specification of health data for knowledge representation and data integration. Therefore, ontologies enable the representation of health information in a machine-readable form and allow this information to be shared, reused, and used to make deductions. In recent years, modern healthcare services have been significantly affected by the growth of the interconnectedness of systems and the improvements in the Internet of Things (IoT). Moreover, wearables and implantable appliances enhance people's quality of life and ease their life by performing continuous health monitoring. IoT technologies facilitate data flow across multiple entities in healthcare systems and deal with different data formats. Semantic Web and ontologies provide interoperability among IoT ecosystems by describing concepts and relationships between different entities. Nevertheless, extracting concepts and relationships from the healthcare domain is one of the most important processes in ontology development. Therefore, Semantic Web technologies benefit from Natural Language Processing (NLP) technologies to convert unstructured health data to meaningful representations. Thus, the structured and unstructured data can be combined by integrating NLP and Semantic Web technologies. Hence, NLP is a fundamental capability for cognitive computing systems and is frequently characterized as a behavioral technology that assists computers in understanding and comprehending human language. In the health domain, NLP techniques are used to gather unstructured healthcare data, examine its grammatical structure, and ascertain its meaning. Consequently, NLP techniques increase the quality of healthcare services while reducing costs. This chapter presents the NLP methods applied to the IoT-enabled healthcare domain in the scope of semantic intelligence. For this purpose, the main principles of NLP for the Semantic Web, and methodologies for creating ontologies by utilizing the NLP techniques to process heterogeneous data sources are presented. Also, the relationship between NLP and Semantic Web is explored within the context of ontology creation and population for IoT-based healthcare systems. Finally, the recent studies, applications, opportunities, and challenges in the related field are examined. © 2024 Akademische Verlagsgesellschaft AKA GmbH, Berlin. All rights reserved.","Cognitive computing; Healthcare; IoT; Natural language processing; Ontology; Semantic web",""
"https://www.scopus.com/pages/publications/85080912375?origin=resultslist","The Internet of Vehicles (IoV) is an important artificial intelligence research field for intelligent transportation applications. Complex event interactions are important methods for data flow processing in a Vehicle to Everything (V2X) environment. Unlike the classic Internet of Things (IoT) systems, data streams in V2X include both temporal information and spatial information. Thus, effectively expressing and addressing spatiotemporal data interactions in the IoV is an urgent problem. To solve this problem, we propose a spatiotemporal event interaction model (STEIM). STEIM uses a time period and a raster map for its temporal model and spatial model, respectively. In this paper, first, we provide a spatiotemporal operator and a complete STEIM grammar that effectively expresses the spatiotemporal information of the spatiotemporal event flow in the V2X environment. Second, we describe the design of the operational semantics of the STEIM from the formal semantics. In addition, we provide a spatiotemporal event-stream processing algorithm that is based on the Petri net model. The STEIM establishes a mechanism for V2X event-stream temporal and spatial processing. Finally, the effectiveness of the STEIM-based system is demonstrated experimentally. © 2020 Cheng Xu et al.","","Formal methods; Internet of things; Petri nets; Semantics; Artificial intelligence research; Intelligent transportation; Internet of Things (IOT); Operational semantics; Spatio-temporal data; Spatio-temporal events; Spatiotemporal information; Spatiotemporal operators; Data streams"
"https://www.scopus.com/pages/publications/85135901102?origin=resultslist","With the growing popularity of the Internet-of-Things (IoT), massive numbers of specialized devices are deployed worldwide, in many everyday settings, including homes, offices, vehicles, public spaces, and factories. Such devices usually perform sensing and/or actuation. Many of them handle sensitive and personal data. If left unprotected, ambient sensing (e.g., of temperature, motion, audio, or video) can leak very private information. At the same time, some IoT devices use low-end computing platforms with few (or no) security features.There are many well-known techniques to secure sensed data, e.g., by authenticating communication end-points, encrypting data before transmission, and obfuscating traffic patterns. Such techniques protect sensed data from external adversaries, while assuming that the sensing device itself is secure. Meanwhile, both the scale and frequency of IoT-focused attacks are growing. This prompts a natural question: how to protect sensed data even if all software on the device is compromised? Ideally, in order to achieve this, sensed data must be protected from its genesis, i.e., from the time when a physical analog quantity is converted into its digital counterpart and becomes accessible to software. We refer to this property as PfB: Privacy-from-Birth.In this work, we formalize PfB and design Verified Remote Sensing Authorization (VERSA) - a provably secure and formally verified architecture guaranteeing that only correct execution of expected and explicitly authorized software can access and manipulate sensing interfaces, specifically, General Purpose Input/Output (GPIO), which is the usual boundary between analog and digital worlds on IoT devices. This guarantee is obtained with minimal hardware support and holds even if all device software is compromised. VERSA ensures that malware can neither gain access to sensed data on the GPIO-mapped memory nor obtain any trace thereof. VERSA formally verified and its open-sourced implementation targets resource-constrained IoT edge devices, commonly used for sensing. Experimental results show that PfB is both achievable and affordable for such devices.  © 2022 IEEE.","Cryptography; Embedded-Systems-Security; Formal-Verification; Hardware-Security-Monitor; IoT-Privacy; Linear-Temporal-Logic","Authorization; Data obfuscation; Digital devices; Embedded systems; Formal verification; Hardware security; Malware; Remote sensing; Sensitive data; Ambient sensing; Embedded systems securities; General Purpose Input/Outputs; Hardware-security-monitor; Home office; Internet-of-thing-privacy; Linear temporal logic; Public space; Remote-sensing; Security monitors; Internet of things"
"https://www.scopus.com/pages/publications/84931036213?origin=resultslist","Key2phone is a mobile access solution which turns mobile phone into a key for electronic locks, doors and gates. In this paper, we elicit and analyse the essential and necessary safety and security requirements that need to be considered for the Key2phone interaction system. The paper elaborates on suggestions/solutions for the realisation of safety and security concerns considering the Internet of Things (IoT) infrastructure. The authors structure these requirements and illustrate particular computational solutions by deploying the Labelled Transition System Analyser (LTSA), a modelling tool that supports a process algebra notation called Finite State Process (FSP). While determining an integrated solution for this research study, the authors point to key quality factors for successful system functionality. © Springer International Publishing Switzerland 2015.","","Algebra; Mobile security; Computational solutions; Finite state process; Integrated solutions; Internet of thing (IOT); Labelled transition systems; Safety and securities; Security requirements; System functionality; Formal methods"
"https://www.scopus.com/pages/publications/85115960353?origin=resultslist","IoT applications and other distributed control applications are characterized by the interaction of many hardware and software components. The inherent complexity of the distributed functionality introduces challenges on the detection and correction of issues related to functionality or performance, which are only possible to do after system prototypes or pilot installations have been built. Correcting these issues is typically very expensive, which could have been avoided by earlier detection. This paper makes four main contributions. (1) It presents a virtual prototyping approach to specify and analyze distributed control applications. The approach is based on a domain model, which can be configured for a specific application. It consists of eight domainspecific languages (DSLs), each describing one system aspect. (2) The DSLs provide each stakeholder in the application’s lifecycle a natural and comprehensible way to describe his/her concerns in an unambiguous manner. (3) The paper shows how the DSLs are used to automatically detect common configuration errors and erroneous behavior. (4) The virtual prototyping approach is demonstrated using a lighting domain case study, in which the control system of an office floor is specified and analyzed. © 2019 by SCITEPRESS - Science and Technology Publications, Lda. All rights reserved.","Distributed Control Systems; Domain-specific Languages; IoT Systems; Lighting Systems; Model Checking; Model Transformations; Simulation; System Validation; Virtual Prototyping",""
"https://www.scopus.com/pages/publications/105028553992?origin=resultslist","Polio remains an extreme health challenge in numerous weak and high-risk regions such as Pakistan, Afghanistan, Nigeria mainly due to ineffective monitoring and the lack of integrated digital systems for immunization organization and management. The current Polio Vaccination System (PVS) of Pakistan faces many problems and issues while eradicating poliovirus because the current system is completely paper based where data is added to sheets manually and there is a big chance of data loss. A system is efficient that make the vaccination campaign successful and remove flaws that we have faced in the current system. This research framework presents a formal approach to design and verification with integration of IoT-enabled digital polio system using Colored Petri Nets (CPNs). Its helps to leverage the IoT devices for real-time data collection, communication, and control of field-level immunization activities. With the help of modeling the system of CPNs, we ensured the formal verification of process correctness, consistency, and deadlock-free process. The model simulates interactions amongst the key mechanisms, including health workers, supervising and observing units to enable an accurate analysis of system behaviour. Formal validation through Colored Petri Nets and state space analysis confirms the reliability, correctness and scalability of the system. The approach proposes a verifiable, adaptable and flexible solution in support of the national polio eradication programs with the help of digitation, transparency, and intelligent management. The proposed system will prove efficient and flawless as compared to the current manual system because it will use a data entry device in place of a hand-held register, the security personnel with the community health workers will move Door-to-Door to vaccinate the children. Results validate the proposed model as robust a good, reliable and complete with IoT enabled smart system along Colured Petri Net and formal method. © 2026","Colored Petri Nets; Formal method; Polio vaccination; Poliovirus; Validation; Verification","Formal verification; Health risks; Immunization; Reliability analysis; Vaccines; 'current; Afghanistan; Colored Petri Nets; Current system; Formal approach; Nigeria; Pakistan; Polio vaccination; Polio virus; Validation; Petri nets"
"https://www.scopus.com/pages/publications/84945928018?origin=resultslist","Sending and receiving data is an important requirement of all computing infrastructures with components that need to interact. This interoperability requirement has been the focus of research since the beginning of the computer age. In this paper we will illustrate that in order to achieve interoperability, computer hardware and software have to be able to interpret data, i.e., understand their structure and their meaning. That understanding has to be conveyed somehow from the real world by the creators of the computing components and brought into a machine-processable form. In most cases, that means that formal models of those real world aspects have to be created and transferred into the computing environment. Here we will show from a data-centric point of view how those models developed over time from early relational database models, via document models and the (Semantic)Web to Linked Data and the Internet of Things. © Springer International Publishing Switzerland 2016.","",""
"https://www.scopus.com/pages/publications/85142489301?origin=resultslist","Internet of Things (IoT) services are gaining increasing popularity, and IoT devices are widely deployed at many smart homes. Among all the IoT communication protocols, Zigbee is a dominant one used by billions of devices and customers. However, the design of Zigbee has not been carefully evaluated and could be exploited by attackers. In this paper, we focus on Zigbee's network rejoin procedure, which aims to allow devices to automatically recover their network status when they accidentally go offline. We develop an automated verification tool Verejoin to perform a systematic study on the rejoin procedure. Using this tool, we not only confirm a well-known design flaw, but also reveal two undiscovered design flaws. Moreover, we construct four proof-of-concept (PoC) attacks to exploit these design flaws. These vulnerabilities create new attack surfaces for attackers to manipulate Zigbee devices, and the damage of these vulnerabilities ranges from denial of service to device hijacking. We further design a Zigbee testing tool ZigHomer to confirm these vulnerabilities in real-world devices. Using ZigHomer, we conduct thorough evaluations of off-the-shelf Zigbee devices from leading IoT vendors, and the evaluation result shows the prevalence and severity of these vulnerabilities. Finally, we reported our findings to related parties, and they all acknowledged the significant security impact. We further collaborate with Zigbee Alliance to amend the Zigbee specification, and successfully addressed our reported vulnerabilities.  © 2022 ACM.","model checking; network rejoin procedure; Zigbee","Automation; Denial-of-service attack; Intelligent buildings; Internet of things; Model checking; Automated verification; Communications protocols; Models checking; Network rejoin procedure; Network status; Offline; Smart homes; System vulnerability; ZigBee device; ZigBee networks; Zigbee"
"https://www.scopus.com/pages/publications/85082167710?origin=resultslist","With the advancement in technology, the Internet of Things (IoT) systems has been blooming in leap and bounds. It aims at connecting things such as vehicles, hospitals, industries, and consumers through the Internet. The increase in a number of IoT devices and the heterogeneity of their network connection is increasing day by day; it has given rise to several challenges such as authenticity, cost and usability, scalability, interoperability, mobility, and many more. Interoperability is one of such security challenges which has the ability for systems or components to communicate with each other, regardless of their manufacturer or technical specifications. Further, security and privacy issue is also a significant concern in the IoT environment. So, the IoT system must be secured, and proper authentication schemes have to be integrated to restrain the unauthorized access. Besides, the limited computation capability of the sensor generates the need for the light-weight authentication protocol. In this regard, this paper discusses an interoperable light-weight authentication protocol for the IoT system. To demonstrate the feasibility of the scheme, we employed a widely used formal verification tool Proverif for correctness proof of the scheme. Additionally, informal security analysis demonstrates that the scheme is secure against most of the known attacks. © 2020 IEEE.","Authentication; ECC; IoT; Proverif","Authentication; Automobile manufacture; Interoperability; Network security; Authentication and key agreements; Authentication protocols; Authentication scheme; Formal verification tools; Internet of thing (IOT); Proverif; Security and privacy issues; Technical specifications; Internet of things"
"https://www.scopus.com/pages/publications/85130561398?origin=resultslist","Smart home technology is one of the significant emerging applications in the Internet of Things that facilitates the user to control home devices in the remote manner. In this context, investigating and addressing IoT security issues is highly challenging as the operating strategies of IoT application differs due to their heterogeneity characteristics. At this juncture, an authentication mechanism with anonymity and efficiency is necessary for facilitating secure communication in the smart home scenario, since the user or home communication channels are generally determined to be highly insecure. In this paper, Similarity Learning-Based Supervised Discrete Hash Signature Scheme (SLSDHS) is proposed for achieving secure user during the process of smart home authentication. It leverages the mutual association between possible semantic labels in order to learn maximized more stable hash codes, which is a predominant improvement over the traditional hash code approaches. The communication overhead and computation overhead of the proposed SLSDHS is identified to be considerably minimized compared to the benchmarked schemes used for comparison. The security analysis of the proposed SLSDHS scheme evaluated using informal analysis, formal analysis and AVIPSA tool-based model checks confirmed its predominance with respect to automated testing of internet security protocols. © The Electrochemical Society","","Automation; Hash functions; Intelligent buildings; Internet of things; Network security; Semantics; Authentication mechanisms; Emerging applications; Hash signature; Home devices; Operating strategy; Security issues; Signature Scheme; Similarity learning; Smart Home Technology; Smart homes; Authentication"
"https://www.scopus.com/pages/publications/85140295705?origin=resultslist","Every time an Internet of Things (IoT) solution is deployed, every time a smartphone owner connects her/his wireless device to a wearable activity-tracker, every time groups of citizens use geo-mapping applications to move around the city, choosing the least crowded path, data are produced and information have to be exchanged appropriately via APIs. Even if novel added-value IoT-based applications appear on the market with increasing speed, true semantic interoperability is far from being achieved, thus limiting the large-scale exploitation, the scalability and the time-to-market of novel apps. Currently, connecting different data prosumers with multiple data sources is still hampered by the lack of standardized and sustainable solutions, especially due to the significant heterogeneity of IoT platforms. In such a landscape, ontologies come to the rescue, thanks to their formal semantics, knowledge representation formats, and shared vocabularies. In this paper we examine, from an ontological perspective, how to describe environmental sensing and wellness monitoring, two of the most popular application cases of Mobile Crowd Sensing (MCS) and IoT, respectively. To this purpose, an ontology of sensor-agnostic APIs is proposed, along with a set of MCS-dedicated ontology modules (and the supporting platform), leveraging on standard and reusable domain ontologies. Moreover, it will be shown how to properly combine the proposed ontologies in order to support complex functionalities based on inference rules addressing the environment–wellness relationships. Finally, specific semantic modeling patterns suitable for typical IoT and MCS scenarios will be discussed. © 2022","Environmental sensing; IoT interoperability; Mobile Crowd Sensing; Ontology patterns; Semantic API","Commerce; Computer software reusability; Formal methods; Internet of things; Interoperability; Knowledge representation; Ontology; Environmental sensing; Internet of thing interoperability; Mapping applications; Mobile crowd sensing; Ontology patterns; Ontology's; Semantic API; Semantic modelling; Smart phones; Wireless devices; Semantics"
"https://www.scopus.com/pages/publications/85143254039?origin=resultslist","In recent years, event-driven programming languages, e.g. those based on Event Condition Action (ECA) rules, have emerged as a promising paradigm for implementing smart systems, such as IoT devices. Still, actual implementations are bound to a centralized infrastructure, limiting scalability and security. In this work, we present attribute-based memory updates (AbU), a new interaction mechanism aiming to extend the ECA programming paradigm to distributed systems. It relies on attribute-based communication, that is similar to broadcast, but receivers are selected “on the fly” by means of predicates over their attributes. With AbU, smart devices can be easily programmed via ECA rules and, at the same time, they can be deployed to a distributed network. Hence, a centralized infrastructure is not needed anymore: the computation is moved on the edge, improving reliability, scalability, privacy and security. © 2022 Copyright for this paper by its authors. Use permitted under Creative Commons License Attribution 4.0 International (CC BY 4.0).","Attribute-based communication systems; Autonomic computing; ECA rules; Formal methods","Formal methods; Signal receivers; Attribute-based; Attribute-based communication system; Autonomic Computing; Centralised; Communications systems; Distributed programming; Event condition action rules; Event-driven programming languages; Interaction mechanisms; Smart System; Scalability"
"https://www.scopus.com/pages/publications/84985931024?origin=resultslist","Many of the communication protocols developed for the resource constrained devices are rarely subjected to protocol verification. Design flaws like deadlocks, livelocks, non-progressive cycles etc. may come into view during the realization and can cause catastrophic effects in safety-critical applications. Formal specification of the protocol represented as a model helps to describe and analyse the conformability of the implementation to its specification and subsequently reveal design flaws, if any in the system. The formal model is subject to verification by inserting correctness and safety properties of the protocol and validating logical correctness using a model checking tool. All model checkers suffer from state explosion problem due to enormous states of the model being created. The key contribution of the present work is the introduction of a method to develop a compact verification model which is amenable to full state space search by abstracting the key elements of a protocol. Moreover, many protocol verification works presented in the existing literature consider only a single layer of a communication protocol. To correctly model the overall behaviour of a protocol, interactions between the layers have to be incorporated. The proposed method has been proven useful by considering verification of an application protocol, CoAP for constrained devices by abstracting out the aspects of the underlying routing protocol RPL. Reliable message exchanges among various entities are modeled and its safety and correctness properties were analysed and verified. The results obtained show that the model performs the full state space search by considering all possible routing paths and are free from design flaws. The method described has been implemented by building a validation model in PROMELA and the model is verified by using SPIN model checker. The methodology used in this paper can be used to verify any application layer protocol for constrained devices in IoT scenario that run on top of routing layer. © 2016 The Authors. Published by Elsevier B.V.","COAP; IoT; Model checking; Model Verification; PROMELA; SPIN","Abstracting; Explosions; Formal specification; Internet of things; Safety engineering; Specifications; Application layer protocols; COAP; Model verification; PROMELA; Resourceconstrained devices; Safety critical applications; SPIN; State explosion problems; Model checking"
"https://www.scopus.com/pages/publications/85210893365?origin=resultslist","The paper presents the formalization of model of the Internet of Things (IoT) network designed for monitoring technological premises with telecommunications equipment in our science center. The physical implementation of the IoT network includes measuring devices, telecommunications environment, servers for data collection and application software solutions. For the information interaction, the “Publisher-Subscriber” scheme and “Message Queuing Telemetry Transport” (MQTT) protocol are used. An ontology has been created which describes the network architecture. It contains the classes, representing the concepts of the subject area, relations, individuals, data properties, its ranges of change and critical values limiting the attributes of the ontology elements. The ontology describes the IoT network architecture and the properties of devices that collect, transmit, store, and process data. Objects in the ontology have their own digital representation in databases. They contain measurement results, precedents for anomalous behavior of devices, statistical and spectral characteristics of data. The formalization made it possible to identify hidden dependences between objects, relate them to the characteristics of the physical processes controlled by IoT the IoT devices and solve practical problems. An example of the problem of choosing a broker and its settings for modifying the network structure is considered, whose solution is made on the basis of the constructed ontology. #CSOC1120. © The Author(s), under exclusive license to Springer Nature Switzerland AG 2024.","Broker; delay analysis; frequency analysis; Internet of Things; Message Queuing Telemetry Transport; ontology; Publisher; Subscriber","Internet protocols; Telephone sets; Broker; Delay analysis; Formal modeling; Formalisation; Frequency Analysis; Message queuing telemetry transport; Ontology's; Publisher; Science centers; Subscriber; Internet of things"
"https://www.scopus.com/pages/publications/85140481858?origin=resultslist","The Internet of Things (IoT) defines the collection of devices and systems that connect real-world sensors and actuators to the Internet. This interconnection is accomplished by the use of various protocols and appropriate communication technologies for heterogeneous objects and services. However, the modeling of these different IoT protocols for various purposes and domains becomes complicated. In this context, a study of the requirements becomes necessary to overcome these problems of heterogeneity and interconnectivity related to IoT applications. Indeed, the challenge here is to formalize an IoT system model to verify its requirements. In this paper, we propose a formal model to verify IoT components, as well as their requirements based on LoRaWAN technology. To achieve so, we used Event-B to fomalize an IoT system and its desired requirements. Event-B method allows decomposing these problems thanks to its refinement capabilities. On the other hand, it allows the verification of the model, following its structure, using proof obligations. © 2022, The Author(s), under exclusive license to Springer Nature Switzerland AG.","Event-B; Formal verification; IoT; LoRaWAN; Proofs","Internet of things; Communicationtechnology; Devices and systems; Event-B; Heterogeneous object; Heterogeneous services; LoRaWAN; Proof; Real-world; Sensors and actuators; Verification model; Formal verification"
"https://www.scopus.com/pages/publications/85057229785?origin=resultslist","Industry 4.0 deployments involve machines, robots, Internet of Things, business processes and human participants coordinating in time constrained and safety critical environments. As these deployments make use of complex workflow patterns, accurate formal modeling, verification and timing analysis of such industrial systems are needed. In this paper, we model the workflow interactions of Industry 4.0 warehouse operations using the concurrent programming language Orc. Complex deployments involving multiple robotic agents and business processes further require analysis of correctness, liveness and safety properties. In order to verify the workflows, the Orc specifications are translated into Workflow net representations, with verification done using the TAPAAL model checker. Additional composition of timing constraints are analyzed to enable hard robotic deadlines to interact with best effort Service Level Agreement (SLA) requirements. We demonstrate these aspects over a realistic use case in automated warehouse management with pick and delivery robots. © 2018 IEEE.","Industry 4.0 Warehouse; Robotic Automation; Timing Analysis; Workflow Verification","C (programming language); Formal verification; Industrial robots; Nanorobotics; Nanorobots; Problem oriented languages; Robot programming; Business Process; Complex workflows; Critical environment; Industry 4.0 warehouse; Robotic automation; Timing Analysis; Warehouse automation; Work-flows; Workflow patterns; Workflow verification; Model checking"
"https://www.scopus.com/pages/publications/85091593321?origin=resultslist","Equivalence checking is an established technique for automatically verifying that two behavioural models (Labelled Transition Systems, LTSs) are equivalent from the point of view of an external observer. When these models are not equivalent, the checker returns a Boolean result with a counterexample, which is a sequence of actions leading to a state where the equivalence relation is not satisfied. However, this counterexample does not give any indication of how far the two LTSs are one from another. One can wonder whether they are almost identical or totally different, which is quite different from a design or debugging point of view. In this paper, we present an approach for measuring the similarity between two LTS models. The set of metrics is computed automatically using a tool we implemented. Beyond presenting the foundations of the proposed solution, we will show how it can be applied to a concrete application domain for supporting the construction of IoT applications by composition of existing devices. © 2020, Springer Nature Switzerland AG.","","Application programs; Computer simulation languages; Embedded systems; Behavioural model; Concrete applications; Equivalence checking; Equivalence relations; External observer; IOT applications; Labelled transition systems; Sequence of actions; Formal methods"
"https://www.scopus.com/pages/publications/85100583970?origin=resultslist","Smart Devices revolutionized every area of Life, Industries, Home automation, Personal Healthcare, Patient Care. The accuracy of results, energy efficiency, saves money are some of the benefits of smart devices. Smart devices provide plays a significant role in healthcare, Regular monitoring of patients done by smart devices in intensive care units. This paper reviews the Role of Indian IT laws in the Management of Smart Healthcare Devices in the Intensive Care Unit in India. This paper also Proposes Blockchain technology for Safer management and auditing required for Smart healthcare devices data. PEP-PDP Model manages access Management by following various authorization policies. The proposed architecture tested in the Formal verification tool scyther and found no issues regarding this.  © 2020 IEEE.","Cloud; Healthcare system; Internet of things (IoT); Policy Decision Point; Policy Enforcement Point","Energy efficiency; Health care; Intensive care units; Access management; Authorization policy; Formal verification tools; Home automation; Patient care; Personal health care; Proposed architectures; Smart devices; Grid computing"
"https://www.scopus.com/pages/publications/85055797456?origin=resultslist","Recent research initiatives dedicated to formal modeling, functional correctness and security analysis of IoT systems, are generally limited to, model abstract behavioral patterns and look forward possible attacks beneath gauging and providing feasible attacks. This research considers the complementary problem by looking for more accurate attacks in IoT by capturing richer behaviors -technical, physical, and social- including their quantitative features. We propose IoT-SEC framework that establishes an adequate semantics to the IoT’s components and their interactions including social actors that behave differently than automated processes. For security analysis, we develop a general approach based on a library of attack trees from where we generate automatically the monitor, the security policies and requirements to harden the IoT model and to check how well the model is secure. We use PRISM model checker to analyze the functionality and to check security of the IoT model. Precisely this contribution ensures the functionality of IoT systems by analyzing their functional correctness. © Springer Nature Switzerland AG 2018.","Attack tree; Formal modeling; Formal verification; Functional correctness; IoT; Model checking; Security assessment; Security policies","Automation; Forestry; Formal verification; Graphical user interfaces; Internet of things; Security systems; Semantics; Attack tree; Formal model; Functional correctness; Security assessment; Security policy; Model checking"
"https://www.scopus.com/pages/publications/105044803178?origin=resultslist","Today’s networks of connected devices have matured well beyond initial lab experiments, now serving as the foundational support for crucial services in domains like personalized medicine, large-scale agriculture, facility management, and urban utilities [1, 2]. Existing scholarly work excels at analyzing specific applications and communication protocols [3, 4, 5], but it largely fails to address a more foundational architectural deficiency: the lack of a unified, abstract mathematical structure to model how diverse users, applications, and device clusters interact securely and efficiently at massive scale. We have identified core limitations in current solutions, specifically concerning seamless growth, effective access control implementation, robust security enforcement, and intuitive user design. We argue that transitioning from isolated, purpose-specific deployments to fully integrated, city-level platforms necessitates rigorous, mathematically sound architectural foundations. Our work aims to bridge theoretical graph-based mathematics with practical deployment requirements by clearly defining the capabilities required for next-generation modeling. We dissect critical architectural components—such as layered separation of concerns, mandatory unique identification of all entities, and formalized interaction protocols—to show how these requirements guide the creation of formal operational systems for IoT management. These systems are inherently designed to guarantee reliability, linear scalability, and integrated security for complex metropolitan computing tasks. © The Author(s), under exclusive license to Springer Nature Switzerland AG 2026.","Access Control; Distributed Connected Systems; Formal Methods; Graph Abstraction; Smart Cities; System Architecture; Verification Techniques","Abstracting; Agriculture; Architecture; Computation theory; Computer architecture; Distributed computer systems; Formal verification; Graph theory; Graphic methods; Internet of things; Internet protocols; Network architecture; Network security; Smart city; Connected systems; Distributed connected system; Graph abstraction; Graph theoretics; Internet of things architectures; Lab. experiment; Modeling approach; S networks; Systems architecture; Verification techniques; Access control"
"https://www.scopus.com/pages/publications/85135298984?origin=resultslist","The advent of the Internet of Things (IoT) has led to a rapid increase in the number of applications that are deployed within open and uncertain physical environments. The main challenge that faces IoT applications is how to ensure the reliability of the interaction between its different components. In this paper, we propose a practical and scalable approach that involves reasoning about uncertainty of these applications using multi-valued model checking. We introduce a building block for formal specification and automatic verification of IoT services in uncertain settings. After modeling and simulating a smart home framework behavior, we introduce a set of system specifications and verify whether the given framework meets those specifications. Finally, we present the experimental results obtained using a transformation algorithm and the NuSMV tool. © 2022 IEEE.","IoT; Smart home; Three-valued model checking","Automation; Formal specification; Model checking; Automatic verification; Building blockes; Models checking; Multi-valued model checking; Physical environments; Scalable approach; Smart homes; Three-valued model checking; Three-valued models; Uncertainty; Internet of things"
"https://www.scopus.com/pages/publications/85218126500?origin=resultslist","The development of Internet of Things (IoT) technology has advanced significantly, with technologies like LoRaWAN, Sigfox, ZigBee, and next-generation next-generation IoT (NB-IoT) being widely used. Wi-Fi HaLow, which offers better range and speed than LoRaWAN, is one such technology, but Indonesia lacks infrastructure to support it. This study analyzes the viability of Wi-Fi HaLow in Indonesia and its interaction with other IoT technologies, such as LoRaWAN, under interference conditions. Two scenarios are examined: interference from Wi-Fi HaLow to a LoRaWAN gateway and vice versa, using SEAMCAT software at 923 MHz. In this scenario, Wi-Fi HaLow serves as the interfering system, while LoRaWAN experiences disruption. The power variations of Wi-Fi HaLow were tested to identify the most efficient. Results show no interference at 8 km with 24 and 25 dBm, but interference occurs at 10 km with 26 dBm. Additionally, interference tests with varying numbers of Wi-Fi HaLow access points (APs) revealed minimal interference when the distance between the systems was 9 km, with interference rates ranging from 20% to 100%. © 2024 IEEE.","Internet of Things; LoRaWAN; SEAMCAT; Wi-Fi HaLow","Gateways (computer networks); IEEE Standards; Model checking; Software testing; Wi-Fi; Wireless local area networks (WLAN); Indonesia; Interference analysis; Interference condition; Internet of things technologies; LoRaWAN; Next generation Internet; Power variations; Seamcat; WI - FI; Wi-fi halow; Zigbee"
"https://www.scopus.com/pages/publications/85170638333?origin=resultslist","Context: Security testing is a challenging and effort-demanding task in IoT scenarios. The heterogeneous devices expose different vulnerabilities that can influence the methods and cost of security testing. Model-based security testing techniques support the systematic generation of test cases for the assessment of security requirements by leveraging the specifications of the IoT system model and of the attack templates. Objective: This paper aims to review the adoption of model-based security testing in the context of IoT, and then provides the first systematic and up-to-date comprehensive classification and analysis of research studies in this topic. Method: We conducted a systematic literature review analyzing 803 publications and finally selecting 17 primary studies, which satisfied our inclusion criteria and were classified according to a set of relevant analysis dimensions. Results: We report the state-of-the-art about the used formalisms, the test techniques, the objectives, the target applications and domains; we also identify the targeted security attacks, and discuss the challenges, gaps and future research directions. Conclusion: Our review represents the first attempt to systematically analyze and classify existing studies on model-based security testing for IoT. According to the results, model-based security testing has been applied in core IoT domains. Models complexity and the need of modeling evolving scenarios that include heterogeneous open software and hardware components remain the most important shortcomings. Our study shows that model-based security testing of IoT applications is a promising research direction. The principal future research directions deal with: extending the existing modeling formalisms in order to capture all peculiarities and constraints of complex and large scale IoT networks; the definition of context-aware and dynamic evolution modeling approaches of IoT entities; and the combination of model-based testing techniques with other security test strategies such as penetration testing or learning techniques for model inference. © 2023 The Authors","Internet of Things; Model-based testing; Security testing","Complex networks; Learning systems; Model checking; Future research directions; Heterogeneous devices; Model based testing; Model-based OPC; Research studies; Security requirements; Security testing; System models; Test case; Testing technique; Internet of things"
"https://www.scopus.com/pages/publications/105036957025?origin=resultslist","Owing to the developments of the distributed system and the internet, knowledge is more effective for workings of many types. The stream media for seminar class and retrieval from knowledge base are more necessary in relations to learning process. We aim at a design of IoT software, as interactive computing, concerned with seminar streams and retrieval derivations from queries in knowledge base. The IoT tool involves a human interface of interaction to virtual reality seminar, as well as to retrievals from queries regarding specified knowledge based on algebraic relations. Such human interface takes into a formal shape as interactive computing for working with the internet. With respect to semantics for interactive computing, this paper is concerned with algebraic structures of stream media and retrieval from knowledge base. As regards stream sequence for organization of seminar series, we extend the rewriting rules of a state grammar, controlled by states (abstractly for human interaction). For knowledge and acquisition, requisite relations with exceptions are compactly organized for queries. The elaborate model of knowledge base may be formally described, with retrieval derivations, so that the retrieval may be procedural and implementable. For descriptions of IoT software, we think of object-oriented program classes as feasible. The meaning of IoT tools can be captured for interactive computing as behaviors in abstract state space, implicitly in relation to modal logic semantics. © The Author(s), under exclusive license to Springer Nature Switzerland AG 2026.","Abstract state; Algebraic knowledge structures; Human-computer interaction","Abstracting; Algebra; Distributed computer systems; Formal languages; Formal methods; Information retrieval; Interactive computer systems; Knowledge based systems; Learning systems; Media streaming; Object oriented programming; Semantics; Virtual reality; Abstract state; Algebraic knowledge structure; Algebraic structures; Computer interaction; Distributed systems; Human Interface; Interactive computing; Knowledge structures; Stream media; Structure of knowledge; Human computer interaction"
"https://www.scopus.com/pages/publications/85202878683?origin=resultslist","The Man-in-the-Middle Model (MitMM) is commonly used in cryptography for modeling an attacker in multiparty scenarios. It essentially assumes that the attacker fully controls the communication between all parties, i. e., can stop and modify messages at her discretion. We argue that this model is too strong for realistically capturing the case of wireless communication. In consequence, schemes that exploit properties of wireless communication such as friendly jamming or distance bounding, cannot be analyzed in a common framework. Moreover, the lack of an appropriate model hinders the development of new schemes. Given the ever-increasing importance of wireless communication, e. g., in the context of the Internet of Things, we propose a new formal model for wireless communication. Starting from the formal MitMM, we identify three key aspects — communication channels, signals, and locality — that are not represented, explain how to extend the model accordingly, and propose a tailored WCM. Based thereon, we explain how these limit the capabilities of an attacker in the form of a WAM. Moreover, we demonstrate for an existing security mechanism, namely friendly jamming, which is not covered by the MitMM how the new model allows for analyzing/formalizing the security. © 2024 by SCITEPRESS – Science and Technology Publications, Lda.","Attacker Model; Distance Bounding; Friendly Jamming; Physical Properties; Wireless Communication",""
"https://www.scopus.com/pages/publications/85206320075?origin=resultslist","One of the main security challenges when federating separate Internet of Things (IoT) administrative domains is effective Identity and Access Management, which is required to establish trust and secure communication between federated IoT devices. The primary goal of the work is to develop a “lightweight” protocol to enable authentication and authorization of IoT devices in federated environments and ensure the secure communication of IoT devices. We propose a novel Lightweight Authentication and Authorization Framework for Federated IoT (LAAFFI) which takes advantage of the unique fingerprint of IoT devices based on their configuration and additional hardware modules, such as Physical Unclonable Function, to provide flexible authentication and authorization based on Distributed Ledger technology. Moreover, LAAFFI supports IoT devices with limited computing resources and devices not equipped with secure storage space. We implemented a prototype of LAAFFI and evaluated its performance in the Hyperledger Fabric-based IoT framework. Three main metrics were evaluated: latency, throughput (number of operations or transactions per second), and network resource utilization rate (transmission overhead introduced by the LAAFFI protocol). The performance tests conducted confirmed the high efficiency and suitability of the protocol for federated IoT environments. Also, all LAAFFI components are scalable as confirmed by tests. We formally evaluated LAAFFI security using Verifpal as a formal verification tool. Based on the models developed for Verifpal, we validated their security properties, such as message secrecy, authenticity, and freshness. Our results show that the proposed solution can improve the security of federated IoT environments while providing zero-day interoperability and high scalability. Compared to existing solutions, LAAFFI is more efficient due to the use of symmetric cryptography and algorithms adapted for operations involving IoT devices. LAAFFI supports multiple authorization mechanisms, and since it also offers authentication and accountability, it meets the requirements of Authentication, Authorization and Accounting (AAA). It uses Distributed Ledger (DL) and smart contracts to ensure that the request complies with the policies agreed between the organizations. LAAFFI offers authentication of devices belonging to a single organization and different organizations, with the assurance that the encryption key will be shared with another device only if the appropriate security policy is met. The proposed protocol is particularly useful for ensuring the security of federated IoT environments created ad hoc for special missions, e.g., operations conducted by NATO countries and disaster relief operations Humanitarian Assistance and Disaster Relief (HADR) involving military forces and civilian services, where immediate interoperability is required. © 2024 by the authors.","authentication; blockchains; distributed systems; internet of things",""
"https://www.scopus.com/pages/publications/85055926480?origin=resultslist","The proceedings contain 75 papers. The special focus in this conference is on Cooperative Information Systems. The topics include: Utilizing Twitter Data for Identifying and Resolving Runtime Business Process Disruptions; semantic IoT Gateway: Towards Automated Generation of Privacy-Preserving Smart Contracts in the Internet of Things; crowdsourcing Task Assignment with Online Profile Learning; distributed Collaborative Filtering for Batch and Stream Processing-Based Recommendations; Detecting Constraints and Their Relations from Regulatory Documents Using NLP Techniques; empirical Analysis of Sentence Templates and Ambiguity Issues for Business Process Descriptions; evolution of Instance-Spanning Constraints in Process Aware Information Systems; process Histories - Detecting and Representing Concept Drifts Based on Event Streams; lifecycle-Based Process Performance Analysis; modeling Process Interactions with Coordination Processes; a Relevance-Based Data Exploration Approach to Assist Operators in Anomaly Detection; exploiting Smart City Ontology and Citizens’ Profiles for Urban Data Exploration; design and Performance Analysis of Load Balancing Strategies for Cloud-Based Business Process Management Systems; Towards Cooperative Semantic Computing: A Distributed Reasoning Approach for Fog-Enabled SWoT; enhancing Business Process Flexibility by Flexible Batch Processing; scheduling Business Process Activities for Time-Aware Cloud Resource Allocation; designing Process Diagrams – A Framework for Making Design Choices When Visualizing Process Mining Outputs; a Viewpoint for Integrating Costs in Enterprise Architecture; Coop-DAAB: Cooperative Attribute Based Data Aggregation for Internet of Things Applications; on Cancellation of Transactions in Bitcoin-Like Blockchains; blockchain-Based Collaborative Development of Application Deployment Models; spam Detection Approach for Cloud Service Reviews Based on Probabilistic Ontology; formal Modelling and Verification of Cloud Resource Allocation in Business Processes.","",""
"https://www.scopus.com/pages/publications/85107452787?origin=resultslist","White coat effect (WCE) is a major issue in medical research due to the variation of multiple occasions of blood pressure (BP). BP is the most dynamic factor in a clinical problem which varies from time, place, season and movements of the body functions. BP reading is an important basic feature and initial step prediction of hypertension, diabetes and obesity. The World Health Organization (WHO) estimate of hypertension becomes the most significant premature death in the global world and 2025 hypertension increased nearly 1.56 billion people. The treatment of hypertension is mainly based on occasion level of BP. Medical diagnosis is a difficult outcome result of unstable measures from formal methods. Many researchers find the BP variations and provide improvement suggestions for treating a patient from clinical health data and home-based reading measurements. However, existing methods have no reliability, efficiency and accuracy in treatments. In this paper, a narrative technique is proposed as cloud computing reference model for justification of patient treatments which follows daily update in routine manner order to evade white coat syndrome (WCS). Additionally, the heartbeat rate, glucose monitor, pedometer measurement performance of patient health data from a cloud are examined and also compared the results of various scenarios. Moreover, our experimental analysis in Hadoop sandbox reveals 85% accuracy and safety clinical prediction in healthcare treatments. Thus, patient can prevent from an unnecessary excess of treatments and avoid tablets intake which leads to the cause of side effects or organ damage. © 2021, The Author(s), under exclusive license to Springer Nature Singapore Pte Ltd.","Big data; Cloud computing; Sensor; White coat effect; White coat hypertension","Blood pressure; Diagnosis; Formal methods; mHealth; Clinical problems; Dynamic factors; Experimental analysis; Glucose monitors; Heart beat rates; Medical research; Reference modeling; World Health Organization; Internet of things"
"https://www.scopus.com/pages/publications/85133898919?origin=resultslist","The Internet of Things (IoT) is the future of communication. The number of devices connected to the Internet has been growing dramatically and is expected to continue to grow. This increase causes a huge challenge for software quality. New testing approaches need to be developed and investigated to assure quality and efficiency of such systems. The main challenge with IoT devices is that their functionality varies greatly depending on the device type and how it is connected. In order to maintain feasibility of these functionality systems need to be modeled. This paper proposes a testing approach for a smart home system (SHS) modeled by Extended Finite State Machines (EFSMs) and Communicating Extended Finite State Machines (CEFSMs). We generate tests for individual devices in the SHS as well as the interaction between devices. © 2021 IEEE.","Black box testing; Communicating Extended Finite State Machines(CEFSM); Extended Finite State Machines(EFSM); Internet of Things(IoT); Model-Based Testing(MBT); Smart Homes","Automation; Black-box testing; Computer software selection and evaluation; Intelligent buildings; Model checking; Software reliability; Communicating extended finite state machine; Extended finite state machine; Individual devices; Model based testing; Smart homes; Smart-home system; Software Quality; Internet of things"
"https://www.scopus.com/pages/publications/85207418000?origin=resultslist","The surge in Internet of Things (IoT) controller mobile applications, particularly for smart lighting systems, underscores the need for robust quality assurance to manage their complexity. This study explores Model-Based Testing (MBT) using the Extended Finite State Machine (EFSM) approach on the Wiz Connected App, an IoT mobile controller. Utilizing the TestOptimal tool with the Postman Problem algorithm as the optimal sequencer, the research achieved 100% coverage of states, transitions, and acceptance criteria. Despite this success, the MBT approach for IoT systems demonstrated higher complexity and longer execution times compared to web applications in similar research. The dynamic characteristics of IoT systems, including interaction complexity and real-time behavior, are effectively addressed through MBT, enhancing the robustness and reliability of the system. Future research should focus on integrating hardware testing with MQTT, enhancing sensor feature inclusion for real-time interactions, and exploring algorithms that reduce execution times while maintaining test coverage. Additionally, optimizing EFSM models to reduce cyclomatic complexity can streamline and scale MBT frameworks, making them more feasible for complex IoT environments. These advancements aim to enhance MBT methodologies, addressing the dynamic challenges of IoT systems and extending their benefits across broader IoT applications. © 2024 IEEE.","Extended Finite State Machine (EFSM); Internet of Things (IoT); Model-Based Testing (MBT); TestOptimal","Acceptance tests; Failure analysis; Integration testing; Robustness (control systems); Extended finite state machine; Internet of thing; Light systems; Lighting systems; Mobile applications; Model based testing; Model-based testing; Smart lightings; Testoptimal; Model checking"
"https://www.scopus.com/pages/publications/85168373962?origin=resultslist","Internet of Things (IoT) is a system of connected objects, entities, devices, and components which share and transfer data over a network. Many papers are published on the topic of conceptual models in the IoT context, but it is difficult to assess the current status of the conceptual modeling approaches and methods for IoT systems. This paper presents an overview of the state of the art as well as discusses fundamental concepts, challenges and current research gaps with potential future agenda for conceptual modeling of IoT. Search facilities in the selected online repositories were used to identify the most relevant papers. The primary results were scanned and papers were selected according to the inclusion/exclusion criteria. Selected papers were assessed to extract data for the defined attributes. This paper confirms that there is a large body of research related to modeling of IoT systems. However, the results show that there is a lack of commonly agreed approaches and supporting formal methods for conceptual modeling of IoT systems. On the other hand, recent studies that apply model-based or model-driven development principles that use ontology or metamodel based approaches are promising due to systematic use of models as the primary means of a development process enabling for the dissemination of the methods further to the emerging fields such as smart cities, factories, transportation, hospitals, healthcare, hospitality and tourism, etc. Copyright © 2023 Kohan, Johnstone and Cetinkaya.","conceptual modeling; Internet of Things (IoT); metamodel; model based approach; ontology",""
"https://www.scopus.com/pages/publications/105018857158?origin=resultslist","The adoption of blockchain in the field of Supply Chain Management (SCM) has gained substantial growth in mitigating security and privacy challenges for the successful transportation of products between various stakeholders. In this paper, a blockchain-based and Internet of Things (IoT)-enabled lightweight authentication protocol is proposed to overcome various challenges associated with traditional SCM like delay in delivery, uncertainty, and different cyber attacks. The novelty of the proposed work is established on the basis of both formal and informal security analysis, implemented over blockchain-based application on a Hyperledger Composer @ 0.20 based on Hyperledger Fabric. Formal security analysis is performed using the Burrows-Abadi-Needham (BAN) logic as well as using the Automated Validation of Internet Security Protocols and Applications (AVISPA). Here, informal security analysis shows that the offered scheme is free from various cyber-attacks like (spoofing attacks, malicious tampering of the product, password sniffing attacks, denial of service attacks, direct attacks, compromised server attacks, insider attacks, man-in-the-middle attacks, and replay attacks) and maintain security features (perfect mutual authentication, anonymity, and untraceability). The results of this investigation surface optimized values of various performance parameters like execution time (10 milliseconds) and communication overhead (2848 bits). The performance analysis of the offered system shows a significant improvement over other recent literature. © The Author(s), under exclusive licence to Springer Science+Business Media, LLC, part of Springer Nature 2025.","Authentication; Blockchain; Cryptography; Cyber-attacks; Internet of Things; Supply Chain Management(SCM)","Authentication Protocol; Crime; Cyber attacks; Denial-of-service attack; Internet protocols; Network security; Security systems; Authentication protocols; Block-chain; Chain management; Cyber-attacks; Delivery uncertainty; Formal security; Formal security analysis; Lightweight authentication protocols; Security analysis; Security and privacy; Authentication; Blockchain; Cryptography; Internet of things; Supply chain management"
"https://www.scopus.com/pages/publications/105031753429?origin=resultslist","Cyber Physical Systems (CPS) now underpin critical sectors including energy, healthcare, transportation, and industrial automation, yet their tight coupling of computational intelligence with physical processes exposes them to sophisticated, multi-layer attacks. This article provides a unified, end-to-end examination of CPS security by consolidating advances in privacy-preserving computation, hardware-rooted trust, intelligent intrusion detection, formal assurance, and digital forensics. To the best of our knowledge, this is the first article to holistically interconnect these pillars within a comprehensive CPS security framework. This article introduces a structured taxonomy linking CPS security attributes to system assets, attack vectors, and defence strategies, and surveys publicly available CPS datasets, benchmarking environments, and experimental testbeds that support reproducible evaluation. It traces the evolution of differential privacy for data protection, physically unclonable functions for device identity, blockchain for integrity and provenance, AI/ML for adaptive threat detection, and formal verification for correctness and safety, while highlighting the emerging role of forensic readiness. Despite notable progress, CPS security faces persistent challenges in scalability, adversarial robustness, real-time deployment, interoperability, and benchmarking. To address these gaps, the article outlines a research roadmap emphasizing hybrid defence architectures, standardized datasets and testbeds, benchmarking standards, and adaptive governance models for resilient CPS ecosystems. © 2013 IEEE.","Artificial intelligence (AI); authentication; blockchain; cyber physical system (CPS); datasets; defence-in-depth; differential privacy (DP); digital forensics; formal verification; integrity; Internet of Things (IoT); machine learning (ML); physically unclonable functions (PUFs); privacy; resilience; security; software-defined vehicles (SDVs)","Benchmarking; Computer crime; Computer forensics; Cryptography; Cyber Physical System; Data privacy; Differential privacy; Electronic crime countermeasures; Embedded systems; Function evaluation; Internet of things; Intrusion detection; Network security; Testbeds; Artificial intelligence; Block-chain; Cybe physical system; Cybe-physical systems; Cyber-physical systems; Dataset; Differential privacies; Differential privacy; Integrity; Internet of thing; Machine learning; Machine-learning; Physically unclonable function; Physically unclonable functions; Privacy; Resilience; Security; Software-defined vehicle; Authentication; Formal verification"
"https://www.scopus.com/pages/publications/85180633169?origin=resultslist","In smart homes, when an actuator’s state changes, it sends an event notification to the IoT hub to report this change (e.g., the door is unlocked). Prior works have shown that event notifications are vulnerable to spoofing and masking attacks. In event spoofing, an adversary reports to the IoT hub a fake event notification that did not physically occur. In event masking, an adversary suppresses the notification of an event that physically occurred. These attacks create inconsistencies between physical and cyber states of actuators, enabling an adversary to indirectly gain control over safety-critical devices by triggering IoT apps. To mitigate these attacks, event verification systems (EVS), or broadly IoT anomaly detection systems, leverage physical event fingerprints that describe the relations between events and their influence on sensor readings. However, smart homes have complex physical interactions between events and sensors that characterize the event fingerprints. Our study of the recent EVS, unfortunately, has revealed that they widely ignore such interactions, which enables an adversary to evade these systems and launch successful event spoofing and masking attacks without getting detected. In this paper, we first explore the evadable physical event fingerprints and show that an adversary can realize them to bypass the EVS given the same threat model. We develop two defenses, EVS software patching and sensor placement, with the interplay of physical modeling and formal analysis, to generate robust physical event fingerprints and demonstrate how they can be integrated into the EVS. We evaluate the effectiveness of our approach in two smart home settings that contain 12 actuators and 16 sensors when two different state-of-the-art EVS are deployed. Our experiments demonstrate that 71% of their physical fingerprints are vulnerable to evasion. By incorporating our approach, they build robust physical event fingerprints, and thus, properly mitigate realistic attack vectors. © 2023 30th Annual Network and Distributed System Security Symposium, NDSS 2023. All Rights Reserved.","","Anomaly detection; Automation; Cybersecurity; Intelligent buildings; Internet of things; Network security; Safety engineering; Anomaly detection systems; Critical device; Event notification; Physical interactions; S state; Sensor readings; Smart homes; States change; Threat modeling; Verification systems; Actuators"
"https://www.scopus.com/pages/publications/105030924903?origin=resultslist","Today, terms such as sustainable production, industrial cyber-physical systems, cyber-physical production systems (CPPS), software-defined manufacturing, smart manufacturing, Industry 4.0, Industry 5.0, system of systems, internet of things, human-in-the-loop, and digital twins are widely used. These concepts emphasize key characteristics of modern and future production systems, including heterogeneity, structural and behavioral complexity, intelligence, autonomy, reconfigurability, and human centrism. They also highlight the growing importance of reliable and up-to-date risk assessment, safety, and reliability measures, given the significant environmental, economic, and social demands. However, current industrial risk analysis methods lag behind the rising technical sophistication of such systems. It remains unclear whether existing methods can capture complex failure scenarios of dynamic, AI-driven systems with advanced software architectures. This paper presents the main challenges faced by safety engineers in industrial automation and provides a structured classification of risk and reliability analysis methods and metrics, supported by a systematic review of 95 papers up to October 2025. The review addresses questions such as: which CPPS aspects must be considered, which methods are applicable, what are their advantages and limitations, and how can methods be combined? The findings reveal the need to extend classical approaches toward dynamic risk assessment, probabilistic model checking, AI-based techniques, digital twins, and intelligent fault injection. The study provides both a comprehensive overview of current risk and reliability assessment methods for CPPS and a roadmap for advancing their future development. Copyright © 2026 by ASME.","","Accident prevention; Automation; Industrial research; Industry 4.0; Reliability analysis; Risk analysis; Smart manufacturing; Sustainable development; 'current; Cyber physicals; Industrial automation system; Literature researches; Production system; Reliability Evaluation; Risk analysis methods; Risk evaluation; Risks assessments; Systematic literature review; Risk assessment"
"https://www.scopus.com/pages/publications/85178273290?origin=resultslist","The integration of buses in industrial control systems, fueled by advancements such as the Internet of Things (IoT), has led to their widespread adoption, significantly enhancing operational efficiency. However, with the increasing interconnection of systems, ensuring the security of bus communications and protocols has become an urgent priority. This paper focuses on addressing the specific security concerns associated with the widely adopted INTERBUS protocol—a fieldbus protocol. Our approach leverages the theory of colored Petri nets (CPN) for modeling, enabling a comprehensive analysis of the protocol’s security. Rigorous formal verification and analysis of the security protocol are conducted by employing the Dolev–Yao adversary model. Our investigation reveals the presence of three critical vulnerabilities: replay attacks, tampering, and impersonation. To fortify the security of the protocol, we propose the introduction of a key distribution center and the utilization of hash values. Through meticulous analysis and verification, our proposed enhancements effectively reinforce the security performance of the INTERBUS protocol. © 2023 by the authors.","CPN; Dolev–Yao; fieldbus; formal analysis; INTERBUS protocol; security assessment","Formal verification; Integrated circuits; Intelligent control; Internet of things; Security systems; Colored Petri Nets; Dolev–yao; Fieldbus; Formal analysis; Industrial control systems; INTERBUS protocol; Operational efficiencies; Security analysis; Security assessment; Security enhancements; Petri nets"
"https://www.scopus.com/pages/publications/85149864855?origin=resultslist","Gaze tracking is a technological discipline that offers an alternative interaction between human and computer. A common solution based on gaze tracking has two elements: a hardware device to obtain data from user’s gaze and a library to process the gathered data. This work makes a formal analysis of previous works in gaze tracking. It presents the most used devices and libraries in gaze tracking solutions in the last 5 years as well as the most important characteristics of each of them. To fulfill this purpose, a search for articles related with eye tracking solutions was carried out in different scientific databases. After that, a classification of results was made, as well as a review of them. In addition, the article offers the areas of IoT in which gaze tracking has had the most influence. Finally, various selection criteria for devices and libraries are offered. These criteria are based on features such as price, technical performance and compatibility. © 2023, The Author(s), under exclusive license to Springer Nature Switzerland AG.","Eye tacking; Gaze tracking; IoT","Human computer interaction; Internet of things; Libraries; Eye tacking; Eye-tracking; Formal analysis; Gaze-tracking; Hardware devices; IoT; Scientific database; Selection criteria; Technical performance; Tracking solutions; Eye tracking"
"https://www.scopus.com/pages/publications/85093818950?origin=resultslist","As the future form of power grid development, the cyber-physical system for power grid(GCPS) will have a profound impact on the understanding and direction of smart grid research, which is indispensable in the construction of interconnected energy system. This paper summarized the current research progresses in related fields and provides review from four key issues: fusion modeling of GCPS, formal verification based on fusion model, analysis of interaction mechanism and system control strategies. Furthermore, this paper pointed out GCPS can provide theoretical support for the development of advanced smart grid architectures, such as the energy internet and the power internet of things, improving the operation and control of the power grid. © 2020 Chin. Soc. for Elec. Eng.","Cyber-physical system for power grid (GCPS); Energy internet (EI); Power internet of things (PIoT)","Cyber Physical System; Electric power transmission networks; Embedded systems; Smart power grids; Analysis and controls; Energy internet; Energy systems; Fusion model; Interaction mechanisms; Operation and control; Smart grid architectures; System control; Electric power system control"
"https://www.scopus.com/pages/publications/85133746403?origin=resultslist","This paper presents a new modeling method to abstract the collective behavior of Smart IoT Systems in CPS, based on process algebra and a lattice structure. In general, process algebra is known to be one of the best formal methods to model IoTs, since each IoT can be represented as a process; a lattice can also be considered one of the best mathematical structures to abstract the collective behavior of IoTs since it has the hierarchical structure to represent multi-dimensional aspects of the interactions of IoTs. The dual approach using two mathematical structures is very challenging since the process algebra have to provide an expressive power to describe the smart behavior of IoTs, and the lattice has to provide an operational capability to handle the state-explosion problem generated from the interactions of IoTs. For these purposes, this paper presents a process algebra, called dTP-Calculus, which represents the smart behavior of IoTs with non-deterministic choice operation based on probability, and a lattice, called n:2-Lattice, which has special join and meet operations to handle the state explosion problem. The main advantage of the method is that the lattice can represent all the possible behavior of the IoT systems, and the patterns of behavior can be elaborated by finding the traces of the behavior in the lattice. Another main advantage is that the new notion of equivalences can be defined within n:2-Lattice, which can be used to solve the classical problem of exponential and non-deterministic complexity in the equivalences of Norm Chomsky and Robin Milner by abstracting them into polynomial and static complexity in the lattice. In order to prove the concept of the method, two tools are developed based on the ADOxx Meta-Modeling Platform: SAVE for the dTP-Calculus and PRISM for the n:2-Lattice. The method and tools can be considered one of the most challenging research topics in the area of modeling to represent the collective behavior of Smart IoT Systems. © 2022 by the authors. Licensee MDPI, Basel, Switzerland.","ADOxx Meta-Modeling Platform; collective behavior; domain engineering; dTP-Calculus; knowledge architecture; n:2-Lattice; PRISM; SAVE; smart IoT","Algebra; Calculations; Internet of things; Prisms; ADOxx meta-modeling platform; Collective behaviour; Domain engineering; DTP-calculus; Knowledge architecture; Meta model; Metamodeling; Modeling platforms; N:2-lattice; SAVE; Smart IoT; Formal methods"
"https://www.scopus.com/pages/publications/85048750441?origin=resultslist","Under the Edge computing umbrella, mobile cloud computing is an emerging area where two trends come together to compose its major pillars. On one hand, the virtualization affecting the data centers hypervisors. On the other hand, device's mobility, especially Smart Phones, which proved to be the most effective and convenient tools in human life. This emerging area is then changing the game in terms of mobility of workspaces and the interaction with the connected devices and sensors. This paper provides a formal specification of the Mobile cloud component using the n-calculus. The proposed model defines the mobile cloud component, the virtual device representation, and interaction that leads to application offloading and device composition. This paper describe our contribution that enables the composition of virtual devices from physical devices, sensors, and actuators available on the network. Moreover, we present a model of application offloading and virtual devices networking on mobile clouds. Our architectural model is inspired from the Cloudlet based system. In addition to the formal specifications and architecture this paper presents a case studies showing the structural congruence between a locally executed application and an offloaded version of that same application. © 2018 IEEE.","fog; formal definition; internet of things; migration; mobile; mobile cloud computing; offloading; virtual device representation; virtualization","Calculations; Edge computing; Fog; Formal specification; Internet of things; Smartphones; Virtual reality; Virtualization; Formal definition; migration; mobile; offloading; Virtual devices; Mobile cloud computing"
"https://www.scopus.com/pages/publications/105044901786?origin=resultslist","Context-aware systems are designed to sense, interpret, and adapt their behavior based on varying environmental, user, and system states. While such systems have been widely applied in domains like mobile computing, the Internet of Things, and cyber-physical systems, their modeling approaches are often ad hoc and domain-specific, limiting interoperability and formal reasoning. Category theory offers a unifying mathematical framework that emphasizes compositionality, abstraction, and modularity, making it well-suited for integrating diverse models of context-aware computing. When combined with type theory, it enables precise specification of system properties, with dependent types allowing parameterization by contextual data and linear types ensuring disciplined resource usage. Coalgebraic perspectives further enhance the ability to model dynamic and reactive behaviors, capturing both structural and behavioral aspects in a coherent framework. This paper reviews the integration of category theory, type theory, and coalgebra for context-aware systems, presents mathematical models that illustrate their expressive power, and discusses their potential for advancing compositional design, formal verification, and system adaptability. © ICST Institute for Computer Sciences, Social Informatics and Telecommunications Engineering 2026.","Category Theory; Coalgebra; Compositionality; Context-Aware Systems; Dependent Types; Formal Verification; Linear Types; Type Theory","Behavioral research; Computation theory; Information systems; Mobile computing; Behavior-based; Category theory; Coalgebras; Compositionality; Context-aware systems; Dependent types; Environmental state; Environmental users; Linear types; Type theory; Formal verification"
"https://www.scopus.com/pages/publications/85091576345?origin=resultslist","In the current IoT era, the number of smart things to interact with is raising everyday. However, each one of them precises a manual and specific configuration. In a more people-friendly scenario, smart things should adapt automatically to the preferences of their users. In this field, we have participated in the design of People as a Service, a mobile computing reference architecture which endows the smartphone with the capability of inferring and sharing a virtual profile of its owner. Currently, we are developing Digital Avatars, a framework for programming interactions between smartphones and other devices. This way, the smartphone becomes a personalized and seamless interface between people and their IoT environment, configuring the smart things with information from the virtual profile. In this work, we present a formalization of Digital Avatars by means of a Linda-based system with multiple shared tuple spaces. © 2020, Springer Nature Switzerland AG.","Digital Avatars; Linda; PeaaS; People as a Service; Shared tuple spaces","Application programs; Computer simulation languages; Digital devices; Embedded systems; Internet of things; Smartphones; Linda-based systems; Programming framework; Reference architecture; Seamless interfaces; Tuple space; Formal methods"
"https://www.scopus.com/pages/publications/105008495475?origin=resultslist","SYMBOLEO is a specification language used formalize legal contracts, analyze properties, and generate smart contracts for Hyperledger Fabric. However, this ecosystem presents challenges, particularly in securing access to contract elements and enabling interactions with Cyber-Physical Systems (CPS), including IoT devices. This thesis aims to develop and validate a tool for converting extended SYMBOLEO specifications into smart contracts, with a focus on security and privacy. The thesis proposes an architecture to integrate smart contracts, Complex Event Processing (CEP), a message broker, and blockchain (Hyperledger Fabric), facilitating CPS interaction. Additionally, a Role-Based Access Control (RBAC) model is proposed, extending SYMBOLEO with RBAC-inspired concepts, forming SYMBOLEOAC, to regulate access and support dynamic contract execution. Existing code generation tools are also extended to exploit SYMBOLEOAC and this new architecture. © 2025 IEEE.","Access Control; Complex Event Processing; Cyber-Physical System; RBAC; Smart Contract; SYMBOLEO","Codes (symbols); Complex networks; Computer architecture; Cyber Physical System; Embedded systems; Formal specification; Network security; Smart contract; Specification languages; Complex event processing; Complex events; Cybe-physical systems; Cyber-physical systems; Event Processing; Legal contracts; Property; Role-based Access Control; Security and privacy; SYMBOLEO; Access control"
"https://www.scopus.com/pages/publications/85134195081?origin=resultslist","Many smart home frameworks use applications to automate devices in a smart home. When these applications interact in the same environment, they may cause unintended actions which can lead to a safety violation (e.g., the door is unlocked when the user is not at home). While recent efforts have attempted to address this problem, they do not capture complex app behaviors such as: 1) timed behavior and user inputs (e.g., a door can remain unlocked for a long time because of a lock-door app that locks the door after x duration, if x is set too large.) and 2) interactions between devices and the environment they implicitly affect (e.g., water sprinklers cannot be turned on if the water supply is off). Hence, prior work leads to many false positives and false negatives. In this paper, we present PSA, a practical framework to identify safety intent violations in a smart home. PSA uses parameterized timed automata (PTA) as an expressive abstraction to model smart apps. To parse these apps into PTA, we define mappings from smart app APIs to equivalent PTA primitives. We also provide toolkits to model devices, environments, and their interactions. We evaluate PSA on 86 apps in the Samsung SmartThings IoT ecosystem. We compare PSA against two state-of-the-art baselines and find: (a) 19 new intent violations and (b) 35% fewer false positives than baselines.  © 2022 IEEE.","formal verification; IoT safety and security; violation detection","Automation; Behavioral research; Hose; Intelligent buildings; Internet of things; Locks (fasteners); False positive and false negatives; IoT safety and security; Parameterized; Safety and securities; Safety violations; Smart homes; Timed Automata; User input; Violation detections; Water sprinklers; Formal verification"
"https://www.scopus.com/pages/publications/85074862505?origin=resultslist","In actual collaboration, business processes are developed by different organizations, and there is no way to foresee all potential interactions at design time. Thus, the established model may be inconsistent with the system functionalities and features required by participating organizations. We propose an approach for modeling and consistency verification of collaborative business processes and requirements. In this approach, we first introduce the concurrency operator that provides a method of composing participating organizations' business processes to construct collaborative business processes. Then, we extend traditional goal models and present the requirement dependency graph (RDG), which is used to model participating organizations' requirements. Finally, we propose a formal method based on model checking to verify the consistency between business processes and requirements. To effectively deploy the model checking technique, we transform collaborative business processes into finite state processes (FSP) without losing expressiveness and convert the participating organizations' requirements into linear temporal logic (LTL) formulas. Then, we can directly use labelled transition system analyser (LTSA) to automatically conduct consistency analysis. The effectiveness and efficiency of our approach are evaluated using typical collaborative business processes. The experimental results show that our approach is more effective than the existing work in terms of consistency analysis. © 2019 IEEE.","Bisimulation equivalence; Collaborative business process; Consistency; Model checking; Requirement","Formal verification; Green computing; Internet of things; Mathematical transformations; Temporal logic; Bisimulation equivalences; Collaborative business process; Consistency; Consistency verifications; Effectiveness and efficiencies; Labelled transition systems; Model-checking techniques; Requirement; Model checking"
"https://www.scopus.com/pages/publications/84952664883?origin=resultslist","Internet of things (IoT) has recently drawn much attention around the world. Technological development in relevant industries has facilitated great strides in the advancement of multifunctional high-performance electronic communication system. IoT technology conceptually encompasses information service, transmission, identification, hardware, infrastructure, embedded, security, material and network technologies. In particular, the importance of security technology is highlighted in IoT technology due in part to the concerns over hacking attacks leading to system malfunction, remote control and authorization in the guise of administrators. Thus, mutual authentication and security are regarded as the overarching aspect of communication. In the same vein, secure communication protocols have extensively been explored in the field of security. The present paper designed a secure communication protocol using hash locks, timestamps, agent passwords and security keys. Unlike most of previous studies intended to prove the security of protocols using mathematical theorems, the present paper established the security of the proposed protocol against a range of intruders’ attacks by testing it using a formal verification tool, Casper/FDR. The test results confirmed the security of the proposed protocol in terms of safety, deadlock and livelock. © 2016, Springer Science+Business Media New York.","Authentication protocol; Casper; IoT; IoT authentication; IoT security; Model checking","Authentication; Hash functions; Information services; Model checking; Personal computing; Remote control; Secure communication; Authentication protocols; Casper; Electronic communications; Formal verification tools; Internet of Things (IOT); IoT; IoT security; Technological development; Internet of things"
"https://www.scopus.com/pages/publications/84923205438?origin=resultslist","The Internet of Things (IoT) is becoming an attractive system paradigm to realize interconnections through the physical, cyber, and social spaces. During the interactions among the ubiquitous things, security issues become noteworthy, and it is significant to establish enhanced solutions for security protection. In this work, we focus on an existing U2IoT architecture (i.e., unit IoT and ubiquitous IoT), to design an aggregated-proof based hierarchical authentication scheme (APHA) for the layered networks. Concretely, 1) the aggregated-proofs are established for multiple targets to achieve backward and forward anonymous data transmission; 2) the directed path descriptors, homomorphism functions, and Chebyshev chaotic maps are jointly applied for mutual authentication; 3) different access authorities are assigned to achieve hierarchical access control. Meanwhile, the BAN logic formal analysis is performed to prove that the proposed APHA has no obvious security defects, and it is potentially available for the U2IoT architecture and other IoT applications. © 2014 IEEE.","authentication protocol; Internet of Things (IoT); security; U2IoT architecture","Access control; Aggregates; Authentication; Chaotic systems; Internet; Internet protocols; Mobile security; Network architecture; Network layers; Authentication protocols; Authentication scheme; Chebyshev chaotic map; Hierarchical access control; Internet of thing (IOT); Internet of Things (IOT); Mutual authentication; security; Internet of things"
"https://www.scopus.com/pages/publications/85177204855?origin=resultslist","The proceedings contain 22 papers. The special focus in this conference is on Formal Engineering Methods. The topics include: Guided Integration of Formal Verification in Assurance Cases; validation-Driven Development; incremental Property Directed Reachability; Proving Local Invariants in ASTDs; formal Verification of the Burn-to-Claim Blockchain Interoperable Protocol; early and Systematic Validation of Formal Models; verifying Neural Networks by Approximating Convex Hulls; eager to Stop: Efficient Falsification of Deep Neural Networks; A Runtime Verification Framework for Cyber-Physical Systems Based on Data Analytics and LTL Formula Learning; an Idealist’s Approach for Smart Contract Correctness; unified Verification of Neural Networks’ Robustness and Privacy in Computer Vision; ioT Software Vulnerability Detection Techniques through Large Language Model; vulnerability Detection via Typestate-Guided Code Representation Learning; Active Inference of EFSMs Without Reset; learning Mealy Machines with Local Timers; compositional Vulnerability Detection with Insecurity Separation Logic; dynamic Extrapolation in Extended Timed Automata; formalizing Robustness Against Character-Level Perturbations for Neural Network Language Models; trace Models of Concurrent Valuation Algebras; branch and Bound for Sigmoid-Like Neural Network Verification.","",""
"https://www.scopus.com/pages/publications/105013079221?origin=resultslist","The rapid advancements in networking, communication, automation engineering, and artificial intelligence (AI) are shaping society into a highly interconnected and intelligent ecosystem. In smart environments such as smart farming and manufacturing, devices autonomously perform long-lived operations with minimal human intervention, adapting dynamically to system requirements and environmental conditions. To regulate these long-lived operations, referred to as activities (e.g., spraying water, plowing field), an Activity-Centric Access Control (ACAC) model has been proposed. While previous works have incrementally introduced ACAC's decision parameters Authorizations (A), Obligations (B), Conditions (C), and Dependencies (D) and presented policy specifications and proof-of-concept implementation for dependencies (D), a comprehensive implementation of the consolidated ACACABCD model remains unexplored. Validating ACAC's feasibility in highly dynamic environments is essential, particularly where security and safety must be ensured to protect both device operations and the system from potential insider and external threats. Additionally, the absence of constraints across various life-cycle stages undermines the model's comprehensiveness. In this paper, we take a significant step toward implementing the consolidated ACACABCD model in a smart farming use case, incorporating additional constraints such as usage count, cardinality, dynamic separation of duties, and activity duration. We first provided the formal model definitions for authorizations (A), obligations (B) and conditions (C), referred to as A C A CA, A C A CB, and A C A CC respectively. Furthermore, to demonstrate proof-of-concept, we utilize AWS cloud infrastructure. The Activity Control Decision ACD ACACABCD policy engine is implemented using AWS Lambda, with AWS S3 storing policies and real-Time data. An AWS EC2 instance manages interactions with Lambda, processing requests that specify a source and activity. IoT devices are configured via AWS IoT Core Things to dynamically reflect activity state changes. We simulated the ACACABCD model on AWS, conducted a performance analysis based on multiple metrics and compared ACAC's efficiency against the widely used Attribute-Based Access Control (ABAC) model. Our results demonstrate that the ACAC model is practical, scalable, and well-suited for dynamic smart systems where device operations are interconnected and continuously evolving.  © 2025 IEEE.","Activity-Centric Access Control (ACAC); Amazon Web Service (AWS); implementation; Long-lived operations; policy; smart and connected systems","Ecosystems; Environmental protection; Formal methods; Internet of things; Life cycle; Network security; Specifications; Web services; Access control models; Activity-centric access control; Amazon web service; Amazon web services; Condition; Connected systems; Implementation; Long-lived operation; Proof of concept; Smart System; Public policy"
"https://www.scopus.com/pages/publications/84945942128?origin=resultslist","Sending and receiving data is an important requirement of all computing infrastructures with components that need to interact. This interoperability requirement has been the focus of research since the beginning of the computer age. In this paper we will illustrate that in order to achieve interoperability, computer hardware and software have to be able to interpret data, i.e., understand their structure and their meaning. That understanding has to be conveyed somehow from the real world by the creators of the computing components and brought into a machine-processable form. In most cases, that means that formal models of those real world aspects have to be created and transferred into the computing environment. Here we will show from a data-centric point of view how those models developed over time from early relational database models, via document models and the (Semantic)Web to Linked Data and the Internet of Things. © Springer International Publishing Switzerland 2016.","",""
"https://www.scopus.com/pages/publications/85091703203?origin=resultslist","The Internet of Things (IoT) aims at sensing and altering our surrounding environment through connected objects to improve everyday life. IoT applications are built using interconnected objects with a goal to provide added-value services. However, there are still challenges in providing a secure, robust and easy-to-use end-user platform for development of such applications. In this paper, we present a end-user tool for supporting the design and deployment of smart home IoT applications. The tool first provides a graphical user interface to specify an IoT application using a rule-based composition language. Automated analysis techniques can then be called for verifying that the designed application is correct (e.g., free of deadlocks). Finally, the tool provides a rule execution engine to support application deployment. The tool is built by implementing a set of components on top of Mozilla WebThings platform, which is a concrete implementation of W3C's Web of Things specification. © 2020 ACM.","composition; formal verification; IoT; web of things","Automation; Graphical user interfaces; World Wide Web; Added-value services; Application deployment; Automated analysis; Composition languages; Internet of thing (IOT); IOT applications; Rule execution engine; Surrounding environment; Internet of things"
"https://www.scopus.com/pages/publications/86000333542?origin=resultslist","The intricate nature of modern edge architectures, relying on a vast array of computational logic and lightweight communication protocols, creates vulnerabilities that expose them to a broad spectrum of security threats. Moreover, security vulnerabilities can significantly impact the energy footprint of edge servers in these architectures. Our approach utilizes the concurrent stochastic game (CSG) formalism to model the behavior of IoT communication entities (players) while accounting for potential attacks at the communication edge and the resulting energy consumption caused by such attacks. We rely on the PRISM-games language for automated analysis where the game goals modeling functional and security requirements are expressed using reward probabilistic alternating temporal logic (rPATL). To validate our approach, we examine a data corruption attack applied to dam water flow control and study its side effect on energy consumption associated with SensiNact gateways. Our key innovation lies in using formal models at the architectural level to explore potential attacks. These models capture synchronous and asynchronous communication styles, along with their associated energy consumption. The methodology and the implemented formalism offer a significant advancement over traditional game equation models while still achieving the desired security and energy evaluation. Numerical results show that compared to synchronous communication, asynchronous styles suffer from significantly larger infected buffers and higher energy consumption due to attacks ranging from 66 to 91%. © The Author(s), under exclusive licence to Springer-Verlag GmbH Germany, part of Springer Nature 2025.","Concurrent stochastic game; Edge computing; Security threats; Temporal logic","Concurrency control; Gateways (computer networks); Network security; Probabilistic logics; Problem oriented languages; Steganography; Stochastic models; Temporal logic; Analysis of data; Concurrent stochastic game; Data corruption; Edge computing; Edge server; Energy-consumption; Modelling and analysis; Potential attack; Security threats; Stochastic game; Stochastic systems"
"https://www.scopus.com/pages/publications/105037105750?origin=resultslist","In recent years, the integration of Cloud Computing and Internet of Things (IoT) has become essential for many applications such as smart homes, health care, and industry. However, the synergy between IoT technologies and cloud computing services leads to a multitude of challenges, including complexity and security. To mitigate the security challenges of cloud-based IoT systems, this paper introduces a logical trust framework to evaluate the security properties of such systems. The proposed framework consists of a new Probabilistic Logic of Trust (PCTLT), a set of reasoning postulates for the new logic, and a model checking method to verify the new logic. The effectiveness of the proposed approach is demonstrated through a case study and its implementation within the PRISM model checker. The proposed work aims to advance the research and development of trust-based and secure IoT cloud systems. © 2025 IEEE.","Cloud Computing; Internet of Things (IoT); Model Checking; Security; Smart Homes; Trust; Verification","Automation; Cloud security; Internet of things; Network security; Probabilistic logics; Trusted computing; Cloud systems; Cloud-computing; Home health; Internet of thing; Models checking; Security; Security approach; Smart homes; Trust; Trust-based security; Model checking"
"https://www.scopus.com/pages/publications/105031481983?origin=resultslist","This paper addresses the critical need for AI trustworthiness in smart IoT systems by focusing on the stability of Deep Neural Networks (DNNs) in Edge AI. State-of-the-art model checkers guarantee feasibility of a single stability analysis. However, a comprehensive assessment requires multiple runs, considering different noise levels and output targets. This is feasible in Edge AI applications, because of the limited size of the involved DNNs. However, direct user interaction with the model checker via its command-line interface is suboptimal, with a high potential for error and inefficiency. We address this issue by proposing a higher-level tool, namely StabilEdge, that abstracts and automatically manages the technical complexities of the underlying verification engine through a graphical layer. The goal is to help designers to concentrate on application-level logic and constraints, rather than the underlying mechanics of the verification tool. StabilEdge performs parametric stability analysis by modeling realistic input perturbations, such as sensor noise/attacks, to assess if they may cause dangerous mispredictions. StabilEdge operationalizes a novel methodology unifying four complementary Edge-AI stability analyses: local robustness, focused evaluation of specific input features (sensitivity) and output target adherence (targeted robustness and sensitivity). The tool generates three key graphical outputs: stability constraint violations, class transition patterns, and input-output constraint trade-offs. It provides continuous verification feedback and specialized support for time series and vision tasks. Overall, StabilEdge automates the full verification workflow - from perturbation modeling to formal constraint generation and solver-level monitoring -, with no need for expert manual configuration. Evaluations on three edge AI tasks demonstrate that StabilEdge quantifies noise impact on DNN performance at a fine granularity, greatly enhancing the depth of NN performance assessment. This analysis yields also key insights, such as the explicit trade-off between model accuracy and its vulnerability to localized perturbations. We thus argue that the tool fulfills its goal of supporting designers in rigorously specifying DNN stability and making informed decisions on sensor selection and overall system architecture. The current implementation exploits the Marabou model checker and may integrate other engines in the future, especially to address scalability issues due to input/output and model size. To support free research in the field, StabilEdge is released open source at: https://github.com/Elios-Lab/StabilEdge © 2013 IEEE.","Deep learning; edge AI; formal verification; IoT; robustness; sensitivity; stability; trustworthy AI","Convergence of numerical methods; Deep neural networks; Engines; Feedback; Level measurement; Model checking; Scalability; Sensitivity analysis; System stability; AI applications; Deep learning; Edge AI; IoT; Model checker; Neural-networks; Robustness; Sensitivity; Stability analyze; Trustworthy AI; Economic and social effects; Formal verification"
"https://www.scopus.com/pages/publications/85139439564?origin=resultslist","Access control is a fundamental security aspect and has been adopted in diverse systems. Particularly, fine-grained access control models present good flexibility and scalability to adapt to complicated systems. However, building a trustworthy fine-grained access control mechanism in untrustworthy distributed environments such as Internet of Things (IoT) environments is challenging. Conventional access control mechanisms encounter security and privacy issues caused by centralized entities, such as single point of failure and data tampering. To address these issues, we have proposed Bloccess, a fine-grained access control framework based on the consortium blockchain, in our previous work. By leveraging blockchain technology, we formulate a set of protocols to enforce a tamper-proof access control mechanism in untrustworthy distributed environments. In this paper, we refine our previous work and present the extended version of Bloccess. We optimize our protocols and extend them to support a hybrid blockchain structure. We also formulate complete identification protocols for the administration mechanism in Bloccess. Besides, we show Bloccess in practice with a Bloccess-enabled IoT system. Furthermore, we conduct a semi-formal analysis to prove the security properties of Bloccess and evaluate its security through a security model and a threat model. © 2022, The Author(s), under exclusive licence to Springer Science+Business Media, LLC, part of Springer Nature.","Access control; Blockchain; Distributed computing; Formal methods; Internet of things; Security and privacy; Software Engineering","Access control models; Blockchain; Internet of things; Access control mechanism; Access control models; Block-chain; Centralised; Complicated systems; Distributed environments; Fine grained; Security and privacy; Security and privacy issues; Security aspects; Formal methods"
"https://www.scopus.com/pages/publications/85136927034?origin=resultslist","This article examines the impact of smart environments on society from a software engineering design perspective. Smart environments create significant design challenges due to their scalability, interconnectedness, and adaptivity of devices. Software engineering and existing standards typically address technical issues, while ethical and social issues have been neglected. This work argues that changing regulatory requirements shifts the responsibility for outcomes to the software engineering team, and therefore the definition of adequate guidelines is needed. These guidelines include consideration of ethical issues, harmonized ethically informed standards, principles that address compliance risks, and analyses of social impact. Our starting point is the seven harmonized standards defined by the European GDPR. Based on the existing literature and additional analyses, we identify ten key ethical issues, nine compliance risks, and twelve analyses of societal impact. These standards, issues, risks, and analyses make a starting point for the development of formal guidelines applicable to socially aware smart environment design. © 2022 IEEE.","engineering ethics; ethics of technology; health ethics; international ethics guidelines; internet of things; machine ethics; research ethics; smart home","Automation; Economic and social effects; Ethical technology; Formal methods; Regulatory compliance; Engineering challenges; Engineering ethics; Ethical issues; Health Ethics; International ethic guideline; Machine ethic; Research ethics; Smart environment; Smart homes; Social impact; Internet of things"
"https://www.scopus.com/pages/publications/85066608678?origin=resultslist","We propose a type-driven approach to building verified safe and correct IoT applications. Today's IoT applications are plagued with bugs that can cause physical damage. This is largely because developers account for physical constraints using ad-hoc techniques. Accounting for such constrains in a more principled fashion demands reasoning about the composition of all the software and hardware components of the application. Our proposed framework takes a step in this direction by (1) using refinement types to make make physical constraints explicit and (2) imposing an event-driven programing discipline to simplify the reasoning of system-wide properties to that of an event queue. In taking this approach, our framework makes it possible for developers to build verified IoT application by making it a type error for code to violate physical constraints. © 2019 EDAA.","Formal verification; hybrid systems; program and model analysis; type and proof theory","Application programs; Formal verification; Hybrid systems; Program debugging; Ad-hoc techniques; Embedded device; IOT applications; Model analysis; Physical constraints; Physical damages; Proof theory; Software and hardwares; Internet of things"
"https://www.scopus.com/pages/publications/85044447749?origin=resultslist","Background/Objectives: Internet of Things is emerging as a concept to integrate and expand Internet technologies. Internet of things is rapidly developing as sensing technology and wired/wireless communication technology develop. This study proposes a system for applying information generated by IoT devices to web services. Methods/Statistical analysis: The study presents the processing methods of various information protocols and data generated from IoT devices and provides them to service brokers performing web service discovery based on the generated information so that they can be used for service discovery. The proposed method extracts and generates device information from IoT devices. Through the formal specification of the generated information, the service list is provided to the user using the QoS information and IoT information in web service discovery. Findings: A service discovery system based on IoT information was proposed for the purpose of using search information when selecting web services by using information generated through collaboration between devices and devices and device interaction with users through extension of IoT environment. The proposed system complements the reliability and availability problems of the existing search methods. The information model for the IoT service is presented in three stages, and the information generated in the IoT environment is defined to be applicable to the web service through the formal specification of each stage. The purpose is to apply to web service discovery system based on defined IoT information so that users can select appropriate services. Improvements/Applications: By adding IoT devices information to the existing web service discovery method, the problem of QoS unilaterally provided by the provider is solved, and by presenting a list of services suitable for the user based on the information generated in the IoT environment used by the user, user satisfaction can be improved. © 2018, World Informations Syndicate. All rights reserved.","IoT; IoT computing environment; Service information; Services discovery; Web services","article; information model; reliability; satisfaction; statistical analysis"
"https://www.scopus.com/pages/publications/85122781834?origin=resultslist","Existing studies using deception are ad-hoc attempts and few theoretical models have been designed to plan and integrate deception. We theorise that a pre-planning stage should be a fundamental part to obtain information about the attackers’ behaviours and the attack process by analysing known attacks. This will help plan and take defence actions by actively interacting with the attackers and predicting their actions using a probabilistic approach. This paper proposes a framework that provides a theoretical understanding to plan and integrate deception systematically and strategically. We also present probabilistic modelling to predict attack actions by formalising a real case of attacks captured on simulated Internet of Things devices as an Markov Decision Process (MDP) and verifying related properties using Probabilistic Symbolic Model Checker (PRISM). MDP's properties verification results reveal that the associated cost for defence actions can be decreased by successfully predicting attackers’ probable actions. Moreover, we identify several quantification metrics (e.g. cost, reward, trust, incentive and penalty) to evaluate the performance of actions performed by attackers and defenders. © 2021 Elsevier Ltd","Deception; IoT attacks; Markov decision process; Probabilistic model checking; Security framework","Forecasting; Learning algorithms; Markov processes; Model checking; Deception; IoT attack; Markov Decision Processes; Planning stages; Pre-planning; Probabilistic model checking; Probabilistic model-checking; Probabilistic models; Security frameworks; Theoretical modeling; Internet of things"
"https://www.scopus.com/pages/publications/85084684369?origin=resultslist","The architecture model of the Internet of thing system is the primary foundation for the design and implementation of the Internet of thing system. This article discusses the method and practice of time automaton modeling and model checking for the architecture of the Internet of thing system from the state and time dimensions. This article introduces the theory and method of modeling using time automata. And then, combined with the actual need of the elderly health cabin Internet of thing system, a dynamic and fault-tolerant time automaton model is established through a relatively complete architecture modeling. The model checking method verifies that the designed Internet of thing system has no deadlock system activity, service correctness, and timeliness correctness. The results of modeling experiments and model validation show that the reference model of time automata Internet of thing architecture established in this article can better reflect the nature of interaction with the physical world, heterogeneity and large-scale, dynamic, and incompleteness of the Internet of thing system. © The Author(s) 2020.","architecture; Internet of thing; model checking; modeling; timed automata; UPPAAL","Architecture; Automata theory; Internet of things; Memory architecture; Robots; Architecture modeling; Design and implementations; Design and modeling; Model experiments; Model validation; Reference modeling; Service correctness; Theory and methods; Model checking"
"https://www.scopus.com/pages/publications/85081893976?origin=resultslist","This paper presents a novel approach for automated analysis of process models discovered using process mining techniques. Process mining explores underlying processes hidden in the event data generated by various devices. Our proposed Inductive machine learning method was used to build business process models based on actual event log data obtained from a hotel's Property Management System (PMS). The PMS can be considered as a Multi Agent System (MAS) because it is integrated with a variety of external systems and IoT devices. Collected event log combines data on guests stay recorded by hotel staff, as well as data streams captured from telephone exchange and other external IoT devices. Next, we performed automated analysis of the discovered process models using formal methods. Spin model checker was used to simulate process model executions and automatically verify the process model. We proposed an algorithm for the automatic transformation of the discovered process model into a verification model. Additionally, we developed a generator of positive and negative examples. In the verification stage, we have also used Linear temporal logic (LTL) to define requested system specifications. We find that the analysis results will be well suited for process model repair. © 2020, © 2020 The Author(s). Published by Informa UK Limited, trading as Taylor & Francis Group.","Big Data; inductive machine learning; IoT; MAS; model checking; Process mining",""
"https://www.scopus.com/pages/publications/85064005739?origin=resultslist","Rapid advances in industrialisation and informatisation methods have spurred tremendous progress in developing the next generation of manufacturing technology. Today, we are on the cusp of the Fourth Industrial Revolution. In 2013, amongst one of 10 ‘Future Projects’ identified by the German government as part of its High-Tech Strategy 2020 Action Plan, the Industry 4.0 project is considered to be a major endeavour for Germany to establish itself as a leader of integrated industry. In 2014, China’s State Council unveiled their ten-year national plan, Made-in-China 2025, which was designed to transform China from the world’s workshop into a world manufacturing power. Made-in-China 2025 is an initiative to comprehensively upgrade China’s industry including the manufacturing sector. In Industry 4.0 and Made-in-China 2025, many applications require a combination of recently emerging new technologies, which is giving rise to the emergence of Industry 4.0. Such technologies originate from different disciplines including cyber-physical Systems, IoT, cloud computing, Industrial Integration, Enterprise Architecture, SOA, Business Process Management, Industrial Information Integration and others. At this present moment, the lack of powerful tools still poses a major obstacle for exploiting the full potential of Industry 4.0. In particular, formal methods and systems methods are crucial for realising Industry 4.0, which poses unique challenges. In this paper, we briefly survey the state of the art in the area of Industry 4.0 as it relates to industries. © 2018 Informa UK Limited, trading as Taylor & Francis Group.","Blockchain; Cloud computing; Cyber-physical systems; Emerging technology; Enterprise architecture; Industrial information integration; Industrial integration; Industrie 4.0; Industry 4.0; Interoperability; IoT; Made-in-China 2025; Manufacturing; SOA","Blockchain; Cloud computing; Computer architecture; Cyber Physical System; Embedded systems; Enterprise resource management; Formal methods; Information management; Information retrieval; Integration; Internet of things; Interoperability; Manufacture; Emerging technologies; Enterprise Architecture; Industrial integration; Industrie 4.0; Information integration; Made in China; Industry 4.0"
"https://www.scopus.com/pages/publications/85109912901?origin=resultslist","Recently, Internet of Things (IoT)-based systems, especially automation systems, have become an indispensable part of modern-day lives to support the controlling of the networked devices and providing context-aware and intelligent environments. IoT-based services/apps developed by the end-users interact with each other and share concurrent access to devices according to their preferences, which increases safety, security, and correctness issues in IoT systems. Due to the critical impacts resulting from these issues, IoT-based apps require a customized type of compilers or checking tools that capable of analyzing the structures of these apps and detecting different types of errors and conflicts either in intra-IoT app instructions or in inter-IoT apps interactions. A plethora of approaches and frameworks have been proposed to assist the best practices for end-users in developing their IoT-based apps and mitigate these errors and conflicts. This paper focuses on conflict classification and detection approaches in the context of IoT systems by investigating the current research techniques that provided conflicts' classification or detection in IoT systems (published between 2014 and 2020). A classification of IoT-based apps interaction conflicts is proposed. The proposed conflicts' classification provides a priori conflicts detection method based on the analysis of IoT app instructions' relationships with utilizing the state-of-the-art Satisfiability Modulo Theories (SMT) model checking and formal notations. The current detection approaches are compared with each other according to the proposed conflicts' classification to determine to which extend they cover different conflicts. Based on this comparison, we provide evidence that the existing approaches have a gap in covering different conflicts' levels and types which yields to minimize the correctness and safety of IoT systems. We point out the need to develop a safety and security compiler or tool for IoT systems. Also, we recommend using a hybrid approach that combines model checking with a variety of languages and semantic technologies in developing future IoT-based apps verification frameworks to cover all levels and types of conflicts to guarantee and increase the safety, security, and correctness of IoT systems. © 2021 Ibrhim et al. All Rights Reserved.","Building automation system; Correctness and safety; Global conflicts; IoT-based services; Local conflicts; Rule-Based System; Safety critical system","Automation; Model checking; Networked control systems; Program compilers; Semantics; Automation systems; Detection approach; Intelligent environment; Internet of Things (IOT); Safety and securities; Satisfiability modulo Theories; Semantic technologies; Verification framework; Internet of things"
"https://www.scopus.com/pages/publications/85090111291?origin=resultslist","Intelligent diagnosis and treatment service is the core content of hospital Internet of Things. Due to the complexity of the hospital environment, the disregard of the system design leads to the uncertainty of data and the instability of system. Timed automata provides an effective method for formal modeling of Internet of Things systems. Therefore, based on the theory of timed automata, introducing the related concepts such as environmental entities, the interaction between Internet of Things services and external environment and the time attribute of services are fully considered, and a method for modeling and verifying hospital intelligent diagnosis and treatment services under the Internet of Things environment is proposed to improve the stability and reliability of system to ensure its correctness. Firstly, on the basis of discussing common scenes of intelligent diagnosis and treatment in hospitals, the application composition is analyzed, and an intelligent diagnosis and treatment service providing framework based on environment interaction is built. Secondly, based on the formal description of two types of environmental entities, the three atomic services, that is, perception type, control type and processing type are modeled respectively. On this basis, the modeling of composite services is completed based on the timed automata network, so as to build a hospital intelligent diagnosis and treatment service model based on timed automata. Finally, taking the application scenario of hospital intelligent diagnosis room as an example, the effectiveness and feasibility of the above-mentioned modeling method are analyzed, and its timeliness correctness is verified by UPPAAL model detection tool. Practice shows that the method can accurately analyze the model during system design, avoid design errors, reduce design defects, and provide effective support for the implementation of hospital intelligent diagnosis and treatment services in the Internet of Things. © 2020 IEEE.","Hospital Internet of Things; Intelligent diagnosis and treatment; Internet of things service; Service modeling; Timed automata; UPPAAL","Automata theory; Big data; Hospitals; Internet of things; Reliability theory; Robots; Systems analysis; Application composition; Application scenario; Composite services; External environments; Hospital environment; Intelligent diagnosis; Modeling and verifications; Stability and reliabilities; Web services"
"https://www.scopus.com/pages/publications/105018173651?origin=resultslist","Component outages often affect IoT system operations and processes. These components can be physical devices, infrastructure parts, or system modules. Among other possible causes, outages are often due to limited or intermittent network connectivity. To ensure reliable operations, connection outage scenarios must be reviewed systematically, which is especially important for critical systems. Path-based testing techniques are preferable for this task, as they sequence events in the system and, therefore, allow to verify the effects of the limited network connectivity on the system processes. Because the available path-based testing techniques provide only a limited ability to solve this problem effectively, in this study, we propose an adaptation of a genetic algorithm to generate specialized test paths from a model that captures the system under test processes. Compared with the four path-based testing alternatives for solving the testing problem, the proposed algorithm yielded the best results in all four defined test set metrics for the two defined test coverage criteria. Regarding the average total length of the test paths, which served as a proxy for testing costs, those produced by the proposed adapted genetic algorithm outperformed the best of the proposed baselines by 23.5% and 29% for individual test coverage criteria. © 2025","Component outage; Genetic algorithm; Internet of Things; Model-based testing; Path-based testing; Test automation","Ability testing; Electron device testing; Model checking; Outages; Problem solving; Statistical tests; Component outage; Model based testing; Network connectivity; Path-based; Path-based testing; System process; Systems operation; Test Automation; Test coverage criteria; Testing technique; Genetic algorithms"
"https://www.scopus.com/pages/publications/85175813408?origin=resultslist","The Internet of Things (IoT) aims to interconnect the physical world with the digital world, presenting complex challenges that require accurate models to ensure implementation accuracy and minimize errors. In this paper, we propose a general approach for modeling, specifying, and verifying Internet of Things architectures using the Unified Modeling Language (UML), the Event-B formal method, and the Rodin platform. We propose a model-to-text transformation that generates semi-automatic formal specifications from UML component diagrams profiled with IoT concepts and UML sequence diagrams. The resulting Event-B code allows for formal verification of system properties by employing the powerful model checker and animator tools within the Rodin platform. Additionally, we evaluate the effectiveness of various IoT patterns within our approach. Our results demonstrate the benefits of employing IoT patterns, including cost reduction related to software development. The proposed approach contributes to the development of reliable and efficient IoT systems by ensuring valid models and verifying system properties. © 2023 Elsevier B.V.","Event-B method; Formal specification; Formal verification; Internet of Things; Model checking; Model driven engineering",""
"https://www.scopus.com/pages/publications/85114458517?origin=resultslist","Facilitated by messaging protocols (MP), many home devices are connected to the Internet, bringing convenience and accessibility to customers. However, most deployed MPs on IoT platforms are fragmented, which are not implemented carefully to support secure communication. To the best of our knowledge, there is no systematic solution to perform automatic security checks on MP implementations yet. To bridge the gap, we present MPInspector, the first automatic and systematic solution for vetting the security of MP implementations. MPInspector combines model learning with formal analysis and operates in three stages: (a) using parameter semantics extraction and interaction logic extraction to automatically infer the state machine of an MP implementation, (b) generating security properties based on meta properties and the state machine, and (c) applying automatic property based formal verification to identify property violations. We evaluate MPInspector on three popular MPs, including MQTT, CoAP and AMQP, implemented on nine leading IoT platforms. It identifies 252 property violations, leveraging which we further identify eleven types of attacks under two realistic attack scenarios. In addition, we demonstrate that MPInspector is lightweight (the average overhead of end-to-end analysis is ~4.5 hours) and effective with a precision of 100% in identifying property violations. © 2021 by The USENIX Association. All rights reserved.","","Extraction; Semantics; Attack scenarios; Automatic approaches; End-to-end analysis; Formal analysis; Messaging protocols; Security checks; Security properties; Semantics extractions; Internet of things"
"https://www.scopus.com/pages/publications/85091589301?origin=resultslist","The recent active development of Internet of Things (IoT) solutions in various domains has led to an increased demand for security, safety, and reliability of these systems. Security and data privacy are currently the most frequently discussed topics; however, other reliability aspects also need to be focused on to maintain smooth and safe operation of IoT systems. Until now, there has been no systematic mapping study dedicated to the topic of interoperability and integration testing of IoT systems specifically; therefore, we present such an overview in this study. We analyze 803 papers from four major primary databases and perform detailed assessment and quality check to find 115 relevant papers. In addition, recently published testing techniques and approaches are analyzed and classified; the challenges and limitations in the field are also identified and discussed. Research trends related to publication time, active researchers, and publication media are presented in this study. The results suggest that studies mainly focus only on general testing methods, which can be applied to integration and interoperability testing of IoT systems; thus, there are research opportunities to develop additional testing methods focused specifically on IoT systems, so that they are more effective in the IoT context. © 2020, Springer Nature Switzerland AG.","Automated testing; Integration; Internet of Things; Interoperability; Testing; Verification","Data privacy; Formal methods; Integration; Integration testing; Internet of things; Mapping; Testing; Internet of Things (IOT); Interoperability testing; Primary database; Research opportunities; Research trends; Safe operation; Systematic mapping studies; Testing technique; Interoperability"
"https://www.scopus.com/pages/publications/84992377648?origin=resultslist","This research in progress work demonstrates how the formal, model-theoretic semantics of ontologies can be used for complementing the technical specifications of Internet of Things (IoT) devices with additional high-level information derived from domain ontologies in order to enhance utilization and interoperability. The presented approach substantiates the assumption that a more elaborated description about a device's capabilities and its features helps in integrating it in different system contexts and fosters interoperability among different IoT devices. We show how basic technical information represented as RDF data can be used to automatically classify IoT devices, how default capabilities can be deduced from these classifications, and how advanced features can be inferred using domain semantics and formal reasoning. The applicability of the presented approach in real world settings is demonstrated by a concrete example from an IoT use case. © 2016 The Authors.","Artificial Intelligence; Internet of Things; Knowledge Representation; Logic; Reasoning; Semantic Web","Artificial intelligence; Classification (of information); Health care; Interoperability; Knowledge representation; Semantic Web; Semantics; High-level information; Internet of Things (IOT); Logic; Model-theoretic semantics; Real world setting; Reasoning; Technical information; Technical specifications; Internet of things"
"https://www.scopus.com/pages/publications/85212223414?origin=resultslist","Digital Twins (DT) constitute complex software systems that need to be continuously modified/updated to meet evolving user requirements and priorities, and support continual improvement. Because they aim at monitoring and improving different system aspects, their development requires the collaboration of people from different domains of expertise, e.g. the development of a DT for built assets may involve the collaboration of experts in software engineering, thermal comfort, air quality, and energy consumption, etc. Consequently, DTs need to be engineered to enable the fast and secure integration and deployment of new code, the systematic and iterative evolution of their components, and the independent development of different system aspects by those experts. In this paper, we present JuNo-OPS, a DevOps framework for the engineering of DTs for built assets. The framework is being developed, tested and validated in the the context of a multi-function room at École de Technologie Supérieure (ETS). We focus on two main facets of the DT software: the microservices architecture; and the DevOps infrastructure used to support the development, continuous integration, continuous delivery and the automation thereof. We also discuss challenges and next steps related to the development and evolution of the framework. © 2024 Copyright held by the owner/author(s).","CI/CD Pipelines; DevOps; Digital Twins; IoT; microservices","Computer software selection and evaluation; DevOps; Model checking; Quality function deployment; Software architecture; Software testing; CI/CD pipeline; Complex software systems; Different domains; Energy-consumption; IoT; Microservice; System aspects; Thermal; User priorities; User requirements; Thermal comfort"
"https://www.scopus.com/pages/publications/85203424763?origin=resultslist","As the Internet of Things (IoT) continues its rapid expansion, cloud computing has become integral to various smart healthcare applications. However, the proliferation of digital health services raises significant concerns regarding security and data privacy, making the protection of sensitive medical information paramount. To effectively tackle these challenges, it is crucial to establish resilient network infrastructure and data storage systems capable of defending against malicious entities and permitting access exclusively to authorized users. This requires the deployment of a robust authentication mechanism, wherein medical IoT devices, users (such as doctors or nurses), and servers undergo registration with a trusted authority. The process entails users retrieving data from the cloud server, while IoT devices collect patient data. Before granting access to data retrieval or storage, the cloud server verifies the authenticity of both the user and the IoT device, ensuring secure and authorized interactions within the system. With millions of interconnected smart medical IoT devices autonomously gathering and analyzing vital patient data, the importance of robust security measures becomes increasingly evident. Standard security protocols are fundamental in fortifying smart healthcare applications against potential threats. To confront these issues, this paper introduces a secure and resource-efficient cloud-enabled authentication mechanism. Through empirical analysis, it is demonstrated that our authentication mechanism effectively reduces computational and communication overheads, thereby improving overall system efficiency. Furthermore, both informal and formal analyses affirm the mechanism's resilience against potential cyberattacks, highlighting its effectiveness in safeguarding smart healthcare applications. © 2024 The Author(s)","Authentication; Encryption; Healthcare; Internet of things; Scyther; Security",""
"https://www.scopus.com/pages/publications/85047213068?origin=resultslist","Internet of Things (IoT) devices have gained more prevalence in ambient assisted living (AAL) systems. Reliability of AAL systems is critical especially in assuring the safety and well-being of elderly people. Runtime verification (RV) is described as checking whether the observed behavior of a system conforms to its expected behavior. RV techniques generally involve heavy formal methods; thus, it is poorly utilized in the industry. Therefore, we propose a democratization of RV for IoT systems by presenting a model-based testing (MBT) approach. To enable modeling expected behaviors of an IoT system, we first describe an extension to a UML profile. Then, we capture the expected behavior of an interaction that is modeled on a Sequence Diagram (SD). Later, the expected behaviors are translated into runtime monitor statements expressed in Event-Processing Language (EPL), which are executed at the edge of the IoT network. We further demonstrate our contributions on a sample AAL system. © 2018 Elsevier Ltd","Complex-event processing; Edge computing; Internet of things; Model-based testing; Model-to-text transformation; Runtime verification","Assisted living; Edge computing; Formal verification; Markup languages; Model checking; Ambient assisted living (AAL); Complex event processing; Event processing languages; Internet of Things (IOT); Model based testing; Model to text transformations; Run-time verification; Sequence diagrams; Internet of things"
"https://www.scopus.com/pages/publications/105036071829?origin=resultslist","Smart home IoT platforms such as openHAB rely on Trigger–Action–Condition (TAC) rules to automate device behavior, but the interplay among these rules can give rise to interaction threats—unintended or unsafe behaviors emerging from implicit dependencies, conflicting triggers, or overlapping conditions. Identifying these threats requires semantic understanding and structural reasoning that traditionally depend on symbolic, constraint-driven static analysis. This work presents the first comprehensive evaluation of Large Language Models (LLMs) across a multi-category interaction threat taxonomy, assessing their performance on both the original openHAB (oHC/IoTB) dataset and a structurally challenging Mutation dataset designed to test robustness under rule transformations. We benchmark Llama 3.1 8B, Llama 70B, GPT-4o, Gemini-2.5-Pro, and DeepSeek-R1 across zero-, one-, and two-shot settings, comparing their results against oHIT’s manually validated ground truth. Our findings show that while LLMs exhibit promising semantic understanding—particularly on action- and condition-related threats—their accuracy degrades significantly for threats requiring cross-rule structural reasoning, especially under mutated rule forms. Model performance varies widely across threat categories and prompt settings, with no model providing consistent reliability. In contrast, the symbolic reasoning baseline maintains stable detection across both datasets, unaffected by rule rewrites or structural perturbations. These results underscore that LLMs alone are not yet dependable for safety-critical interaction-threat detection in IoT environments. We discuss the implications for tool design and highlight the potential of hybrid architectures that combine symbolic analysis with LLM-based semantic interpretation to reduce false positives while maintaining structural rigor. © The Author(s), under exclusive licence to Springer Science+Business Media, LLC, part of Springer Nature 2026.","IoT; LLM; Safety; Static analysis","Automation; Large datasets; Model checking; Semantics; Tools; Analysis tools; Condition; IoT; Language model; Large language model; Semantics understanding; Smart homes; Structural reasoning; Unintended behavior; Unsafe behaviors; Accident prevention; Static analysis"
"https://www.scopus.com/pages/publications/85077509424?origin=resultslist","The Internet of Things (IoT) enables connectivity between devices, thereby allowing them to interact with each other. A recurring problem is the emergence of siloed IoT platforms due to proprietary standards. Recently, the World Wide Web Consortium (W3C) proposed a human-readable and machine-understandable format called Thing Description (TD). It allows to uniformly describe device and service interfaces of different IoT standards with syntactic and semantic information, and hence enables semantic interoperability. However, describing the sequential behavior of devices, which is essential for many cyber-physical systems, is not covered. In this paper, we extend our initial contribution of describing such sequential behavior as an extension within TDs, thereby increasing their semantic expressiveness through possible, valid state transitions. This enables safe and desired operation of devices as well as scalability by modeling systems as sequential compositions of Things. We show in a case study that previously unmodelable behavior can now be expressed and the overall manual intervention requirements of the state-of-the-art implementations can be significantly reduced. © Springer Nature Switzerland AG 2020.","Black box testing; Cyber-physical systems; Data models; Execution path; Formal verification; Internet; Internet of things; IoT platforms; Model-driven development; Safety; Server-client architecture; Software development; Standards; System testing; Testing; Thing description; Verification; Web; Web of things; World wide web consortium","Accident prevention; Black-box testing; Cyber Physical System; Data structures; Embedded systems; Formal verification; Internet; Interoperability; Safety testing; Semantics; Software design; Software engineering; Standards; Systems analysis; Testing; Verification; World Wide Web; Execution paths; IoT platforms; Model driven development; System testing; Thing description; World wide web consortiums; Internet of things"
"https://www.scopus.com/pages/publications/85176131776?origin=resultslist","The proceedings contain 422 papers. The topics discussed include: PhyAuth: physical-layer message authentication for ZigBee networks; time for change: how clocks break UWB secure ranging; capstone: a capability-based foundation for trustless secure memory access; examining consumer reviews to understand security and privacy issues in the market of smart home devices; detecting and handling IoT interaction threats in multi-platform multi-control-channel smart homes; lessons lost: incident response in the age of cyber insurance and breach attorneys; a bug’s life: analyzing the lifecycle and mitigation process of content security policy bugs; PatchVerif: discovering faulty patches in robotic vehicles; systematic assessment of fuzzers using mutation analysis; HomeSpy: the invisible sniffer of infrared remote control of smart TVs; PCAT: functionality and data stealing from split learning by pseudo-client attack; a plot is worth a thousand words: model information stealing attacks via scientific plots; detecting multi-step IAM attacks in AWS environments via model checking; and Cipherfix: mitigating ciphertext side-channel attacks in software.","",""
"https://www.scopus.com/pages/publications/105027063219?origin=resultslist","In recent years, IoT devices have seen widespread deployments in critical environments such as healthcare, military, and home security systems. These deployments often involve managing a heterogeneous collection of devices by non-expert users, increasing the risk of errors that could lead to significant monetary and physical damage. Unfortunately, such deployments face unique challenges such as incomplete visibility (e.g., need to interoperate with closed software systems), incompatibility (e.g., need to interact across different protocols and control logic created by different vendors), and management complexity (e.g., need to express complex and diverse intentions in ways that can be understood by inexperienced users). While system verification has been crucial in catching errors early in other domains, these challenges complicate its application in IoT. To perform verification under these conditions, we propose Pyotr, a system based on a mathematical framework from the theory of database systems called incomplete databases. Pyotr can integrate data from heterogeneous devices, perform data analysis under failures and uncertain knowledge, verify intended behavior using easy-to-use database-styled queries, and provide a generalized algebraic framework for reasoning about IoT systems in a rigorous and intuitive way. Our experiments on large IoT networks show that Pyotr can scalably answer complex queries on thousands of connected IoT devices within a few milliseconds. © ICST Institute for Computer Sciences, Social Informatics and Telecommunications Engineering 2026.","Conditional Tables; Formal verification; IoT","Algebra; Computer software; Query languages; Query processing; Security systems; Uncertainty analysis; Conditional tables; Critical environment; Expert users; Heterogeneous collections; Home security systems; IoT; Military security; Multi-vendor; Physical damages; Software-systems; Formal verification"
"https://www.scopus.com/pages/publications/105011616275?origin=resultslist","Simulation-based development is a structured approach that uses formal models to design and test system behavior before building the actual system. The Internet of Things (IoT) connects physical devices equipped with sensors and software to collect and exchange data. Cyber-Physical Systems (CPSs) integrate computing directly into physical processes to enable real-time control. This paper reviews the Discrete-Event System Specification (DEVS) formalism and explores how it can serve as a unified framework for designing, simulating, and implementing systems that combine IoT and CPS—referred to as the Internet of Cyber-Things (IoCT). Through case studies that include home automation, solar energy monitoring, conflict management, and swarm robotics, the paper reviews how DEVS enables construction of modular, scalable, and reusable models. The role of the System Entity Structure (SES) is also discussed, highlighting its contribution in organizing models and generating alternative system configurations. With this background as basis, the paper evaluates whether DEVS provides the necessary modeling power and continuity across stages to support the development of complex IoCT systems. The paper concludes that DEVS offers a robust and flexible foundation for developing IoCT systems, supporting both expressiveness and seamless transition from design to real-world deployment. © 2025 by the authors.","DEVS; IoCT; IoCT simulation frameworks; IoCT system design; IoT; modular design; SES","Automation; Computer control systems; Computer software reusability; Cyber Physical System; Discrete event simulation; Embedded systems; Modular construction; Real time control; Solar energy; Specifications; Systems analysis; Cybe-physical systems; Cyber-physical systems; Discrete-Event System Specification; Internet of cybe-thing; Internet of cybe-thing simulation framework; Internet of cybe-thing system design; Modular designs; Simulation framework; Structured approach; System entity structures; Internet of things"
"https://www.scopus.com/pages/publications/85082447475?origin=resultslist","With the advent of recent technology, smart systems are replacing traditional systems. Wireless sensors and RFID are important components of Smart systems and have many applications such as Smart Sewerage, Smart Transportation, Smart Grid, Smart Agriculture, Smart Health and Smart Homes. Busy airports in the world have to manage a large number of flights per hour. Even, within a minute many flights land and takeoff. So, Airport Apron Management System must be efficient and error free. In this paper, we have presented the Smart Airport Apron Management System for managing flights landing, parking and takeoff. The system supports operations like finding free parking space, total allocated or free slots, flights handling and information display using lights. We have modeled the heterogeneous sensors of the system and their interaction with the system using Internet of Things (IoT). All the operations statically and dynamically are modeled in Vienna Development Method Language (VDM-SL) to provide proof of correctness of the proposed system. VDM-SL is a specification language which models a system by mathematical notations using discrete mathematics concepts. © 2019 IEEE.","Apron Management; Smart components; Validation and Verification","Airports; Automation; Intelligent buildings; Internet of things; Specification languages; Discrete mathematics; Heterogeneous sensors; Internet of Things (IOT); Mathematical notations; Proof of correctness; Smart components; Validation and verification; Vienna development methods; Free flight"
"https://www.scopus.com/pages/publications/85207544070?origin=resultslist","Smart cyber agents are pivotal in software-intensive systems such as smart manufacturing, robotics, and the Internet of Things. These agents monitor physical surroundings through sensors and make impactful decisions that influence the environment. Software engineering challenges in this domain include the specification of interactive multi-agent tasks. The general-purpose Domain-Specific Language named LIrAs, Language for Interactive Agents, is a high-level language that allows for unambiguous custom pattern definition. Additionally, LIrAs facilitates interactions with human agents, a safety-critical situation requiring particular attention. This paper lays the foundation for LIrAs specifications translation to Stochastic Hybrid Automaton (SHA). The target SHA model structure follows a three-layer hierarchical structure and makes LIrAs specifications amenable to formal verification, specifically Statistical Model Checking, through the Uppaal tool, capable of including time-dependent physical phenomena, such as human fatigue and robot dynamics. © The Author(s), under exclusive license to Springer Nature Switzerland AG 2025.","Domain-Specific Language; Multi-Agent Patterns Specification; Stochastic Hybrid Automata","Automata theory; Formal specification; Formal verification; Human robot interaction; Intelligent robots; Model checking; Model structures; Smart manufacturing; Specification languages; Domains specific languages; Hybrid automatons; Interaction pattern; Multi agent; Multi-agent interaction; Multi-agent pattern specification; Pattern specifications; Software intensive systems; Stochastic hybrid automaton; Stochastics; Stochastic systems"
"https://www.scopus.com/pages/publications/85076144386?origin=resultslist","Reputation systems and distributed networks are increasingly common. Examples are electronic marketplaces, IoT and ad-hoc networks. The propagation of information through such networks may suffer delays due to, e.g., network connectivity, slow reporting and rating-update delays. It is known that these delays enable an attack called the reputation lag attack. There is evidence of impact of reputation lag attacks on existing trust system proposals. There has not been in-depth formal analysis of the reputation lag attack. Here, we present a formal model capturing the core properties of the attack: firstly, the reputation of an actor failing to reflect their behaviour due to lag and, secondly, a malicious actor exploiting this for their personal gain. This model is then used to prove three key properties of the system and the attacker: if there is no decay of reputation, then the worst-case attacker behaviour is to cooperate initially, then wait, then behave badly; increasing communication between users was found to always be of benefit to the users; performing a specified number of negative interactions given any instance of the system is an NP-hard problem. © IFIP International Federation for Information Processing 2019.","Attack; Malicious peer; Reputation; Reputation lag; Trust system","Computational complexity; Attack; Malicious peer; Reputation; Reputation lag; Trust systems; Ad hoc networks"
"https://www.scopus.com/pages/publications/105044966283?origin=resultslist","Thread is an important mesh networking technology that enables reliable and secure communication among Internet of Things (IoT) devices. At the core of Thread, the Mesh Commissioning Protocol (MeshCoP) authenticates and securely joins new devices. However, the complexity of MeshCoP which arises from cryptographic handshakes among multiple participants poses challenges for the verification. Existing approaches based on the overall models often suffer from state space explosion and limited scalability, making it difficult to analyze both local and global cross phase properties in a tractable way. To address these challenges, we propose a decoupled and automata-based approach for the formal verification of MeshCoP. The commissioning process of MeshCoP is decomposed into four individual phases, and each phase is modeled as a network of timed automata in UPPAAL. Then, the four decoupled models are independently verified to ensure internal correctness, effectively reducing complexity. Subsequently, inspired by the Assume-Guarantee method, we further abstract these submodels based on the verified properties, omitting the details of the interactions and preserving local correctness. Finally, we integrate them into a unified system and verify the cross phase properties of MeshCoP. The results demonstrate that the decoupled approach can provide a reusable and extensible framework for analyzing complex protocols. © 2026 IEEE.","Formalization; MeshCoP; Thread; UPPAAL; Verification","Automata theory; Complex networks; Computer software reusability; Cryptography; Internet of things; Internet protocols; Mesh generation; MESH networking; Network security; State space methods; CryptoGraphics; Formalisation; Mesh commissioning protocol; Mesh networking technology; New devices; Overall-model; Phase properties; State-space explosion; Thread; UPPAAL; Formal verification"
"https://www.scopus.com/pages/publications/85103445550?origin=resultslist","The Internet of Things concerns extensive ecosystems of'things' connected by interfaces. Researching such ecosystems is challenging given that devices extend into multiple administrative domains with different boundaries and communications structures. In this paper, we explore how formalism, based on systems thinking and mathematical logic, might be used within a critical realist study of a sociotechnical IoT ecosystem. Specifically, we draw upon theories of distributed systems and their models to define IoT things in terms of locations, resources, and processes. Next, we explain how a formal logic can be used define and reason about IoT things and interfaces, explaining also the logically defined concepts of compositionality and local reasoning. Finally, we show how such models can be used to study a specific IoT ecosystem in order to derive generative mechanisms relevant to the socio-technical complexity of IoT ecosystems. In this way, we explore how we might introduce formal modelling within a critical realist epistemology. © ICIS 2020. All rights reserved.","Compositionality; Critical realism; Interfaces; Internet of things; IoT systems; Local reasoning; Logic; Process algebra; Systems modelling","Blending; Computer circuits; Distributed database systems; Ecosystems; Formal logic; Information systems; Information use; Compositionality; Distributed systems; Formal modelling; Generative mechanism; Local reasoning; Sociotechnical; Systems thinking; Internet of things"
"https://www.scopus.com/pages/publications/85216004609?origin=resultslist","The convergence of IT and OT networks has gained significant attention in recent years, facilitated by the increase in distributed computing capabilities, the widespread deployment of Internet of Things devices, and the adoption of Industrial Internet of Things. This convergence has led to a drastic increase in external access capabilities to previously air-gapped industrial systems for process control and monitoring. To meet the need for remote access to system information, protocols designed for the OT space were extended to allow IT networked communications. However, OT protocols often lack the rigor of cybersecurity capabilities that have become a critical characteristic of IT protocols. Furthermore, OT protocol implementations on individual devices can vary in performance, requiring the comprehensive evaluation of a device’s reliability and capabilities before installation into a critical infrastructure production network. In this paper, the authors define a framework for identifying vulnerabilities within these protocols and their on-device implementations, utilizing formal modeling, hardware in the loop-driven network emulation, and fully virtual network scenario simulation. Initially, protocol specifications are modeled to identify any vulnerable states within the protocol, leveraging the Construction and Analysis of Distributed Processes (CADP) software (version 2022-d “Kista”, which was created by Inria, the French Institute for Research in Computer Science and Automation, in France). Device characteristics are then extracted through automated real-time network emulation tests built on the OMNET++ framework, and all measured device characteristics are then used as a virtual device representation for network simulation tests within the OMNET++ software (version 6.0.1., a public-soucre, open-architecture software, initially developed by OpenSim Limited in Budapest, Hungary), to verify the presence of any potential vulnerabilities identified in the formal modeling stage. With this framework, the authors have thus defined an end-to-end process to identify and verify the presence and impact of potential vulnerabilities within a protocol, as shown by the presented results. Furthermore, this framework can test protocol compliance, performance, and security in a controlled environment before deploying devices in live production networks and addressing cybersecurity concerns. © 2025 by the authors.","CADP; construction and analysis of distributed processes; cyber-physical systems; formal verification; IIoT; operational technology; vulnerability analysis","Analog storage; Computer software selection and evaluation; Formal verification; Hardware-in-the-loop simulation; Model checking; Open source software; Construction and analyze of distributed process; Cybe-physical systems; Cyber security; Cyber-physical systems; Distributed process; IIoT; Operational technologies; Vulnerability analysis; Industrial internet of things (IIoT)"
"https://www.scopus.com/pages/publications/105027590990?origin=resultslist","The rapid evolution of smart devices and software technologies has transformed modern computing, enabling seamless mobility, pervasive service accessibility, and context-sensitive interactions. With the advent of the Internet of Things (IoT), healthcare systems have gained unprecedented capabilities in monitoring, reliability, and security. However, managing distributed systems in highly decentralized settings while ensuring intelligent, adaptive, and safe decision-making remains a critical challenge. To address this gap, we propose a context-aware healthcare formalism based on hybrid reinforcement learning for real-time patient monitoring. The framework is modeled as a Markov Decision Process (MDP), where smart devices equipped with embedded sensors acquire and analyze contextual information, communicate with other agents, and adapt dynamically to achieve healthcare goals. The proposed Smart Healthcare Context-Aware System (SHCS) integrates reinforcement learning with rule-based reasoning to balance safety guarantees and operational efficiency. A case study and prototype implementation demonstrate its feasibility, and the experimental results show that the hybrid system achieves a true positive rate of 99.99%, reducing the false positive rate by 88% compared to the baselines with only rules of 1. 85% <0.01. 22%. It also reduces caregiver workload with a reduction in alerts per episode of 71% and improves response time by 14% (2.1 s 1.8 s). These findings are further supported through formal verification in PRISM, ensuring that safety restrictions are never violated. Collectively, the results underscore the potential of hybrid reinforcement learning for building trustworthy, scalable, and intelligent healthcare monitoring systems deployable in real-world clinical settings. © 2025, Instituto Politecnico Nacional. All rights reserved.","context-aware healthcare; Hybrid reinforcement learning; Markov decision process (MDP); multi-agent systems; rule-based decision support",""
"https://www.scopus.com/pages/publications/105037768785?origin=resultslist","In the era of emerging vehicular technologies, vehicular ad hoc networks (VANETs) play an important role in enhancing road safety as well as optimizing traffic management. With the rapid progress in Internet of Things (IoT), vehicles are increasingly interconnected, resulting in IoT-enabled smart vehicular networks that require secure communication mechanisms. Without secure VANET communication, real-time traffic information sharing can be limited, which compromises driver assistance systems and traffic flow efficiency. Moreover, existing classical cryptography-based schemes are also vulnerable to quantum attacks, while some post-quantum approaches overlook efficient verification and strong privacy protection as well. To address these limitations, this work proposes PQ-AuthV, a post-quantum secure authentication framework with aggregated signatures for IoT-driven vehicular communication systems. The proposed scheme enables mutual authentication, preserves conditional privacy, along with aggregate signature generation and validation. The security of the scheme is rigorously analyzed via the formal analysis in the real-or-random (ROR) oracle model, along with informal analysis, showing the robustness against various classical attacks, along with quantum attacks. Finally, a comprehensive evaluation shows that PQ-AuthV achieves robust security attributes with substantially lower computational and communication overheads for IoT-integrated vehicular networks compared to existing schemes.  © 2014 IEEE.","Post-quantum cryptography (PQC); privacy protection; secure authentication; signature; VANET security; vehicular ad hoc networks (VANETs)","Accident prevention; Authentication; Automobile drivers; Electronic document identification systems; Highway traffic control; Motor transportation; Network security; Quantum communication; Quantum cryptography; Secure communication; Street traffic control; Networks security; Post quantum; Post quantum cryptography; Privacy protection; Secure authentications; Signature; Vehicular ad-hoc network; Vehicular ad-hoc network security; Vehicular Adhoc Networks (VANETs); Vehicular ad hoc networks"
"https://www.scopus.com/pages/publications/85025125822?origin=resultslist","In this paper, we integrate previously developed formal methods to model infrastructure, actors, and policies of human centric infrastructures in order to analyze security and privacy properties. A fruitful approach for discovering attacks on human centric infrastructure models is invalidation of global policies. Invalidating global policies by a complete exploration of the state space can be realized by modelchecking. To counter the state explosion problem inherent in modelchecking, Higher Order Logic (HOL) supported by the interactive theorem prover Isabelle can be used to emulate modelchecking. In addition, the Isabelle Insider framework supports modeling and analysis of human centric infrastructures including attack trees. In this paper, we investigate how Isabelle modelchecking might help to improve detection of attack traces and refinement of attack tree analysis. To this end, we use a case study from security and privacy of IoT devices in the health care sector as proposed in the CHIST-ERA project SUCCESS. © Springer International Publishing AG 2017.","","Computer privacy; Forestry; Formal logic; Formal methods; Health care; Internet of things; Security of data; Attack-tree analysis; Complete explorations; Detection of attacks; Formal modeling and analysis; Infrastructure models; Interactive theorem prover; Model infrastructure; State explosion problems; Human computer interaction"
"https://www.scopus.com/pages/publications/85136714963?origin=resultslist","The complexity of socio-technical systems using Ambient Intelligence (AmI) and the Internet of Things (IoT) is growing exponentially, involving numerous entities, such as humans, infrastructures, and cyber systems. Achieving and maintaining a specified level of security and privacy in such systems is challenging and crucial. Attack Tree is a powerful technique used in safety and reliability engineering. In this paper, we attempted to enhance Attack Tree analysis by transforming it into a Markov Decision Process (MDP) model. We propose an algorithm to transform an Attack Tree into an MDP model. We argue that formal methods, such as probabilistic model checking can significantly improve the security analysis capabilities. Moreover, the mixture of MDP and probabilistic model checking can overcome the limitations of Attack Trees, such as state explosion, scalability, and manual interaction. We used a probabilistic model checker, namely PRISM to model an attack scenario and perform security analysis on it. To demonstrate the significance, we took a real-world use case and performed a probabilistic analysis on it. The results revealed that formal analysis can prove certain properties, which were not possible to verify using attack trees. © 2022 Elsevier B.V.","Attack Trees; Formal methods; Markov Decision Process; Probabilistic model checking; Security analysis","Cybersecurity; Forestry; Formal methods; Internet of things; Model checking; Security systems; Trees (mathematics); Attack tree; Markov decision process models; Markov Decision Processes; Modelling and analysis; Probabilistic model checking; Probabilistic model-checking; Security analysis; Sociotechnical systems; Threat modeling; Threats analysis; Markov processes"
"https://www.scopus.com/pages/publications/85042100191?origin=resultslist","Recent trends such as the Internet of Things and pervasive computing demand for novel engineering approaches able to support the specification and scalable runtime execution of adaptive behaviour of large collections of interacting devices. Aggregate computing is one such approach, formally founded in the field calculus, which enables programming of device aggregates by a global stance, through a functional composition of self-organisation patterns that is turned automatically into repetitive local computations and gossip-like interactions. However, the logically decentralised and open nature of such algorithms and systems presumes a fundamental cooperation of the devices involved: an error in a device or a focused attack may significantly compromise the computation outcome and hence the algorithms built on top of it. We propose trust as a framework to detect, ponder or isolate voluntary/involuntary misbehaviours, with the goal of mitigating the influence on the overall computation. To better understand the fragility of aggregate systems in face of attacks and investigate possible countermeasures, in this paper we consider the paradigmatic case of the gradient algorithm, analysing the impact of offences and the mitigation afforded by the adoption of trust mechanisms. © Springer International Publishing AG 2018.","Aggregate computing; Collaborative P2P systems; Computational fields; Safety; Security; Trust","Accident prevention; Aggregates; Calculations; Formal methods; Functional programming; Peer to peer networks; Software engineering; Trusted computing; Ubiquitous computing; Adaptive behaviour; Computational field; Functional compositions; Gradient algorithm; P2P system; Run-time execution; Security; Trust; Distributed computer systems"
"https://www.scopus.com/pages/publications/85211920748?origin=resultslist","Autonomous systems are heavily used in many safety-critical systems, such as industrial automation, autonomous cars, Industrial Internet of Things (I-IoT), etc. Verification of the functional and temporal correctness of such systems is necessary before deployment to ensure their safety. However, due to the presence of physical systems in the continuous-Time domain and computational models in the discrete-Time domain, end-To-end verification of these systems is highly challenging. Existing formal methods focus on verifying physical models assuming static or simplified computation models. In contrast, existing real-Time systems focus on satisfying strict timing bounds but do not care how those bounds are obtained and how they relate to physical safety. Our approach bridges these two domains, and constitutes an end-To-end verification framework for arbitrary physical models and computational models incorporated within a cyber-physical automated system. By allowing the interaction between the computational and physical models, our verification framework enables a fine-grained scheme that verifies against the local environment instead of verifying against global worst-case assumptions. Moreover, to support locally varying worst-case scenarios, a mixed-criticality system is proposed where the system supports several critical models and switches among the modes based on environmental uncertainty. Finally, a proof-of-concept evaluation of the proposed framework is reported. © 2024 IEEE.","Formal Methods; Mixed-criticality Systems; Real-Time Systems; Temporal Verification","Formal verification; Mixed reality; Model checking; Nuclear power plants; Solar power plants; Time switches; Autonomous car; Computational modelling; End-to-end verifications; Industrial automation; Mixed-criticality systems; Physical modelling; Real - Time system; Safety critical systems; Temporal verification; Verification framework; Continuous time systems"
"https://www.scopus.com/pages/publications/85047415645?origin=resultslist","The coordination of resources offered by multiple cloud providers to the end users aims to improve the Quality of Service. However, such systems exhibit a higher complexity and heterogeneity, which need to be handled correctly. In a large network of sensors provided by an Intercloud, the role of the monitoring processes is to identify existing issues and further report them for reconfiguration. Faulty monitors might report nonexistent problems or neglect existing ones. Their correctness highly influences the reliability of the whole system. By formal modeling the monitoring processes, this paper aims to improve the robustness of the system and to capture fundamental properties of monitors. The Abstract State Machine formal method is used for creating the models, which follow a modular approach. © 2017 IEEE.","Formal Models; Large-Scale Distributed Systems; Monitoring; Sensors","Cloud computing; Formal methods; Internet of things; Quality of service; Sensors; Abstract state machines; Formal approach; Formal model; Fundamental properties; Large-scale distributed system; Modular approach; Monitoring process; Monitoring sensors; Monitoring"
"https://www.scopus.com/pages/publications/85204224557?origin=resultslist","Our everyday lives cannot function without intelligent devices, which create the so-called Internet of Things networks. Internet of Things devices have various sensors and software to manage the work environment and perform specific tasks without human intervention. Internet of Things networks require appropriate security at various levels of their operation. In this article, we present a new security protocol that protects communication in IoT networks and enables interconnected devices to communicate and exchange information to increase the security of people living in urban agglomerations. The Control Station device evaluates the collected data about events that may threaten the life or health of residents and then notifies the Emergency Notification Center about it. The protocol guarantees the security of devices and transmitted data. We verified this using automatic verification technology, formal verification using Burrows, Abadi and Needham logic and informal analysis. The proposed protocol ensures mutual authentication, anonymity and revocation. Also, it is resistant to Man-in-the-middle, modification, replay and impersonation attacks. Compared to other protocols, our solution uses simple cryptographic techniques that are lightweight, stable and do not cause problems related to high communication costs. It does not require specialist equipment, so we can implement it using typical hardware. At each stage of protocol execution, communication occurs between two entities, so it does not require interaction between different entities, which may limit its adaptability in the context of interoperability. © 2024 The Author(s)","Dangerous event; Devices communication; Internet of Things; Security; Security protocol; Unmanned aerial vehicles","Aircraft communication; Anonymity; Formal verification; Model checking; Steganography; Aerial vehicle; Dangerous event; Device communication; Human intervention; Intelligent devices; Security; Security protocols; Specific tasks; Unmanned aerial vehicle; Work environments; Unmanned aerial vehicles (UAV)"
"https://www.scopus.com/pages/publications/85184103058?origin=resultslist","The Grant Negotiation and Authorization Protocol (GNAP) is an emerging authorization and authentication protocol which aims to consolidate and unify several use-cases of OAuth 2.0 and many of its common extensions while providing a higher degree of security. OAuth 2.0 is an essential cornerstone of the security of authorization and authentication for the Web, IoT, and beyond, and is used, among others, by many global players, like Google, Facebook, and Microsoft. Historical limitations of OAuth 2.0 and its extensions have led prominent members of the OAuth community to create GNAP, a newly designed protocol for authorization and authentication. Given GNAP’s advantages over OAuth 2.0 and its support within the OAuth community, GNAP is expected to become at least as important as OAuth 2.0. In this work, we present the first formal security analysis of GNAP. We build a detailed formal model of GNAP, based on the Web Infrastructure Model (WIM) of Fett, Küsters, and Schmitz, and provide formal statements of the key security properties of GNAP, namely authorization, authentication, and session integrity. We discovered several attacks on GNAP in the process of trying to prove these properties. We present these attacks, as well as changes to the protocol that prevent them. These modifications have been incorporated into the GNAP specification after discussion with the GNAP working group. We give the first formal security guarantees for GNAP, by proving that GNAP, with our modifications applied, satisfies the mentioned security properties. GNAP was still an early draft when we began our analysis, but is now on track to be adopted as an IETF standard. Hence, our analysis is just in time to help ensure the security of this important emerging standard. © 2024, The Author(s), under exclusive license to Springer Nature Switzerland AG.","","Authentication; Authentication protocols; Facebook; Formal modeling; Formal security analysis; Global players; Google+; Infrastructure modeling; MicroSoft; Security properties; Web infrastructure; Authorization"
"https://www.scopus.com/pages/publications/85085169802?origin=resultslist","The proceedings contain 308 papers. The topics discussed include: tierless web programming in the large; JSExplain: a double debugger for JavaScript; FAUST domain specific audio DSP language compiled to WebAssembly; language-integrated queries: a BOLDR approach; PixieDust: declarative incremental user interface rendering through static dependency tracking; a better facet of dynamic information flow control; a formal semantics of the core DOM in Isabelle/HOL; FIESTA-IoT project: federated interoperable semantic IoT/cloud testbeds and applications; CEDAR: semantic web technology to support open science; understanding the use of temporal expressions on Persian web search; and can common crawl reliably track persistent identifier (PID) use over time?.","",""
"https://www.scopus.com/pages/publications/105041392598?origin=resultslist","Existing choreography languages often lack a uniform formal semantics that enables provably correct projection from global specifications to local behaviours. To address this, we propose Orcπ, a minimal calculus for web services choreography that integrates service coordination primitives with name-passing mobility within a strictly confined syntax of only six core primitives. Unlike approaches relying on complex global types or coherence proofs, Orcπ employs a lightweight linear typing disciplinedeliberately avoiding the overhead of complex multiparty session type subtyping and merging mechanisms-to enforce protocol correctness. We define operational and trace-based semantics to facilitate rigorous equivalence reasoning. The main results establish that for every closed, well-typed choreography, the projected endpoint processes are deadlock-free and trace-equivalent to the global specification. We evaluate the framework's formal guarantees and illustrate its applicability through canonical interaction patterns typical of Internet of Things (IoT) environments. The proposed calculus deliberately trades expressive power for simplicity, enabling concise correctness arguments and yielding a foundational model for reliable distributed execution. © 2026 IEEE.","Choreography calculus; Deadlock freedom; Linear types; Projection correctness; Trace semantics; Web services choreography","Coordination reactions; Formal specification; Internet of things; Semantic Web; Semantics; Websites; Choreography calculus; Choreography languages; Deadlock freedom; Formal correctness; Formal Semantics; Linear types; Projection correctness; Services coordination; Trace semantics; Web service choreography; Web services"
"https://www.scopus.com/pages/publications/85174854428?origin=resultslist","Smart homes (SHs) are rapidly evolving to incorporate intelligent features, including environment management, home automation, and human-machine interactions. However, safety and security risks of SHs hinder their wide adoption. Many work attempts to provide defense mechanisms to ensure safety and security against interrule vulnerabilities and spoofing attacks. This article proposes IoTFuzz, a fuzzing framework that dynamically address cyber security and physical safety aspects of SHs through targeted policies. IoTFuzz mutates the inputs from policies, human activities, indoor environment, and real-life outdoor weather conditions. In addition to the binary status of devices, the continuous-value status in SHs is leveraged to perform mutation and simulation. The policies are expressed as temporal logic formulas with time constraints. For large-scale testing, IoTFuzz employs digital twins to simulate normal behaviors, outdoor environment impacts, and human activities in SHs. Moreover, IoTFuzz can also intelligently infer rule-policy correlation based on natural language processing (NLP) techniques. The evaluation of IoTFuzz in a configured SH with 15 rules and 10 predefined unique policies demonstrates its effectiveness in revealing the impacts of real-life outdoor environment. The experimental results demonstrate a range of violations, with a maximum of 4154 violations and a minimum of 41 violations observed over an 8-year period under varying weather conditions. IoTFuzz also identifies the potential risks associated with improper human activities, accounting for up to 35.4% of risky situations in SHs.  © 2014 IEEE.","Digital twin; fuzzing; Internet of Things (IoT); model checking; natural language processing (NLP); safety and security","Automation; Cybersecurity; Intelligent buildings; Meteorology; Model checking; Natural language processing systems; Safety testing; Fuzzing; IoT; Language processing; Models checking; Natural language processing; Natural languages; Safety and securities; Security; Internet of things"
"https://www.scopus.com/pages/publications/85189076843?origin=resultslist","The rise of smart grid, the versatile application and execution of electricity generation to consumer sides through advanced metering infrastructure merged information and communication technology with cyber-physical systems and the Internet of Things to enable reliable, secure, and comfortable operation in a smart grid environment. From the electricity consumer side (smart meter) to the utility server, multiple components are performing operations across a public communication network. In recent years, numerous authenticated-key agreement protocols have been invented to ensure authentication between smart meters (consumer end) and utility servers. Moreover, technological advancement allows for the improvement of the advanced metering infrastructure, as well as raised cyber security vulnerabilities. To address these concerns, previous papers were proposed to erase the situation. However, during the authentication process for generating a secure session key between the smart meter and the utility server common errors are a lack of security vulnerabilities due to the system under forward secrecy and failed user anonymity issues disclose the parameter information. Furthermore, most of the proposed protocols utilized high computation cryptographic operation communication bits overheads. Therefore, we proposed a hybrid key agreements protocol leveraging elliptic curve Diffie Hellman-based cryptography with a trusted authority. The novel proposed paper expands key features within protocol such as security aspect link to mutual authentication, preserve forward secrecy, anonymity, man in the middle, replay attack etc. then performance consideration introduced lightweight cryptography solution. For the security assessments, we perform informal and formal analysis by cryptographic parameter evaluation, and the well-known tool AVISPA indicates that the proposed protocol kept multiple security features. Moreover, performance assessment utilized Python crypto library for cryptographic operations and Open-SSL generates signature between smart meters to utility server. The obtained overall time and bits operation cost of the proposed protocol required less computation and communication overheads than existing protocols. Ultimately, the proposed protocol has the potential of practical implementation in advanced metering infrastructure of smart grid. © The Author(s), under exclusive licence to Springer-Verlag GmbH Germany, part of Springer Nature 2024.","Advanced Metering Infrastructure; Certificate Authority; Elliptic Curve Diffie Hellman; Internet of Things; Security and Performance","hybrid zone; implementation process; information and communication technology; infrastructure planning; Internet; numerical method; performance assessment; smart grid; vulnerability"
"https://www.scopus.com/pages/publications/85018171026?origin=resultslist","We can perceive the advent of Smart Home attributed to the rapid emerging of embedded and tiny intelligent devices and sensors. However, most of current Smart Home systems are still being developed based on the so-called ""the system is the application"" philosophy, causing the developers to take care of all technical details from ground up. There is relatively little research focuses on the theoretical aspects so that the independent research achievements or results are not interoperable. The concept of the ""Ambient"", which refers to a bounded place with computing capability, is one of the most important issues when implementing a system in Smart Home. The results of a service composition are not optimized if the concept of Ambient is not taken into account. This paper aims to investigate the spatial issues systematically from theoretical aspects. We propose several new spatial abstractions and a spatial-aware service management scheme on top of a UPnP-based robust service management protocol. Formal validation is also performed to verify the robustness of the proposed approach. © 2017 IEEE.","Ambient; Service Management; Smart Home; SOA","Automation; Internet of things; Ambient; Computing capability; Independent research; Service compositions; Service management; Smart homes; Spatial abstractions; Theoretical aspects; Intelligent buildings"
"https://www.scopus.com/pages/publications/84959065009?origin=resultslist","Several information technology enterprises have decided to migrate into cloud for their computing and storage requirements in order to get reliable software and high performance hardware resources in a cost-effective manner. A single cloud service cannot ful fill the functional requirements in several real-world situations. Then, the concept of composite cloud service is introduced to bundle single cloud services to satisfy the complex end-users' requirements. However, there is no formal approaches that can verify the behavioral correctness of cloud composite services automatically. In this paper, we address this shortcoming by developing an automatic transformation tool. This tool takes as input the BPEL processes in charge of the services composition and the behavior description of participating services and produces the ISPL+ models that include all possible interactions among participating agents through intermediate object representations. The tool also capitalizes on the most widely used BPEL constructs and includes a transformation algorithm for each BPEL construct. Our tool is the first one that considers the interactions among invoked services. Such interactions are formally modeled by the social commitment modality in the CTLC logic. The generated ISPL+ agent models can be verified using the MCMAS+ symbolic model checker developed for multi-agent communication. © 2015 IEEE.","Cloud computing service; formal verification; ISPL+ agent models; transformation algorithms","Big data; Cloud computing; Computation theory; Cost effectiveness; Digital storage; Distributed database systems; Formal verification; Human computer interaction; Internet; Internet of things; Multi agent systems; Reconfigurable hardware; Agent model; Automatic transformations; Cloud computing services; High-performance hardware; Multi-agent communications; Object representations; Symbolic model checkers; Transformation algorithm; Model checking"
"https://www.scopus.com/pages/publications/85073945457?origin=resultslist","In the recent years, the topic of Industrial Internet of Things (IIoT) has attracted a large number of academic researchers and industry practitioners. IIoT connects the actors, and the physical and cyber resources of industrial systems, manufacturing- or service-based, in a cloud-enabled overall data exchange system. This work outlines a formal model for operational scheduling of cyber-physical resources for different scenarios determined by resource and logistics availability and cost. Information exchange of physical work-in-process, resource failures, alternative resource options, order and logistics information, are used to deliver real-time scheduling to IIoT participants. The model is formalized using discrete state-machine diagrams for resource reliability and availability status, and logistics timing purposes. Low-performance solution invariants are generated and validated through functional requirements test case building. The data exchange network between the processing nodes of the IIoT environment is built on a software-defined network foundation. A simulation is then built for a series of work-in-process orders and their required processing operations, several manufacturing enterprises and associated physical logistics, and the cloud IIoT network cyber infrastructure for data and control information sharing. Both the formalized and the simulation models are run in the IIoT cloud and can be accessed by the participating enterprises. The formalized model provides insights on resource repair or replacement options, part transfer decisions, while the simulation model builds on those decisions and runs only validated scenarios anchored in timing- and cost-based constraints. © 2019, Springer Science+Business Media, LLC, part of Springer Nature.","Cyber-physical systems; Formal modeling; Industrial internet of things; Manufacturing control; Real-time scheduling","Cyber Physical System; Electronic data interchange; Embedded systems; Information dissemination; Internet of things; Manufacture; Real time systems; Scheduling; Formal model; Functional requirement; Information exchanges; Logistics information; Manufacturing control; Manufacturing enterprise; Processing operations; Real - time scheduling; Manufacturing data processing"
"https://www.scopus.com/pages/publications/85156088522?origin=resultslist","In the Internet of Things, smart devices are expected to correctly capture and process data from environments, regardless of perturbation and adversarial attacks. Therefore, it is important to guarantee the robustness of their intelligent components, e.g. neural networks, to protect the system from environment perturbation and adversarial attacks. In this paper, we propose a formal verification technique for rigorously proving the robustness of neural networks. Our approach leverages a tight liner approximation technique and constraint substitution, by which we transform the robustness verification problem into an efficiently solvable linear programming problem. Unlike existing approaches, our approach can automatically generate adversarial examples when a neural network fails to verify. Besides, it is general and applicable to more complex neural network architectures such as CNN, LeNet and ResNet. We implement the approach in a prototype tool called WiNR and evaluate it on extensive benchmarks, including Fashion MNIST, CIFAR10 and GTSRB. Experimental results show that WiNR can verify neural networks that contain over 10 000 neurons on one input image in a minute with a 6.28% probability of false positive on average.  © 2022 The British Computer Society.","adversarial examples; linear approximation; neural networks; robustness verification; smart IoT devices","Formal verification; Internet of things; Linear networks; Linear programming; Network architecture; Adversarial example; Approximation techniques; Intelligent components; Linear approximations; Neural-networks; Process data; Robustness verification; Smart devices; Smart IoT device; Verification techniques; Deep neural networks"
"https://www.scopus.com/pages/publications/78650298748?origin=resultslist","The Web of Things vision aims to turn real-world objects into resources of the Web. The creation of accessible and addressable Virtual Objects, i.e. services that expose the status and capabilities of connected real-world objects using REST APIs, allows for new machine-to-machine interactions to be designed but also for a new user experience to be shaped. Indeed, the change brought about by the connectivity of objects and their ability to share information raises design issues that have to be considered by manufacturers and service providers alike. In this paper, we present an approach to the Web of Things based on both technical and user-centered points of view. We argue that new user interfaces have to be designed to allow users to visualize and interact with virtual objects and environments that host them. We illustrate our vision with an interaction mockup that allows the user to navigate the Web of Things through three devices (a smart phone, a web tablet and a desktop web browser). © 2010 Springer-Verlag.","ambient intelligence; browser; interaction design; Internet of Things; Pervasive computing; user experience; user interfaces; Web of Things","Artificial intelligence; Design; Formal methods; Internet; Ubiquitous computing; Ambient intelligence; browser; interaction design; Internet of Things; Pervasive computing; User experience; Web of Things; User interfaces"
"https://www.scopus.com/pages/publications/85064715209?origin=resultslist","IoT applications and other distributed control applications are characterized by the interaction of many hardware and software components. The inherent complexity of the distributed functionality introduces challenges on the detection and correction of issues related to functionality or performance, which are only possible to do after system prototypes or pilot installations have been built. Correcting these issues is typically very expensive, which could have been avoided by earlier detection. This paper makes four main contributions. (1) It presents a virtual prototyping approach to specify and analyze distributed control applications. The approach is based on a domain model, which can be configured for a specific application. It consists of eight domain-specific languages (DSLs), each describing one system aspect. (2) The DSLs provide each stakeholder in the application's lifecycle a natural and comprehensible way to describe his/her concerns in an unambiguous manner. (3) The paper shows how the DSLs are used to automatically detect common configuration errors and erroneous behavior. (4) The virtual prototyping approach is demonstrated using a lighting domain case study, in which the control system of an office floor is specified and analyzed. Copyright © 2019 by SCITEPRESS - Science and Technology Publications, Lda. All rights reserved","Distributed Control Systems; Domain-specific Languages; IoT Systems; Lighting Systems; Model Checking; Model Transformations; Simulation; System Validation; Virtual Prototyping","Application programs; Digital subscriber lines; Internet of things; Life cycle; Lighting; Model checking; Problem oriented languages; Software design; Virtual prototyping; Domain specific languages; Lighting systems; Model transformation; Simulation; System validation; Distributed parameter control systems"
"https://www.scopus.com/pages/publications/85134746087?origin=resultslist","Centralized healthcare Internet of Things (HIoT)-based ecosystems are challenged by high latency, single-point failures, and privacy-based attacks due to data exchange over open channels. To address the challenges, the shift has progressed toward decentralized HIoT setups that infuse computation closer to a patient node via edge services. As HIoT data are critical and sensitive, trust among stakeholders is a prime concern. To address the challenges, researchers integrated blockchain (BCH) into edge-based HIoT models. However, the integration of lightweight BCH is required with an edge for proper interplay and leverage effective, scalable, and energy-efficient computational processes for constrained HIoT applications. Owing to the existing gap, this article proposes a scheme MobEdge, that fuses lightweight BCH, and edge computing to secure HIoT. A local BCH client model is set up that forwards data to edge sensor gateways. The shared data are secured through an access tree control lock scheme that preserves the privacy of health records. For security and signing purposes, we have considered signcryption, and the validated records meta-information are stored in an on-chain structure. The scheme is compared on two grounds, security and simulation grounds. On the security front, we do cost evaluation and present a formal analysis model using the Automated Validation of Internet Security Protocols and Applications tool. An edge-based BCH setup use-case is presented, and parameters like mining cost, storage cost, edge servicing latency, energy consumption, BCH network usage, and transaction signing costs are considered. In the simulation, the mining cost is 0.6675 USD, and improvement of storage costs are improved by 18.34%, edge-servicing latency is 384 ms, and signcryption improves the signing cost by 36.78% against similar schemes, that indicates the scheme viability in HIoT setups. © 2022 John Wiley & Sons, Ltd.","edge computing; healthcare IoT; mobile blockchain; privacy-preserving; signcryption","Access control; Cost benefit analysis; Digital storage; Ecosystems; Edge computing; Electronic data interchange; Energy efficiency; Energy utilization; Internet of things; Network security; Privacy-preserving techniques; Sensitive data; Trees (mathematics); Block-chain; Centralised; Edge computing; Edge-based; Healthcare IoT; Mining cost; Mobile blockchain; Privacy preserving; Signcryption; Storage costs; Blockchain"
"https://www.scopus.com/pages/publications/85028597798?origin=resultslist","The advancement of Internet of Things (IoT) technology has made medical equipment smaller and smarter, while computing environment has shifted from server-client wire/wireless communication networks toward diverse portable laptops, smartphones, tablet PCs, and PDAs. The communication between smaller IoT devices has added to the accuracy and convenience of distance healthcare services. However, security issues in communication sessions resulting from the leakage of personal medical information, infringements of privacy and improper management of medical information are looming large. Since personal medical information is transmitted between wire/wireless devices, the threats to secure distance medical service could be detrimental to further advancement of IoT in healthcare. Hence, this paper proposed a method of addressing the vulnerabilities to a range of attacks in the communication between medical devices. The proposed IoT-based communication protocol used random numbers and session keys to transmit hashed and encrypted data, and underwent a formal verification, where the transmitted data remained intact against data extraction and other attacks. © 2017, Springer Science+Business Media, LLC.","Authentication protocol; Internet of Things; IoT authentication; IoT security; Protocols; Radiofrequency identification; Security protocol","Authentication; Bioinformatics; Biomedical equipment; Cryptography; mHealth; Network protocols; Personal computers; Radio frequency identification (RFID); Authentication protocols; Communication sessions; Computing environments; Internet of Things (IOT); IoT security; Personal medical informations; Secure authentications; Security protocols; Internet of things"
"https://www.scopus.com/pages/publications/85036476388?origin=resultslist","Mobile networks are observing an all time increase in the number of users and services. These networks have hit the 5G requisites in no time. Current service providers are aiming at resolving issues of subsisting networks by exploiting the capacity and coverage enhancement features of 5G. With a broad spectrum, it has now become more facile to accommodate an astronomically immense number of devices each having multiple applications authoritatively mandating network accessibility. Despite these advantages, such networks suffer from several issues cognate to smooth operations of fronthaul and backhaul, such as interference management, link-reliability, flatness, security and flexibility. Integrating fronthaul and backhaul together as a Xhaul is suggested as one of the efficient solutions for handling these issues. Xhaul forms integrated planes which use heterogeneous switches for high optical transmissions. Despite being efficient, Xhaul links are weak in terms of security. The situations will be more serious, particularly when a massive number of User Equipment (UE) and IoT devices are now connected to it. This issue is further raised when the terminal fortifying the fronthaul and backhaul moves leading to the formation of mobile Xhaul network. The current security solutions for WiFi, WiMax, WiBro, 4G/LTE are unable to fortify privacy and perfect forward secrecy in mobile Xhaul network, which is a quandary targeted in this paper. To resolve these issues, a novel key exchange and authentication protocol is proposed, which is capable of securing Xhaul links for a moving terminal in the network. The proposed approach is tested utilizing mobile ground node and drone as moving terminal across multiple hubs. The formal analysis utilizing BAN logic and AVISPA tool slake the security requisites and performance evaluation justifies the efficiency in comparison with the existing solutions. © 2017 Elsevier Ltd","5G; Handover; IoT; Mobile Xhaul; Security","5G mobile communication systems; Internet of things; Internet protocols; Interoperability; Light transmission; Mobile security; Mobile telecommunication systems; Optical switches; Wi-Fi; Authentication protocols; Efficient protocols; Handover; Interference management; Mobile Xhaul; Multiple applications; Perfect forward secrecy; Security; Network security"
"https://www.scopus.com/pages/publications/85202729966?origin=resultslist","With the widespread use of Internet of Things (IoT) technology, an enormous number of end devices that request various kinds of cloud services have been connected to the Internet. Multi-access edge computing (MEC) can reduce the service response time by selecting the required edge computing resources closer to the end device. However, MEC-based smart systems require heterogeneous and diverse services support. Taking unmanned aerial vehicle (UAV) last-mile delivery system as an example, there are two types of services required: delivery and computational services. The edge services in MEC environments are distributed and limited. Inefficient service selection plans will affect the quality of services of such smart systems. Therefore, how to design a suitable service selection strategy is a crucial issue for MEC-based smart systems. To address this issue, we propose a service selection framework and a holistic and hybrid service selection (H2S2) strategy for MEC-based UAV last-mile delivery systems in real-world UAV last-mile delivery scenarios. This framework considers three important characteristics of UAV delivery systems: diverse service requirements, service availability, and service mobility. The H2S2 strategy focuses on selecting the optimal delivery and computational services and provides an integrated approach with a static service selection algorithm and a dynamic service re-selection algorithm. The H2S2 strategy determines the optimal delivery and computational service selection plans with the lowest UAV energy consumption and shortest service response time. We assess the effectiveness and efficiency of the H2S2 strategy through ablation studies and comparative analyses with diverse representative strategies. The experimental results show that the H2S2 strategy improves the effectiveness and efficiency of the UAV delivery system by significantly reducing UAV's energy consumption and service response time.  © 2008-2012 IEEE.","Multi-access edge computing; service selection; smart logistics systems; UAV delivery","Air mobility; Benchmarking; Computability and decidability; Cost functions; Edge computing; Fault tolerant computer systems; Finite automata; Formal specification; Frequency allocation; Function evaluation; Helicopter services; Interoperability; Job analysis; Linear programming; Majority logic; Message passing; Nonlinear programming; Pipeline processing systems; Probabilistic logics; Rectennas; Resource allocation; Shape optimization; Threshold logic; Turing machines; Aerial vehicle; Cloud-computing; Computational modelling; Edge computing; Logistics system; Multi-access edge computing; Multiaccess; Optimisations; Service selection; Smart logistic system; Task analysis; Time factors; Unmanned aerial vehicle delivery; Vehicle delivery; Unmanned aerial vehicles (UAV)"
"https://www.scopus.com/pages/publications/85118211135?origin=resultslist","Many autonomous Cyber-Physical Systems (CPSs) (e.g., autonomous vehicles, IoT or medical devices, etc.) are mission- or safety-critical (i.e., errors may result in, resp., loss of money or human deaths). This motivates research for their efficient formal verification. Unfortunately, verifying a CPS entails evaluating a prohibitively huge number of scenarios. In this short paper, we show the maturity, feasibility and flexibility of Statistical Model Checking by reviewing 3 recent case studies of its successful application to real-world mission- and safety-critical CPSs in areas as diverse as smart grids, in silico medicine, wireless sensor networks. © 2021 Copyright for this paper by its authors.","","Cyber Physical System; Model checking; Safety engineering; Wireless sensor networks; Autonomous Vehicles; Case-studies; In-silico; Medical Devices; Real-world; Statistical model checking; Embedded systems"
"https://www.scopus.com/pages/publications/85071920078?origin=resultslist","Data Distribution Service (DDS) is a realtime peer-To-peer protocol that serves as a scalable middleware between distributed networked systems found in many Industrial IoT domains such as automotive, medical, energy, and defense. Since the initial ratification of the standard, specifications have introduced a Security Model and Service Plugin Interface (SPI) architecture, facilitating authenticated encryption and data centric access control while preserving interoperable data exchange. However, as Secure DDS v1.1, the default plugin specifications presently exchanges digitally signed capability lists of both participants in the clear during the crypto handshake for permission attestation; thus breaching confidentiality of the context of the connection. In this work, we present an attacker model that makes use of network reconnaissance afforded by this leaked context in conjunction with formal verification and model checking to arbitrarily reason about the underlying topology and reachability of information flow, enabling targeted attacks such as selective denial of service, adversarial partitioning of the data bus, or vulnerability excavation of vendor implementations. © 2019 IEEE.","Data Distribution Service; Formal Verification; IoT Protocol; Network Reconnaissance; Security","Authentication; Cryptography; Denial-of-service attack; Distributed computer systems; Electronic data interchange; Excavation; Formal verification; Internet of things; Internet protocols; Interoperability; Middleware; Model checking; Peer to peer networks; Specifications; Topology; Authenticated encryption; Data distribution services; Denial of Service; Information flows; Network reconnaissance; Networked systems; Peer-to-peer protocols; Security; Network security"
"https://www.scopus.com/pages/publications/105009409525?origin=resultslist","IoT and smart systems frequently rely on publish-subscribe (pub/sub) middlewares like MQTT or DDS. However, current coordination solutions often lack formal rigour, posing risks in mission-critical applications, or suffer from excessive complexity, hindering practical deployment and increasing the likelihood of errors. This paper addresses these challenges by integrating AbU, a recently introduced formal model based on Event-Condition-Action (ECA) rules and attribute-based communication, with standard pub/sub middlewares. We present a synchronization protocol that leverages pub/sub primitives to implement AbU’s transactional communication semantics. We prove the correctness of this protocol, demonstrating that it accurately reflects the underlying system dynamics. This integration of a formal ECA-based programming model with pub/sub offers a compelling balance between rigorous guarantees and practical applicability for coordinating IoT and smart systems. © IFIP International Federation for Information Processing 2025.","Attribute-based communication; Autonomic systems; Distributed coordination; ECA rules","Distributed computer systems; Formal methods; Information systems; Information use; Middleware; 'current; Attribute-based; Attribute-based communication; Autonomic Systems; Distributed coordination; Event condition action rules; Pub/sub; Publish/subscribe; Publish/subscribe middlewares; Smart System; Semantics"
"https://www.scopus.com/pages/publications/85067040255?origin=resultslist","Internet of Things (IoT) has become a common paradigm for different domains such as health care, transportation infrastructure, smart homes, smart shopping, and e-commerce. With its interoperable functionality, it is now possible to connect all domains of IoT together to provide comprehensive services to the users. Because numerous IoT devices can connect and communicate at the same time, there can be events that trigger conflicting actions for an actuator or an environmental feature. This paper provides a formal method approach, IoT Confict Checker (IoTC2), to ensure safety of controller and actuators' behavior with respect to conflicts. Any policy violation results in detection of the conflicts. We define the safety policies for controller, actions, and triggering events and implement them in Prolog to prove the logical completeness and soundness. In addition to that, we have implemented the detection policies in Matlab Simulink Environment with its built-in Model Verification blocks. We created a smart home environment in Simulink and showed how the conflicts affect actions and corresponding features. The scalability, efficiency, and accuracy of our method are tested in this simulated environment. © 2019 IFIP.","Conflicts; Formal Method; Internet of Things(IoT); Policies; Safety; Security; Simulation","Accident prevention; Actuators; Automation; Formal methods; Home health care; Intelligent buildings; Interoperability; MATLAB; Public policy; Comprehensive services; Conflicts; Environmental features; Internet of Things (IOT); Security; Simulated environment; Simulation; Transportation infrastructures; Internet of things"
"https://www.scopus.com/pages/publications/85137986808?origin=resultslist","Emerging technologies utilised in building modern systems make them inter-operable but potentially exposed to security threats. Thus, engineers need to consider the system structure and behaviour at the design level. This paper addresses the security risk assessment of inter-operable IoT systems designed in BIP (Behaviour-Interaction-Priority). For this purpose, we model different attacks scenarios from Microsoft STRIDE threats catalogue and identify the threats entry points in the component-port-connector architecture. Using standards communication styles such as message passing, we compose architectural components to model data flow between communication entities. We use BIP statistical model checking to assess the architecture conformance regarding security properties expressed in temporal logic. © 2022, Springer Nature Switzerland AG.","Automata; Component & Connectors; IoT; Statistical model checking; Threats","Architecture; Data flow analysis; Internet of things; Model checking; Risk assessment; Security systems; Systems analysis; Automaton; Component connectors; Emerging technologies; Formal modeling; Formal security; IoT; Modeling analyzes; Security analysis; Statistical model checking; Threat; Message passing"
"https://www.scopus.com/pages/publications/85110683951?origin=resultslist","Modern software applications rely not only on a complex stack of technologies, but are more and more dependent on and connected to third party interfaces, Internet of Things devices and Industry 4.0 machines. One approach to tackle this complexity is Model Driven Design with custom interactions. But it is then still necessary to test the whole system to ensure that all parts work together as intended. This paper looks at the possibility of using Active Automata Learning as a systematic way to test interconnected systems. © 2020, Electronic Communications of the EASST. All rights reserved.","Active Automata Learning; Formal Methods; Industry 4.0; Model Driven Design; Smart Manufacturing",""
"https://www.scopus.com/pages/publications/85176370739?origin=resultslist","The proceedings contain 422 papers. The topics discussed include: PhyAuth: physical-layer message authentication for ZigBee networks; time for change: how clocks break UWB secure ranging; capstone: a capability-based foundation for trustless secure memory access; examining consumer reviews to understand security and privacy issues in the market of smart home devices; detecting and handling IoT interaction threats in multi-platform multi-control-channel smart homes; lessons lost: incident response in the age of cyber insurance and breach attorneys; a bug’s life: analyzing the lifecycle and mitigation process of content security policy bugs; PatchVerif: discovering faulty patches in robotic vehicles; systematic assessment of fuzzers using mutation analysis; HomeSpy: the invisible sniffer of infrared remote control of smart TVs; PCAT: functionality and data stealing from split learning by pseudo-client attack; a plot is worth a thousand words: model information stealing attacks via scientific plots; detecting multi-step IAM attacks in AWS environments via model checking; and Cipherfix: mitigating ciphertext side-channel attacks in software.","",""
"https://www.scopus.com/pages/publications/85123630134?origin=resultslist","VANETs have gained much attention from both industry and academia because of their characteristics, such as dynamic topology. There are various applications of VANETs that are classified on the basis of safety, efficiency, commercial usage, and productive areas. This paper presents an IoT-based formal model for vehicle-life integration enabling RSUs with the help of different approaches. We have developed a model that uses vehicle scenarios in smart transportation systems so that quick data transmission is provided between the source and destination vehicles. Further, fog-based RSUs provide a wide range to communicate with hospitals and emergency vehicles to deal with emergency situations. All the appropriate entities are connected to ensure a consistent traffic flow for the arrival of an emergency vehicle in emergency places. The UML, graph theory, and VDM-SL formal technique are used to represent this system. To model the network and discover appropriate paths for V2V communication, graph theory is applied. The system requirements are designed using a UML diagram. The VDM-SL, an object-oriented model-based formal technique, was utilized for this modeling procedure. This approach assures the safety and accuracy of systems by detecting flaws early in the design process. It also gives an exceptionally important answer to an issue and increases trust in the software’s quality. © 2022 by the authors. Licensee MDPI, Basel, Switzerland.","Fog-based RSUs; Formal methods; IoT; VANETs; Verification and validation","Formal verification; Graph theory; Object oriented programming; Vehicle transmissions; Vehicular ad hoc networks; Classifieds; Commercial usage; Dynamic topologies; Fog-based RSU; Formal modeling; Formal techniques; Transportation system; VANET; Vehicle life; Verification-and-validation; Internet of things"
"https://www.scopus.com/pages/publications/85076343324?origin=resultslist","Proper knowledge representation and conceptual analysis often require clear ontological support. This is particularly true for large domains in which explicit formal specifications of the terms is required for encoding knowledge, thus making it understandable to the end users. In the Internet of Things (IoT), there is a substantial development of solutions for a wide range of devices and IoT platforms. These solutions are based on existing known patterns which require interoperability for seamless connection and cross-platform resource sharing. However, to the best of our knowledge, pattern relationships for facilitating interoperability in the IoT are undocumented. The activity of developing a domain-specific ontology for the interoperability of the IoT patterns is therefore one of the fundamental steps in the organization of the IoT paradigm. It is clear, however, that this activity as well as other engineering activities, particularly with regard to the development of ontologies is often made complex by the use of confusing semantic terminologies and dense ontological structures. This often lead to ontological explicative horrors in which the essence of the ontology is hidden instead of highlighted. In this paper, we thus prefer to develop a lightweight ontology that clearly display relational dimensions between the IoT patterns. We use empirical analysis to identify core objects underneath the interoperability of the IoT technologies and patterns at a large-scale. © 2019 IEEE.","Internet of Things; Internet of Things Patterns; IoT Interoperability; IoT Pattern Relationships; Ontology","Interoperability; Knowledge representation; Ontology; Semantics; Conceptual analysis; Domain-specific ontologies; Empirical analysis; Engineering activities; Internet of thing (IOT); IoT Pattern Relationships; Lightweight ontology; Ontological structures; Internet of things"
"https://www.scopus.com/pages/publications/85091985906?origin=resultslist","Vehicle-to-Vehicle (V2V) and Vehicle-to-Infrastructure (V2I) technologies (together, V2X) will enable vehicles, ranging from cars to trucks to buses to pedestrians to wirelessly exchange important safety and congestion information. This exchange is expected to help save lives, prevent injuries and ease traffic congestion. The realization of this promise however critically depends on the deployment of judicious wireless and vehicular control strategies (e.g., how vehicular routing choices respond to V2X messages, how wireless network schedules these messages, how traffic signals may be controlled to optimize their spread) that exploit the opportunities and stymie the obstacles that the interdependence between the wireless and transportation infrastructures introduce. To that end, one needs mechanisms to model, evaluate and control V2X, which is what we seek to obtain, by proposing deployment of formal methods in the field of V2X. Specifically, we show how a V2X system can be formally verified to assess reachability to undesirable states by modeling it as a hybrid system and then verifying the safety properties for this hybrid system via reachability.  © 2020 IEEE.","congestion; formal methods; hybrid system; reachability; safety; transportation; V2V; V2X; vehicle-to-infrastructure; vehicle-to-vehicle; verified; wireless network","Computer aided design; Formal methods; Hybrid systems; Pedestrian safety; Traffic congestion; Traffic signals; Vehicle to infrastructure; Vehicles; Network schedules; Safety property; Transportation infrastructures; Undesirable state; Vehicle  to infrastructure (V2I); Vehicle to vehicles; Vehicular control; Vehicular networkings; Internet of things"
"https://www.scopus.com/pages/publications/85131733042?origin=resultslist","Due to the growing presence of Internet of Things (IoT) apps and devices in smart homes and smart cities, there are more and more concerns about their security and privacy risks. IoT apps normally interact with each other and the physical world to offer utility to the users. In this paper, we investigate the safety and security risks brought by the interactive behaviors of IoT apps. Two major challenges ensue in identifying the interaction threats: i) how to discover the threats across both cyber and physical channels; and ii) how to ensure the scalability of the detection approach. To address these challenges, we first provide a taxonomy of interaction threats between IoT apps, which contains seven classes of coordination threats categorized based on their interaction behaviors. Then, we present IoTCom, a compositional threat detection system capable of automatically detecting and verifying unsafe interactions between IoT apps and devices. IoTCom applies static analysis to automatically infer relevant apps' behaviors, and uses a novel strategy to trim the extracted app's behaviors prior to translating them into analyzable formal specifications, mitigating the state explosion associated with formal analysis. Our experiments with numerous bundles of real-world IoT apps have corroborated IoTCom's ability to effectively identify a broad spectrum of interaction threats triggered through cyber and physical channels, many of which were previously unknown. Finally, IoTCom uses an automatic verifier to validate the discovered threats. Our experimental results show that IoTCom significantly outperforms the existing techniques in terms of the computational time, and maintains the capability to perform its analysis across different IoT platforms.  © 1976-2012 IEEE.","formal verification; Interaction threats; IoT safety","Automation; Behavioral research; Cybersecurity; Formal verification; Intelligent buildings; Internet of things; Static analysis; Behavioral science; Interaction threat; Internet of thing safety; Physical channels; Physical world; Privacy risks; Security; Security and privacy; Security risks; Smart homes; Taxonomies"
"https://www.scopus.com/pages/publications/85176890815?origin=resultslist","The rapid growth of the Internet of Things (IoT) and its integration into various industries has made it extremely challenging to guarantee IoT systems' dependability and quality, including scalability, dynamicity, and integration with existing IoT frameworks. However, the essential principles, approaches, and advantages of model-driven IoT testing indicate a promising strategy for overcoming these. This paper proposes a metamodeling-based interoperability and integration testing approach for IoT systems that automates the creation of test cases and the assessment of system performance by utilizing formal models to reflect the behavior and interactions of IoT systems. The proposed model-based testing enables the systematic verification and validation of complex IoT systems by capturing the essential characteristics of IoT devices, networks, and interactions. This study describes the key elements of model-driven IoT testing, including the development of formal models, methods for generating test cases, and the execution and assessment of models. In addition, it examines various modeling formalisms and their use in IoT testing, including state-based, event-driven, and hybrid models. This study examines several methods for creating test cases to ensure thorough and effective testing, such as constraint-based strategies and model coverage requirements. Model-driven IoT testing improves defect detection, expands test coverage, decreases testing effort, and increases system reliability. It also offers an organized and automated method to confirm the efficiency and dependability of IoT systems.","Internet of Things; interoperability; meta-model; model-driver approach","article; diagnosis; human; internet of things; reliability"
"https://www.scopus.com/pages/publications/105041442205?origin=resultslist","Agent communication remains a foundational problem in multi-agent systems protocols such as FIPA-ACL guarantee semantic richness but are intractable for constrained environments, while lightweight IoT protocols achieve efficiency at the expense of expressiveness. This paper presents μACP, a formal calculus for expressive agent communication under explicit resource bounds. We formalize the Resource-Constrained Agent Communication (RCAC) model, prove that a minimal four-verb basis {PING, TELL, ASK, OBSERVE} is sufficient to encode finite-state FIPA protocols, and establish tight information-theoretic bounds on message complexity. We further show that μACP can implement standard consensus under partial synchrony and crash faults, yielding a constructive coordination framework for edge-native agents. Formal verification in TLA+ (model checking) and Coq (mechanized invariants) establishes safety and boundedness, and supports liveness under modeled assumptions. Large-scale system simulations confirm ACP achieves a median end-to-end message latency of 34 ms (95th percentile 104 ms) at scale, achieving competitive or lower latency than representative agent and IoT protocols under the evaluated workloads. The main contribution is a unified calculus that reconciles semantic expressiveness with provable efficiency, providing a rigorous foundation for the next generation of resource-constrained multi-agent systems. © 2026 International Foundation for Autonomous Agents and Multiagent Systems.","Agent Communication Languages; Formal Protocol Calculus; Resource-Constrained MultiAgent Systems","Autonomous agents; Computational methods; Information theory; Intelligent agents; Large scale systems; Semantics; Agent Communication Languages; Agents communication; FIPA-ACL; Formal calculi; Formal protocol calculus; Foundational problems; Multi agent; Multiagent systems (MASs); Resource bounds; Resource-constrained multiagent system; Multi agent systems"
"https://www.scopus.com/pages/publications/105003650064?origin=resultslist","The proceedings contain 16 papers. The special focus in this conference is on Verification and Evaluation of Computer and Communication Systems. The topics include: Formal Verification of Declarative Specifications of BPs: DCR2CPN-Based Approach; Toward Green Data Lake Management and Analysis Through a CTMC Model; a High Parallelization Method for Automated Formal Verification of Deep Neural Networks; monitoring of Neural Network Classifiers Using Neuron Activation Paths; formal Security Analysis of Deep Neural Network Architecture; MDE in the Era of Generative AI; Intrusion Detection Using an Enhancement Bi-LSTM Recurrent Neural Network Model; a Formal Approach for Verifying and Validating Security Objectives in Software Architecture; supervisory Control of Cyber-Physical Systems Using Labeled Petri Nets Under Sensor and Actuator Attacks; ERTMS/ETCS L3: Usable Formal Models for the “Loss of Train Integrity” Operation Scenario; towards a Model for Energy-Efficient and Flexible IoT Systems; Integrating SysML and Timed Reo to Model and Verify Cyber-Physical Systems Interactions with Timing Constraints; a Reliable and Resource-Aware Federated Learning Solution by Decentralizing Client Selection for IoT Devices; DRL Based SFC Orchestration in SDN/NFV Environments Subject to Transient Unavailability.","",""
"https://www.scopus.com/pages/publications/84977516020?origin=resultslist","In the era of the Internet of Things, system development is becoming increasingly complex and diverse due to the need for advanced user experience design (UXD) and cross-platform systems. However, current software requirement specification methods have no way to describe UXD. We propose a description method to reflect UXD information, such as user behavior, as UXD requirements. © Springer International Publishing Switzerland 2016.","Scenario; Software requirement specification; UML; UX design","Behavioral research; Formal specification; Human computer interaction; Requirements engineering; Specifications; User centered design; Conversion methods; Cross-platform; Description method; Scenario; Software requirement specification; System development; User behaviors; User experience design; Design"
"https://www.scopus.com/pages/publications/85149874792?origin=resultslist","This handbook brings together diverse domains and technical competences of Model Based Systems Engineering (MBSE) into a single, comprehensive publication. It is intended for researchers, practitioners, and students/educators who require a wide-ranging and authoritative reference on MBSE with a multidisciplinary, global perspective. It is also meant for those who want to develop a sound understanding of the practice of systems engineering and MBSE, and/or who wish to teach both introductory and advanced graduate courses in systems engineering. It is specifically focused on individuals who want to understand what MBSE is, the deficiencies in current practice that MBSE overcomes, where and how it has been successfully applied, its benefits and payoffs, and how it is being deployed in different industries and across multiple applications. MBSE engineering practitioners and educators with expertise in different domains have contributed chapters that address various uses of MBSE and related technologies such as simulation and digital twin in the systems lifecycle. The introductory chapter reviews the current state of practice, discusses the genesis of MBSE and makes the business case. Subsequent chapters present the role of ontologies and meta-models in capturing system interdependencies, reasoning about system behavior with design and operational constraints; the use of formal modeling in system (model) verification and validation; ontology-enabled integration of systems and system-of-systems; digital twin-enabled model-based testing; system model design synthesis; model-based tradespace exploration; design for reuse; human-system integration; and role of simulation and Internet-of-Things (IoT) within MBSE. © Springer Nature Switzerland AG 2023. All rights reserved.","Design synthesis; Model based systems engineering; Model verification and validation; Ontologies and meta-models; System modeling; System simulation and storytelling; Systems/system-of-systems integration; Test and evaluation","Behavioral research; Computer aided design; Curricula; Digital twin; Engineering education; Formal verification; Human computer interaction; Integration; Life cycle; Man machine systems; Ontology; System theory; Systems analysis; Teaching; Design synthesis; Model validation; Model verification; Model-based system engineerings; Ontology and meta-modeling; System integration; System models; System simulation and storytelling; System simulations; System-of-systems; System/system-of-system integration; Test and evaluation; Verification-and-validation; Integration testing"
"https://www.scopus.com/pages/publications/84944676439?origin=resultslist","Internet of Things (IoT) is the next wave of industry revolution that generates significant amount of various services, such as personal health care and green energy monitoring, which people may subscribe for their convenience. These services may have different features, such as fixed or mobile, scalable or non-scalable, portable or non-portable. Thus, recommending IoT services to users based on objects they own will become very important for the success of IoT. In this preliminary work, we introduce the concept of service recommender systems in IoT by a formal model for IoT recommendation. We propose a graph-based recommender system that takes into account the unique structure of IoT. © 2015 IEEE.","Internet of Things; Recommander Syatem; Social Web of Things; Tripartite Graph; Web of Things","Graphic methods; Green manufacturing; Recommender systems; Service industry; Web services; Formal model; Green energy; Internet of Things (IOT); Iot services; Personal health care; Recommander Syatem; Service recommendations; Tripartite graphs; Internet of things"
"https://www.scopus.com/pages/publications/85149849153?origin=resultslist","The Internet of Medical Things (IoMT) is a network of medical devices, hardware infrastructure, and software that allows healthcare information technology to be communicated over the web. The IoMT sensors communicate medical data to server for the quick diagnosis. As, it handles private and confidential information of a user, security is the primary objective. The existing IoT authentication schemes either using two-factor(Username, password) or multi-factor (username, password, biometric) to authenticate a user. Typically the structural characteristics-based biometric trait like Face, Iris, Palm print or finger print is used as a additional factor. There are chances that these biometrics can be fabricated. Thus, these structural biometrics based authentication schemes are fail to provide privacy, security, authenticity, and integrity. The biodynamic-based bioacoustics signals are gained attention in the era of human-computer interactions to authenticate a user as it is a unique feature to each user. So, we use a frequency domain based bio-acoustics as a biometric input. Thus, this work propose a Secure Lightweight Bioacoustics based User Authentication Scheme using fuzzy embedder for the Internet of Medical Things applications. Also, the IoT sensors tends to join and leave the network dynamically, the proposed scheme adopts chinese remainder technique for generate a group secret key to protect the network from the attacks of former sensor nodes. The proposed scheme's security is validated using the formal verification tool AVISPA(Automated Validation of Internet Security Protocols and Applications). The system's performance is measured by comparing the proposed scheme to existing systems in terms of security features, computation and communication costs. It demonstrates that the proposed system outperforms existing systems.  © 2023 - IOS Press. All rights reserved.","bioacoustics; e-Healthcare; fuzzy embedder; internet of medical things security; remote patient monitoring; user authentication","Authentication; Biometrics; Diagnosis; Frequency domain analysis; Health care; Human computer interaction; Internet of things; Network security; Remote patient monitoring; Authentication scheme; E-healthcare; Existing systems; Fuzzy embedder; Healthcare information technology; Internet of medical thing security; Medical data; Medical device hardware; User authentication; User authentication scheme; Sensor nodes"
"https://www.scopus.com/pages/publications/85128253282?origin=resultslist","Smart home technology is one of the significant emerging application in the Internet of Things (IoT) that facilitates the user to control home devices in the remote manner. In this context, investigating and addressing IoT security issues is highly challenging as the operating strategies of IoT application differs due to their heterogeneity characteristics. At this juncture, an authentication mechanism with anonymity and efficiency is necessary for facilitating secure communication in the smart home scenario, since the user or home communication channels are generally determined to be highly insecure. In this paper, Similarity Learning-Based Supervised Discrete Hash Signature Scheme (SLSDHS) is proposed for achieving secure user during the process of smart home authentication. This proposed SLSDHS utilized a supervised learning strategy that derives the potentiality of learning the mutual similarities of user behavior patterns in order to facilitate secure authentication. It leverages the mutual association between possible semantic labels in order to learn maximized more stable hash codes, which is a predominant improvement over the traditional hash code approaches. It was also proposed for facilitating projections among the original features and their related hash codes that can simultaneously learn discrete hash codes during the process of training samples. The communication overhead and computation overhead of the proposed SLSDHS is identified to be considerably minimized compared to the benchmarked schemes used for comparison. The security analysis of the proposed SLSDHS scheme evaluated using informal analysis, formal analysis and AVIPSA tool-based model checks confirmed its predominance with respect to automated testing of internet security protocols. © 2022, The Author(s), under exclusive licence to Bharati Vidyapeeth's Institute of Computer Applications and Management.","Communication overhead; Similarity Learning; Smart home; Supervised Discrete Hash Signature Scheme; User authentication",""
"https://www.scopus.com/pages/publications/85103861801?origin=resultslist","The Internet of Things is an emerging worldwide ecosystem in which smart devices interact to build smart homes, smart cities, etc. In such context, plethora of research efforts are oriented to networking and devices; analyzing and formalizing IoT systems are still in their earliest state. In this paper, we propose a BiAgents∗ (Bigraphical Agents) model to provide a formal description for IoT systems structure and behavior. In addition, we encode the BiAgents∗ specification into Maude language to enable an autonomic execution of the IoT systems' behaviors. The proposed approach is illustrated and evaluated through an example (an intelligent case of collision avoidance system).  © 2020 IEEE.","BiAgents; Formalism; IoT; Maude","Automation; Intelligent buildings; Software engineering; Collision avoidance systems; Formal Description; Formal model; Maude languages; Research efforts; Smart devices; Smart homes; Systems Structure; Internet of things"
"https://www.scopus.com/pages/publications/85163288230?origin=resultslist","Efficiency and convenience have increased as a result of the Internet of Things’ (IoT) expanding adoption across several enterprises. Nevertheless, the dynamic nature of IoT devices severely hinders real-time security breach prevention. Model checking, self-adaptation, and the Behavior-Interaction-Priority (BIP) component model are combined into an application layer to increase data-driven security for IoT systems. An integrated approach is proposed in this paper as a conceptual model for Internet of Things (IoT) security. This approach may have the potential to significantly improve the identification and mitigation of security concerns, including bogus data, malware attacks, and secure system transactions. The framework model is comprised of four primary components: BIP-based Secure Data Collection and Storage (BIP-SDCS), BIP-based Data Analytics (BIP-DA), BIP-based Secure Threat Detection and Response (BIP-STDR), BIP-based Continuous Monitoring (BIP-CM). © 2023, The Author(s), under exclusive license to Springer Nature Switzerland AG.","Behavior-Interaction-Priority (BIP); Data-driven security; Internet-of-Things (IoT); Model Checking; Self-Adaptation; Software Modeling","Data Analytics; Digital storage; Internet of things; Malware; Behavior-interaction-priority; Data driven; Data-driven security; Dynamic nature; Internet-of-thing; Models checking; Priority-based; Security modeling; Self- adaptations; Software modeling; Model checking"
"https://www.scopus.com/pages/publications/84864371809?origin=resultslist","We present ELIOT, an Erlang-based development framework expressly conceived for heterogeneous and massively decentralized sensing/actuation systems: a vision commonly regarded as the ""Internet of Things"". We choose Erlang due to the functional high-level programming model and the native support for concurrency and distributed programming. Both are assets when developing applications as well as system-level functionality in our target domain. Our design enriches the Erlang framework with a custom library for programming sensing/actuation distributed systems along with a dedicated run-time support, while we wipe off unnecessary language and run-time features. We couple the resulting platform with adhoc tools for simulation and testing, supporting developers throughout the development cycle. We assess our solution by implementing three sensor network distributed protocols. A comparison with traditional sensor network programming platforms demonstrates the advantages in terms of terseness of code, readability, and maintainability. © 2012 IEEE.","distributed systems; frameworks; Internet of Things; programming languages","Computer programming languages; Functional programming; Internet; Model checking; Sensor networks; Software engineering; Development cycle; Distributed programming; Distributed protocols; Distributed systems; frameworks; High-level programming models; Internet of Things (IOT); Physical world; Runtimes; Sensor network programming; Simulation and testing; System levels; Target domain; Internet protocols"
"https://www.scopus.com/pages/publications/85175384236?origin=resultslist","Applications of digital twin (DT) contribute to smart manufacturing via the integration of the cyber domain and the real world. Artificial Intelligence (AI) that is based on machine learning (ML) is generally recognized as being among the most promising technological developments in the manufacturing industry. Despite this, machine learning techniques call for enormous quantities of high-quality training datasets, and in the case of supervised ML, human labeling of such datasets is often necessary. Collecting and analyzing historical performance data to uncover operational insights has been a long-standing driver of efficiency and innovation for a wide variety of businesses, across all industrial sectors and even farther afield. However, the possible advantages of this method have not yet been leveraged to their maximum. There is a tendency for vast volumes of data, spanning anything from the current state of subsurface assets to the attitude that customers express on social media postings, to go mostly unrecorded and unanalyzed. This may be a problem for businesses. However, due to the limitations of existing IoT platforms in representing complex industrial machines, supporting production line-based application testing, and the lack of cost models for application cost/benefit analysis, the development of such Industry 4.0 applications is currently quite costly. Cyber Twins (CTs) are an extension of DTs that we propose using to facilitate the rapid and low-cost creation of Industry 4.0 applications. CTs may incorporate machine simulators and provide semantic descriptions of the machines they model, which makes it possible to test applications without putting the production line at risk or incurring additional costs. The applications for Industry 4.0 are based on CT and the accompanying cost models are the primary topics of this research. Second, the paper provides empirical results that connect existing academic literature to the interdependencies between edge components and internal and external services and systems in the Industry 4.0 paradigm. The novel aspect of this research is a new method for creating a DT, or a virtual representation that acts as the real-time digital counterpart of a physical object or process as defined by a conceptual model. This is the chapter’s primary contribution. The approach that was used to conduct the research for this article was conceptually similar to an investigation of complex, linked, and coupled systems using the grounded theory. This research provides an outline of how to increase AI development in IoT networks via integrating human-computer interactions across different knowledge management systems. These interactions take place in different information management systems. In addition, the previously used real-time controllable method has been improved, as well as optimized. Additionally, it performs simulation testing on the method in both a serial and a parallel fashion. The relevant mining time of the improved algorithm is shown to be substantially less than the time required by the conventional data mining method when applied to the same dataset, as shown by the test results when the ideal scenario of the parallel algorithm has been achieved. The amount of time required for conventional mining is around three and a half times as long as the amount of time required for data mining in this study, and the amount of power that the optimization method requires to operate has been decreased to 20W. With the help of AI, the manufacturing model (DT) and the decision support system are able to include all of the information generated by these subsystems. DT data technology facilitates the identification of pertinent information that can be processed and used to inform managerial decision-making. Applications of AI may open a wide variety of doors in the manufacturing industry, leading to the creation of new business models and the improvement of existing procedures. A formal model was used to define the landscape to guarantee the feasibility of conducting an in-depth analysis of the status and progression of the landscape, while taking into account DT and other technologies. The adoption of DT and Industrial Internet of Things for modeling of a real enterprise’s production process was taken into consideration. However, Digital Twin Store (DTS) has stricter standards, particularly in regard to the real-time engagement that is expected. A new technique that satisfies the aforementioned characteristics may be found in the use of AI, which is an efficient way of boosting the intelligence of the physical shop floor. In this piece of research, a conceptual framework for AI-enhanced DTS in interaction is presented. The real-time engagement is significantly increased by AI-enhanced DTS, thanks to its predictive control. The AI-enhanced interaction implementation technique in DTS is also discussed in length in this presentation. Finally, the DTS has implemented the necessary technology to support interaction. © 2023 Elsevier Inc. All rights reserved.","artificial intelligence; cyber twins; Digital twins; DTS; meta-dimension; taxonomy",""
"https://www.scopus.com/pages/publications/85119871507?origin=resultslist","The Internet of Things (IoT) enables sophisticated smart technologies by analyzing various sensor data. Complexity of IoT devices is increasing rapidly as it getting intertwined in our daily lives with the usage of smart sensors, actuators, and other smart devices. This interconnected of smart devices often produces very complex datasets which enable multimodal services. Multimodality enables applications to combine and analyze the data of multiple literacies within one medium. Enabling an effective multimodal IoT network demands efficient data representation of various sensing and actuating devices. This work is focused on profiling the smart devices, i.e., resource description. It provides the device description, categorization of its properties, capabilities, and functionalities so that a suitable resource can be discovered effectively. A formal model of IoT has been presented to describe the resources with the support of multimodality. The model is described through the Event-B language, and the Rodin platform is used to find the correctness of the model. © 2022, The Author(s), under exclusive license to Springer Nature Singapore Pte Ltd.","IoT device profile; Multimodal system; Resource description",""
"https://www.scopus.com/pages/publications/105003502374?origin=resultslist","With the widespread application of Internet of Things (IoT) technology, the processing of massive real-time streaming data poses significant challenges to the computational and data-processing capabilities of systems. Although distributed streaming data processing frameworks such as Apache Flink and Apache Spark Streaming provide solutions, meeting stringent response time requirements while ensuring high throughput and resource utilization remains an urgent problem. To address this, the study proposes a formal modeling approach based on Performance Evaluation Process Algebra (PEPA), which abstracts the core components and interactions of cloud-based distributed streaming data processing systems. Additionally, a generic service flow generation algorithm is introduced, enabling the automatic extraction of service flows from the PEPA model and the computation of key performance metrics, including response time, throughput, and resource utilization. The novelty of this work lies in the integration of PEPA-based formal modeling with the service flow generation algorithm, bridging the gap between formal modeling and practical performance evaluation for IoT systems. Simulation experiments demonstrate that optimizing the execution efficiency of components can significantly improve system performance. For instance, increasing the task execution rate from 10 to 100 improves system performance by 9.53%, while further increasing it to 200 results in a 21.58% improvement. However, diminishing returns are observed when the execution rate reaches 500, with only a 0.42% gain. Similarly, increasing the number of TaskManagers from 10 to 20 improves response time by 18.49%, but the improvement slows to 6.06% when increasing from 20 to 50, highlighting the importance of co-optimizing component efficiency and resource management to achieve substantial performance gains. This study provides a systematic framework for analyzing and optimizing the performance of IoT systems for large-scale real-time streaming data processing. The proposed approach not only identifies performance bottlenecks but also offers insights into improving system efficiency under different configurations and workloads. Copyright © 2025 The Authors.","IoT system; PEPA; performance evaluation; streaming data process; System modeling","Metadata; Steganography; Data-processing system; Formal modeling; Internet of thing system; Performance evaluation process algebra; Performances evaluation; Service flows; Streaming data; Streaming data process; Streaming data processing; System models; Data streams"
"https://www.scopus.com/pages/publications/85147819789?origin=resultslist","We present in this paper a new method in detecting anomalies in datasets representing systems behaviour, which is based on comparing a dataset to the data blueprint of the system representing its normal behaviour. This method removes some of the need for applying complex machine learning algorithms that aim at detecting abnormalities in such datasets and gives a more assured outcome of the presence of abnormalities. Our method first models a system using the formal language of the (Formula presented.) -calculus, and then applies an abstract interpretation that ultimately generates an abstract multiset representing the messages exchanged in the system model. We term this multiset as the data blueprint of the system, and it represents the normal behaviour expected. We apply this method to the case of a recent study in literature, which attempts to analyse normal and abnormal behaviour in datasets representing runs of the MQTT protocol, both under attack and no attack conditions. We show that our method is able to detect these conditions in an easier and more straightforward manner than the original case study attempts to. © 2023 by the author.","data analysis; data anomalies; formal specifications; IoT systems; process algebra",""
"https://www.scopus.com/pages/publications/85125369877?origin=resultslist","The initiatives of sustainable urbanization use ICT-based innovation to improve service efficiencies of smart cities and to discover modern economic opportunities. The smart sustainable cities prefer a reliable IoT connectivity and data integration to meet the standard constraints of emerging computing paradigms with enabling techhnologies. The computing paradigms including cloud, fog, and edge are nowadays driving the technological advancement to enrich the features of the digital application (DApp) including interactive, intuitive, and personalized. DApp utilizes the essential characteristics of the enabling technologies such as heterogeneity, resource constraints, connectivity, and mobility to standardize the nature of smart intelligence via service agents. In the connection of massive IoT services, DApp involves continuous generation of IoT data over a dedicated gateway to offer extensive connectivity and improved access control. In the past, most of the existing mechanisms have primarily focused on security management for IoT networks to operate massive application services. However, a key issue of privacy-preserving for massive IoT is still challenging to ensure device protection. Importantly, the existing mechanisms fail to claim security efficiencies in terms of user anonymity and authentication key exchange using formal proof. Thus, this paper presents a seamless authentication framework with privacy-preserving (SAF-PP) protocol to deal with security and privacy issues of smart eHealth intelligence. The formal analysis proves that the proposed SAF-PP can adhere to significant security properties while improving the system efficiency rate. The performance analysis also shows that the proposed SAF-PP is more efficient in increasing the active users with an improved packet delivery ratio and network lifetime. © 2021","Cloud networks; Digital application; Internet of Things; Massive sensor networks; Privacy-preserving","Authentication; Data integration; Efficiency; eHealth; Gateways (computer networks); Network security; Privacy-preserving techniques; Sensor networks; Smart city; Cloud networks; Digital applications; e-Health systems; Economic opportunities; Massive sensor network; Privacy preservation; Privacy preserving; Sensors network; Standard constraints; Sustainable cities; artificial neural network; conceptual framework; data management; health services; Internet; sensor; sustainability; urbanization; Internet of things"
"https://www.scopus.com/pages/publications/85126238096?origin=resultslist","Informal design artefacts allow end-users and non-experts to contribute to software design ideas and development. In contrast, software engineering techniques such as model-driven development support experts in ensuring quality properties of the software they propose and build. Each of these approaches have benefits which contribute to the development of robust, reliable and usable software, however it is not always obvious how best to combine these two. In this paper we describe a novel technique which allows us to use informal design artefacts, in the form of ideation card designs, to generate formal models of IoT applications. To implement this technique, we created the Cards-to-Model (C2M) tool which allows us to automate the model generation process. We demonstrate this technique with a case study for a safety-critical IoT application called 'Medication Reminders'. By generating formal models directly from the design we reduce the complexity of the modelling process. In addition, by incorporating easy-to-use informal design artefacts in the process we allow non-experts to engage in the design and modelling process of IoT applications.  © 2021 IEEE.","Formal Methods; Formal Modelling; Human Computer Interaction; Internet of Things","Computer software; Human computer interaction; Internet of things; Safety engineering; Software design; Design artifacts; Design development; Design ideas; Development support; End-users; Engineering techniques; Formal modeling; Interaction modeling; Model-driven-development; Modeling process; Formal methods"
"https://www.scopus.com/pages/publications/85176138529?origin=resultslist","The proceedings contain 422 papers. The topics discussed include: PhyAuth: physical-layer message authentication for ZigBee networks; time for change: how clocks break UWB secure ranging; capstone: a capability-based foundation for trustless secure memory access; examining consumer reviews to understand security and privacy issues in the market of smart home devices; detecting and handling IoT interaction threats in multi-platform multi-control-channel smart homes; lessons lost: incident response in the age of cyber insurance and breach attorneys; a bug’s life: analyzing the lifecycle and mitigation process of content security policy bugs; PatchVerif: discovering faulty patches in robotic vehicles; systematic assessment of fuzzers using mutation analysis; HomeSpy: the invisible sniffer of infrared remote control of smart TVs; PCAT: functionality and data stealing from split learning by pseudo-client attack; a plot is worth a thousand words: model information stealing attacks via scientific plots; detecting multi-step IAM attacks in AWS environments via model checking; and Cipherfix: mitigating ciphertext side-channel attacks in software.","",""
"https://www.scopus.com/pages/publications/85143773337?origin=resultslist","We provide a formal model based on extended state machines (EFSMs) with the addition of so-called admissibility functions to describe the state changes of an asset for interactions between HTTP agents and the asset by using the abstraction of properties, actions, and events. Furthermore, we describe the RESTful interface for assets that can be derived from EFSMs to offer assets' interactions in a clearly defined way and based on established standards. We use the continuous example of a robot arm to explain our results and provide the complete interaction model for the robot arm. © 2022 Copyright for this paper by its authors. Use permitted under Creative Commons License Attribution 4.0 International (CC BY 4.0)","Digital Twin; Extended Finite State Machines; Linked Data Platform; Read-Write Linked Data; REST; Web of Things","Data handling; HTTP; Internet of things; Machine learning; Robotic arms; Semantics; Creative Commons; Data platform; Extended finite state machine; Interaction modeling; Linked data platform; Linked datum; Read-write linked data; REST; Robot arms; Linked data"
"https://www.scopus.com/pages/publications/85199264939?origin=resultslist","The Data Distribution Service (DDS) constructs a highly available data transmission middleware based on the publish-subscribe model, widely used in the Internet of Things environment. To improve the security of DDS, the Object Management Group formulated the DDS Security, which provides security mechanisms for DDS in the form of security plugins. However, the security of the DDS Security protocol has not been fully analyzed. We analyze DDS Security through formal methods. We model the security goals and protocol flow of the DDS Security using ProVerif and evaluate whether its security goals can be met in different scenarios. Our analysis confirms previously manually identified vulnerabilities in an automated way and reveals new attacks. We discovered the permission file impersonation attack, the denial of service attack, the degradation attack, and the privacy leakage attack guided by the formal analysis result. For these threats, we propose corresponding mitigation measures and recommendations. © 2024 Copyright held by the owner/author(s).","DDS Security; Formal Analysis; IoT Security; Protocol Verification","Denial-of-service attack; Formal verification; Internet of things; Network security; Analysis of data; Data distribution service security; Data distribution services; Data-transmission; Formal analysis; IoT security; Protocol verification; Security goals; Security protocols; Service security; Middleware"
"https://www.scopus.com/pages/publications/85196953862?origin=resultslist","Named after the Viking King Harald Bluetooth, Bluetooth is the de facto standard for short-range wireless communications. The introduction of Bluetooth Low Energy (BLE) and Mesh protocols has further paved the way for its domination in the era of IoT and 5G. Meanwhile, attacks against Bluetooth, such as BlueBorne, BleedingBit, KNOB, BIAS, and BLESA, have been booming in the past fewyears, impacting billions of devices. While Bluetooth security has drawn significant attention from the security research community, a systematic understanding of this field is still missing, impeding the advancement of this field.In this paper, we first summarize the evolution of Bluetooth security in the specification in the past 24 years. Then, we provide a systematization of Bluetooth security by diving into 76 attacks and 33 defenses presented by previous research in this area. We first categorize attacks and defenses based on their affected layers and protocols in the Bluetooth stack as well as their threat models. Then, we cross-check the attacks and defenses to have a big picture of Bluetooth security. Based on the systematization, we find that the existing formal analyses of Bluetooth do not cover most of the security aspects of Bluetooth Mesh. Lastly, we take a step towards securing Bluetooth Mesh by designing and implementing a comprehensive formal model of Bluetooth Mesh covering all its security-related protocols. Our systematization reveals, for instance, that the security of Bluetooth pairing faces challenges caused by users' mistakes, and that Bluetooth fuzzing is effective yet not comprehensive. Based on the systematization, we provide promising future directions to shed some light on future Bluetooth security research. © 2024 IEEE.","","Bluetooth; Affected layers; De facto standard; Long journey; Low-energy protocols; Mesh protocols; Research communities; Security research; Short-range wireless communications; Still missing; Systematisation; Mesh generation"
"https://www.scopus.com/pages/publications/85177212994?origin=resultslist","The first part of this chapter gives a lightening introduction to the use of formal methods in human–computer interaction. This includes an overview of the kinds of models, and typical domains where techniques are currently applied. It then outlines some of the potential future directions for the field. The second part focuses on a specific area, the formal specification and analysis of systems that have both physical and digital aspects. This includes the use of physigrams, an extension of finite state networks for describing interactions with physical devices such as hand-held controllers. It also describes how formal analysis contributed to the design of an internet-enabled ‘café open’ sign – IoT in action!. © 2023, The Author(s), under exclusive licence to Springer Nature Switzerland AG.","formal methods; formal models; human-computer interaction; IoT; physical-digital design; physigrams","Human computer interaction; Internet of things; Digital designs; Finite state networks; Formal modeling; Formal specification and analysis; IoT; Model interaction; Physical devices; Physical-digital design; Physigram; Specific areas; Formal methods"
"https://www.scopus.com/pages/publications/84944573499?origin=resultslist","This paper uses interface automata to develop an interface theory for a component architecture for Internet of Things (IoT) applications. Specifically, it examines an architecture for IoT applications where so-called “accessors” provide an actor-oriented proxy for devices (“things”) and services. Following the principles of actor models, an accessor reacts to input stimuli and produces outputs that can stimulate reactions in other accessors or actors. The paper focuses on a specialized form of actor models where inputs and outputs to accessors and actors are time-stamped events, enabling timing-sensitive IoT applications. The interaction between accessors and actors via time-stamped events forms a “horizontal contract,” formalized in this paper as an interface automaton. The interaction between an accessor and the thing or service for which it is a proxy is a “vertical contract,” also formalized as an interface automaton. Following common practice in network programming, our vertical contract uses an asynchronous atomic callback (AAC) pattern. The formal composition of these interface automata allows us to reason about the combination of a timed actor model and the AAC pattern, enabling careful evaluation of design choices for IoT systems. © Springer International Publishing Switzerland 2015.","","Automata theory; Computer programming; Formal methods; Internet; Network architecture; Software engineering; Actor models; Component architectures; Evaluation of designs; In networks; Interface automata; Internet of Things (IOT); IOT applications; Vertical contracts; Internet of things"
"https://www.scopus.com/pages/publications/85007316254?origin=resultslist","We daily experience the interaction with physical objects which are becoming smarter and smarter with the ability to communicate with each other as well as with different information systems.While, on the one hand, we are assisting to the rise of a pervasive Internet of Things (IoT) or an Internet of Everything (IoE), on the other hand we face the need of a new generation of objects able to adapt to external inputs coming from the environment they are dipped in. New modeling techniques, pattern and paradigm for composing and developing software and services able to deal with changing context and requirements are necessary. Self-adaptive systems are modern applications whose running part should be able to react on its own, by dynamically adapting its behavior, in order to sustain a required set of qualities of service, and dynamic changes in the context or in the user requirements. Here, we propose a solution allowing a IoT Middleware to conform to Reflective programming paradigm thus giving more flexibility and adaptability to the network behavior. © Springer International Publishing AG 2016.","","Adaptive systems; Application programs; Computation theory; Formal methods; Middleware; Software engineering; Verification; Internet of Things (IOT); Modeling technique; Modern applications; Network behaviors; Programming paradigms; Reflective middleware; Self-adaptive system; User requirements; Internet of things"
"https://www.scopus.com/pages/publications/105041512784?origin=resultslist","This paper presents the Data Quality Assurance Model (DQAM), a formal model and multilayered architecture designed to guarantee data integrity and robustness in Reliable and Quality-Assured Information Systems. Recognising that inaccurate or corrupted sensor data can lead to system collapses and false alarms in critical services, the DQAM provides a standardised and systematic flow of actions to ensure data excellence for Artificial Intelligence (AI). The architecture is structured into three specialised layers (Acquisition, Processing, and AI Adequacy), implementing formal transformation functions that act as a rigorous filter against data degradation. A core contribution is the mapping of these functions to ISO/IEC 25012 and 5259-2 standards, providing a practical framework for reliable information management. It should be noted that quality dimensions regarding timeliness and data volume are outside the scope of this work, as they depend on external data issuers and end-service requirements. The model’s viability is validated through a real-world implementation on a university campus managing millions of data points, demonstrating its capability to optimise performance—achieving a speedup of up to 43%—and prevent service malfunctions. This work bridges the gap between raw IoT streams, and the high-integrity standards required by modern AI-driven applications. © 2026 by the authors.","data integrity; formal models; IoT security; scalable information systems; security management and policies; software quality","Architecture; Computer software selection and evaluation; Data accuracy; Data integrity; Data quality; Data reduction; Formal methods; Information management; Information use; ISO Standards; Metadata; Quality assurance; Software quality; ubiquitin; Data integrity; Data quality; Formal modeling; IoT security; Multilayered architecture; Scalable information system; Security management; Security policy; Software Quality; Work-flows; architecture; Article; artificial intelligence; cell transformation; data interoperability; data quality; human; implementation science; information processing; machine learning; quality control; recurrent neural network; reliability; validation process; workflow; Information systems"
"https://www.scopus.com/pages/publications/85101828193?origin=resultslist","The main incentives of blockchain technology are distribution and distributed change, consistency, and consensus. Beyond just being a distributed ledger for digital currency, smart contracts add transaction protocols to blockchains to execute terms of a contract in a blockchain network. Inter-blockchain (IBC) protocols define and control exchanges between different blockchains. The Isabelle Infrastructure framework has been designed to serve security and privacy for IoT architectures by formal specification and stepwise attack analysis and refinement1. A major case study of this framework is a distributed health care scenario for data consistency for GDPR compliance. This application led to the development of an abstract system specification of blockchains for IoT infrastructures. In this paper, we first give a summary of the concept of IBC. We then introduce an instantiation of the Isabelle Infrastructure framework to model blockchains. Based on this we extend this model to instantiate different blockchains and formalize IBC protocols. We prove the concept by defining the generic property of global consistency and prove it in Isabelle. © Florian Kammüller and Uwe Nestmann; licensed under Creative Commons License CC-BY","Blockchain; Inter-blockchain protocols; Interactive theorem proving; Smart contracts","Abstracting; Blockchain; Formal specification; Internet of things; Theorem proving; Attack analysis; Block-chain; Case-studies; Data consistency; Inter-blockchain protocol; Interactive theorem proving; Isabelle; Security and privacy; Transaction protocol; Smart contract"
"https://www.scopus.com/pages/publications/85089572292?origin=resultslist","The maturity of sensor network technologies has facilitated the emergence of an industrial Internet of Things (IIoT), which has collected an increasing volume of data. Converting these data into actionable intelligence for fault diagnosis is key to reducing unscheduled downtime and performance degradation, among other examples. This article formalizes a problem called semantic fault diagnosis-to construct the formal specifications of faults directly from data collected from IIoT-enabled systems. The specifications are written as signal temporal logic formulas, which can be easily interpreted by humans. To tackle the issue of the combinatorial explosion that arises, we propose an algorithm that combines ideas from agenda-based searching and imitation learning to train a policy that searches formulas in a strategic order. Specifically, we formulate the problem as a Markov decision process, which is further solved with a reinforcement learning algorithm. Our algorithm is applied to time-series data collected from an IIoT-enabled iron-making factory. The results show empirically that our proposed algorithm is both scalable to the size of the data set and interpretable, therefore allowing human users to take actions, for example, predictive maintenance.  © 1982-2012 IEEE.","Fault diagnosis; industrial Internet of Things; reinforcement learning; signal temporal logic; time-series classification","Computer circuits; Failure analysis; Fault detection; Formal specification; Learning algorithms; Markov processes; Reinforcement learning; Semantic Web; Semantics; Sensor networks; Temporal logic; Time series; Combinatorial explosion; Imitation learning; Logic-based semantics; Markov Decision Processes; Performance degradation; Sensor network technology; Temporal logic formula; Time-series data; Industrial internet of things (IIoT)"
"https://www.scopus.com/pages/publications/105037462112?origin=resultslist","The IoT is being widely deployed in various critical sectors, heavily relying on lightweight protocols like MQTT. However, the MQTT protocol offers limited internal authentication-A simple username-And-password approach-That makes IoT deployments vulnerable to impersonation, replay, and man-in-The-middle attacks. This paper proposes a lightweight authentication framework that integrates physically unclonable functions, AI-driven anomaly detection, and multi-factor authentication to improve MQTT security in resource-constrained environments. The framework, implemented in Node-RED and tested with an Eclipse Mosquitto broker on a virtualized IoT testbed, is evaluated using realistic traffic patterns and the UNSW MQTT-IoT dataset. Formal verification is performed with the AVISPA tool. Results show that the proposed PUF+ML+MFA architecture maintains low authentication latency-approximately 200 ms per cycle-and utilizes minimal resources, with less than 10% CPU utilization and under 100 KB of memory, while achieving high accuracy in attack detection. Random Forest classification yields a SAFE verdict, and AVISPA confirms SAFEness against replay and man-in-The-middle attacks modeled in the system. The main contribution of this work is its integration of hardware-based PUF authentication, AI-driven anomaly detection, and MFA into a single, formally verified security framework for MQTT, a combination not addressed in existing literature.  © 2025 IEEE.","IoT Security; Machine Learning; MQTT; Multi-Factor Authentication; Physically Unclonable Function","Anomaly detection; Artificial intelligence; Authentication; Network security; Anomaly detection; IoT security; Lightweight protocols; Machine-learning; Man in the middle; MQTT; Multi-factor authentication; Physically unclonable functions; Realistic traffics; Simple++; Learning systems"
"https://www.scopus.com/pages/publications/85117541818?origin=resultslist","Wireless Sensor Networks (WSN) as parts of the so-called Internet of Things (IoT) are facing the challenge of upgrading their firmware very often, in particular when security flaws are found. This large-scale operation can be remotely conducted starting from frontier devices (or nodes) connected to the internet, and gradually spread among the rest of the network. The Trickle algorithm is an efficient well-known algorithm for versioned information dissemination in WSN, and is applicable for this kind of operations. The algorithm when well configured, allows: i) the reduction of the number of packets (messages) exchanged between devices to save their batteries, and ii) a quick propagation of new firmware versions to minimize periods during which the devices are outdated. In this paper, we develop model-based symbolic simulation for configuring Trickle-based WSN combined with an exploration heuristic to cope with combinatorial behavior of the network many-nodes, while still being able to highlight critical scenarios of outdated nodes' situations. Our simulation techniques are implemented in the tool Diversity, which shows promising usability and first results.  © 2020 ACM.","","Firmware; Information dissemination; Internet of things; Model checking; Internet of Things (IOT); Model-based OPC; Security flaws; Simulation technique; Symbolic simulation; Wireless sensors networks; Sensor nodes"
"https://www.scopus.com/pages/publications/84970979503?origin=resultslist","Along with the development of IoT applications, wearable devices are becoming popular for monitoring user data to provide intelligent service support. The wearable devices confront severe security issues compared with traditional short-range communications. Due to the limitations of computation capabilities and communication resources, it brings more challenges to design security solutions for the resource-constrained wearable devices in IoT applications. In this work, a yoking-proof-based authentication protocol (YPAP) is proposed for cloud-assisted wearable devices. In the YPAP, a physical unclonable function and lightweight cryptographic operators are jointly applied to realize mutual authentication between a smart phone and two wearable devices, and yoking-proofs are established for the cloud server to perform simultaneous verification. Meanwhile, Rubin logic-based security formal analysis is performed to prove that the YPAP has theoretical design correctness. It indicates that the proposed YPAP is flexible for lightweight wearable devices in IoT applications. © 2016, Springer-Verlag London.","Authentication protocol; IoT; Rubin logic; Wearable device; Yoking-proof","Access control; Authentication; Computation theory; Computer circuits; Cryptography; Internet of things; Reconfigurable hardware; Smartphones; Authentication protocols; Communication resources; Intelligent Services; Mutual authentication; Rubin logic; Short-range communication; Wearable devices; Yoking proof; Wearable technology"
"https://www.scopus.com/pages/publications/105007552323?origin=resultslist","As the popularity of Internet of Things (IoT) platforms grows, users gain unprecedented control over their homes, health monitoring, and daily task automation. However, the testing of software for these platforms poses significant challenges due to their diverse composition, e.g., common smart home platforms are often composed of varied types of devices that use a diverse array of communication protocols, connections to mobile apps, cloud services, as well as integration among various platforms. This paper is the first to uncover both the practices and perceptions behind testing in IoT platforms, particularly open-source smart home platforms. Our study is composed of two key components. First, we mine and empirically analyze the code and integrations of two highly popular and well maintained open-source IoT platforms, OpenHAB and HomeAssistant. Our analysis involves the identification of functional and related test methods based on the focal method approach. We find that OpenHAB has only 0.04 test ratio ( 4K focal test methods from 76K functional methods) in Java files, while HomeAssistant exhibits higher test ratio of 0.42, which reveals a significant dearth of testing. Second, to understand the developers' perspective on testing in IoT, and to explain our empirical observations, we survey 80 open-source developers actively engaged in IoT platform development. Our analysis of survey responses reveals a significant focus on automated (unit) testing, and a lack of manual testing, which supports our empirical observations, as well as testing challenges specific to IoT. Together, our empirical analysis and survey yield 10 key findings that uncover the current state of testing in IoT platforms, and reveal key perceptions and challenges. These findings provide valuable guidance to the research community in navigating the complexities of effectively testing IoT platforms. © 2025 IEEE.","Developer study; Internet of Things; Mainte-nance; Software Testing; Unit test","Application programs; Computer software selection and evaluation; Java programming language; Mobile applications; Model checking; Open source software; Testbeds; Daily tasks; Developer study; Home health monitoring; Mainte-nance; Monitoring tasks; Open-source; Smart homes; Software testings; Test method; Unit tests; Integration testing"
"https://www.scopus.com/pages/publications/85166337166?origin=resultslist","The feature interaction problem occurs when two or more independently developed components interact with each other in unanticipated ways, resulting in undesirable system behaviors. Feature interaction problems remain a challenge for emerging domains in cyber-physical systems (CPS), such as the Internet of Things and autonomous drones. Existing techniques for resolving feature interactions take a 'winner-takes-all' approach, where one out of the conflicting features is selected as the most desirable one, and the rest are disabled. However, when multiple of the conflicting features fulfill important system requirements, being forced to select one of them can result in an undesirable system outcome. In this paper, we propose a new resolution approach that allows all of the conflicting features to continue to partially fulfill their requirements during the resolution process. In particular, our approach leverages the idea of adaptive requirement weakening, which involves one or more features temporarily weakening their level of performance in order to co-exist with the other features in a consistent manner. Given feature requirements specified in Signal Temporal Logic (STL), we propose an automated method and a runtime architecture for automatically weakening the requirements to resolve a conflict. We demonstrate our approach through case studies on feature interactions in autonomous drones  © 2023 IEEE.","feature interactions; formal methods; requirement engineering; self adaptive systems; signal temporal logic; software engineering","Adaptive systems; Computer circuits; Drones; Embedded systems; Temporal logic; Cybe-physical systems; Cyber-physical systems; Emerging domains; Feature interactions; Interaction problems; Requirement engineering; Runtimes; Self-adaptive system; Signal temporal logic; System behaviors; Formal methods"
"https://www.scopus.com/pages/publications/85045020847?origin=resultslist","The adoption of precision agriculture has been enabled by the arrival of the new ICT technologies included in the wider context of the Internet of Things. We advocate that formal software engineering models and methodologies can provide support to the design of networks for precision agriculture. We propose here the process algebraic framework as a formal support for understanding the possible data-flows for decision-making, once identified from where data are to be gathered. In particular, we exploit IoT-LySa, a recently introduced process calculus, through which we model a possible agriculture scenario. We consider grape cultivation, with particular attention to a careful usage of water. The static analysis developed for IoT-LySa can be used for predicting the interactions among nodes, how data spread from sensors to the network, and how they are manipulated, so helping in water preservation. © 2018 Societa Toscana di Scienze Naturali. All rights reserved.","Formal methods; Internet of Things; Precision agriculture; Process algebras",""
"https://www.scopus.com/pages/publications/105045019361?origin=resultslist","Trigger-Action Programming (TAP) enables end users to customize smart home automation using simple if-then rules, but unintended interactions among rules may cause conflicts that compromise system safety. Existing approaches for TAP conflict detection, such as formal verification, often involve steep learning curves and limited extensibility across heterogeneous device ecosystems. This paper investigates the potential of Large Language Models (LLMs) as a lower-barrier approach for TAP conflict detection. We define a unified taxonomy covering both logic-level and environment-mediated conflicts, and construct annotated benchmarks. We then evaluate multiple state-of-the-art LLMs under different prompting strategies across controlled and real-world scenarios. The results indicate that while advanced LLMs effectively detect diverse conflict types, particularly logic-level ones, their performance degrades as rule-set complexity increases. Overall, the findings show that LLMs are promising for broad conflict discovery, but are better suited as complementary components rather than standalone safety analyzers. © 2026 IEEE.","conflict detection; empirical study; large language model; smart home; trigger-action programming","Computer circuits; Computer systems programming; Formal verification; Human computer interaction; Intelligent buildings; Safety engineering; Smart homes; Conflict detection; Empirical studies; End-users; Home automation; Language model; Large language model; Logic levels; Rule conflict; Smart homes; Trigger-action programming; Automation"
"https://www.scopus.com/pages/publications/85058348574?origin=resultslist","Internet of Things systems are evolving at a rapid pace and their impact on our society grows every day. In this context developing IoT systems that are reliable and compliant with the requirements is of paramount importance. Unfortunately, few proposals for assuring the quality of these complex and often safety-critical systems are present in the literature. To this aim, runtime verification can be a valuable support to tackle such a complex task and to complement other software verification techniques based on static analysis and testing. This paper is a first step towards the application of runtime verification to IoT systems. In particular, we describe our approach based on a Prolog monitor, the definition of a formal specification (using trace expressions) describing the expected behaviour of the system, and the definition of appropriate input scenarios. Furthermore, we describe its application and preliminary evaluation using a simplified mobile health IoT system for the management of diabetic patients composed by sensors, actuators, Node-RED logic on the cloud, and smartphones. © Springer Nature Switzerland AG 2018.","","Formal specification; A-prolog; Analysis and testing; Complex task; Diabetics patients; ITS applications; Run-time verification; Safety critical systems; Sensor/actuator; Software verification; Verification techniques; Software testing"
"https://www.scopus.com/pages/publications/105006428193?origin=resultslist","The Data Distribution Service (DDS) is a popular communication middleware for the Internet of Things (IoT), providing its own security mechanisms specified in the DDS Security standard. In this work, we formally analyze the authentication handshake protocol and the encryption algorithm used in DDS. We discover a replay vulnerability in the encryption algorithm, implement a proof-of-concept attack on an open-source implementation of DDS, and review security-relevant changes in the recently published version 1.2. Copyright © 2025 held by the owner/author(s).","automotive; data distribution service; formal analysis; IoT; security","Encryption algorithms; Hardware security; Network security; Automotives; Communication middleware; Data distribution; Data distribution services; Data redistribution; Encryption algorithms; Formal analysis; Security; Security standards; Service security; Middleware"
"https://www.scopus.com/pages/publications/85098257348?origin=resultslist","Due to the scalability limitations, the secure device pairing of Internet of Things objects cannot be efficiently conducted based on traditional cryptographic techniques using a pre-shared security knowledge. The use of Out-of-Band (OoB) channels has been proposed as a way to authenticate the key establishment process but they require a relatively long time and an extensive user involvement to transfer the authentication bits. However, the context-based schemes exploit the randomness of the ambient environment to extract a common secret without an extensive user intervention under the requirement of having a secure perimeter during the extraction phase, which is considered as a strong security assumption. In this paper, we introduce a novel hybrid scheme, called COOB, that efficiently combines a state-of-the-art fast context-based encoder with our Out-of-Band based scheme. This protocol exploits a nonce exponentiation to achieve the temporary secrecy goal needed for the authentication. Our method provides security against an attacker that can violate the secure perimeter requirement, which is not supported by the existing contextual schemes. This security improvement has been formally validated in the symbolic model using the TAMARIN prover. Based on our implementation of the Out-of-Band channel, COOB enhances the usability by reducing the pairing time up to 39 % for an 80-bit OoB exchange while keeping an optimal protocol cost. © ICST Institute for Computer Sciences, Social Informatics and Telecommunications Engineering 2020.","Context-based pairing; Formal methods; Internet of Things; Out-of-band channel; Secure device pairing; Security","Authentication; Privacy by design; Ambient environment; Authentication bits; Cryptographic techniques; Hostile environments; Key establishments; Secure Device Pairing; Security improvement; User intervention; Network security"
"https://www.scopus.com/pages/publications/105001111315?origin=resultslist","Smart contracts are essential tools for enabling interaction between blockchain and Internet of Things (IoT) systems. For example, in cold chain logistics, the blockchain can obtain the states of the logistics system through smart contracts. However, direct interactions between smart contracts and these systems introduce uncertainties, potentially leading to network forks or state inconsistencies, which can compromise the security and reliability of the blockchain. To address these challenges, a novel smart contract variable, ExState, is proposed, specifically designed to track and store the dynamic states of IoT systems. Additionally, a corresponding operational logic is defined to organize these states into sequential records, ensuring that the state sequences obtained by each node remain consistent, effectively mitigating state conflicts. In addition, a formal model is developed, accompanied by a theoretical analysis of its determinacy. Experimental results demonstrate that, in cross-chain scenarios, this method achieves a performance improvement of up to 50.41% compared to the traditional Oracle method. © 2014 IEEE.","Cross-chain; nonblockchain systems (NBS); smart contract variables; uncertainty issues","Blockchain; Block-chain; Cold chain logistics; Cross-chain; Direct interactions; Logistics system; Non-blockchain system; Security and reliabilities; Smart contract variable; Uncertainty; Uncertainty issue; Smart contract"
"https://www.scopus.com/pages/publications/85159477212?origin=resultslist","IoT devices and networks for military operations face special security challenges not faced by commercial IoT. During military operations it is not possible to guarantee the physical security of all IoT nodes. Hostile agents will attempt to attack, disable, deceive, co-opt, and capture military IoT systems. An IoT network consists of layers of hardware, firmware and software logic produced and programmed by many different organizations residing in multiple nations. Certifying the integrity and vulnerability-free state of all elements and levels of IoT nodes increasingly becomes an intractable challenge for defense use of IoT. Today, if an enemy captures a rifle, oneweapon has been lost.However, if an IoT network connects that rifle to all other rifles as well as to an entire logistics train, then the loss of one weapon may allow malware to alter the course of an entire battle. One approach to prevent the compromise of one IoT node from spreading through the network via malware is to ensure that the interface software of all IoT elements contains no exploitable software vulnerabilities. To eliminate software vulnerabilities, interface code can be automatically generated starting from high-level specifications using an automatic code generator that has been verified by formal methods to create vulnerability-free code. This approach has been demonstrated and tested by automatically generating Internet Protocol (IP) routing software that is free from vulnerabilities due to known weaknesses. For defense applications, vulnerability-free interface software can be auto-generated by a trusted authority and augmented with anti-tamper elements to guarantee that it stays secure and unmodified. This approach ensures the security of defense IoT networks by requiring every IoT node to be connected via auto-generated, vulnerability-free software. By so doing, a defense IoT network can limit damage from the capture or compromise of an individual IoT node fromspreading beyond the directly affected node. © 2023 The Institute of Electrical and Electronics Engineers, Inc.","",""
"https://www.scopus.com/pages/publications/85020473243?origin=resultslist","The proceedings contain 23 papers. The special focus in this conference is on Agent and Multi-Agent Systems - Technologies and Applications. The topics include: Personalized healthcare and agent technologies; multiagent environments for dynamic transportation applications; microservices as agents in IoT systems; enhancing tactical information assessment using an agent-based cognitive architecture; a self-adaptive system for improving autonomy and public spaces accessibility for elderly; meaning negotiation with defeasible logic; artificial intelligence techniques for the Puerto Rico strategy game; simple bounded MTLK model checking for timed interpreted systems; an algorithm for allocating structured tasks in multi-robot scenarios; SAT-versus SMT-based BMC for TWIS and the existential fragment of WCTL with knowledge; communication and autonomous control of multi-UAV system in disaster response tasks; decision function implementation in MAREA simulations influencing financial balance of small-sized enterprise; application of I-fuzzy approach to prediction of blockability values in real world data; generalized dynamic model of rating alternatives by agents with interactions; the soft tissue implementation with triangulated mesh for virtual surgery system; pseudorehearsal in value function approximation; towards robot fall detection and management for Russian humanoid AR-601; modelling of the logistic supplier consumer behavior; conversion of real data from production process of automotive company for process mining analysis and multi-agent BPMN decision footprint.","",""
"https://www.scopus.com/pages/publications/85209085899?origin=resultslist","As more end-user applications depend on Internet of Things (IoT) technology, it is essential the networking protocols underpinning these applications are reliable. Using Formal Methods to reason about protocol specifications is an established technique, but, due to their perceived difficulty and mathematical nature, receive limited use in practice. We propose an approach based on Milner's bigraphs - a flexible diagrammatic modelling language - that allows developers to ""draw""the protocol updates as a way to increase use of formal methods in protocol design. To show bigraphs in action, we model part of the Routing Protocol for low-power and Lossy Networks (RPL), popular in wireless sensor networks, and verify it using model checking. We compare our approach with the more common simulation approach and show that analysing the bigraph model often finds more valid routes than simulation (which usually returns only a single routing tree even with 500 simulations) and that it has comparable performance. The model is open to extension, with less implementation effort than simulation, and we show this through two examples: a security attack and physical link drops. Bigraphs seem a promising approach to protocol design, and this is the first step in promoting their use.  © 2024 Copyright held by the owner/author(s).","Bigraphs; formal methods; model checking; routing; wireless sensor networks","Routing protocols; Trees (mathematics); Wireless sensor networks; Bigraphs; End-user applications; Internet of things technologies; Models checking; Networking protocols; Protocol design; Routing-protocol; Routings; Sensors network; Wireless sensor; Model checking"
"https://www.scopus.com/pages/publications/85100856681?origin=resultslist","The interest of Industry 4.0 in smart contracts and blockchain technologies is growing up day by day. Smart contracts have enabled new kinds of interactions whereby contractors can even fully automate processes they agree on. This technology is really appealing in Internet of Things (IoT) domain because smart devices generate events for software agents involved in a smart contract execution, making full automation possible. However, smart contracts have to comply with national and international laws and accountability of participant's actions. Soundness of a smart contract has to be verified in terms of law compliance. Here, we propose a model for verification and validation of law compliance of smart contracts in IoT environments. The main goal of this article is to propose a formal model (based on multiagent logic and ontological description of contracts) for validating law compliance of smart contracts and to determine potential responsibilities of failures. © 2005-2012 IEEE.","Blockchain; Industry 4.0; Internet of Things (IoT); Multiagent systems; Smart contracts","Compliance control; Environmental regulations; Internet of things; Multi agent systems; Software agents; Automate process; Contract execution; Formal model; Internet of Things (IOT); Multi-agent logic; Smart devices; Verification-and-validation; Contracts"
"https://www.scopus.com/pages/publications/84983378044?origin=resultslist","Wireless communication is increasingly being used to federate embedded devices in a variety of distributed systems application domains, ranging from wireless sensor networks to the emerging ""Internet of Things (IoT)."" Since such embedded devices are tightly coupled both with their environments and with each other through their wireless communication channels, both variations in their environments and the system's need to respond (sometimes rapidly) to those variations may produce (1) the need for such devices to communicate and (2) with it the potential for channel contention to arise, dynamically at run-time. Thus, how wireless channels among the embedded devices are allocated and managed in these systems may significantly influence both communication-specific quality-of-service (QoS) properties (such as message throughput) and broader QoS properties (such as timeliness of system responsiveness) that depend on them. A growing body of research has focused on managing different aspects of wireless communication, but has done so mainly in an ad hoc manner, with respect to individual aspects rather than multiple aspects and their potential interactions. Even less attention has been paid to formal methods for assessing how combinations of aspects may influence communication performance, and how to characterize, adapt to, and exploit their combined effects, which is essential to address the challenges noted above. To overcome these limitations of the current state of the art, this paper makes three main contributions to wireless communication for distributed embedded systems with QoS constraints. First, it shows how a basic but fundamental set of channel admission and modulation decisions can be combined within a single Markov decision process (MDP) model to optimize (in expectation) objectives such as message throughput, even with stochastic arrival and interference characteristics. Second, it identifies regular structure in the value-optimal policies generated off-line from these models, which forms the basis for efficient and accurate heuristics suitable for on-line use. Third, it shows how single-and multi-variable regression techniques can be used to characterize key parameters that govern such regular structure, which then are used to instantiate those heuristics. © 2016 IEEE.","embedded systems; wireless communication","Distributed computer systems; Formal methods; Markov processes; Modulation; Optimization; Quality of service; Stochastic models; Stochastic systems; Wireless sensor networks; Wireless telecommunication systems; Communication performance; Distributed embedded system; Interference characteristics; Internet of Things (IOT); Markov Decision Processes; Wireless communication channels; Wireless communications; Wireless embedded systems; Embedded systems"
"https://www.scopus.com/pages/publications/85050984981?origin=resultslist","Industrial control systems are changing from monolithic to distributed and interconnected architectures, entering the era of industrial IoT. One fundamental issue is that security properties of such distributed control systems are typically only verified empirically, during development and after system deployment. We propose a novel modelling framework for the security verification of distributed industrial control systems, with the goal of moving towards early design stage formal verification. In our framework we model industrial IoT infrastructures, attack patterns, and mitigation strategies for countering attacks. We conduct model checking-based formal analysis of system security through scenario execution, where the analysed system is exposed to attacks and implement mitigation strategies. We study the applicability of our framework for large systems using a scalability analysis. © 2018 IEEE.","Alloy; Formal verification; IoT; Modeling; Security","Alloying; Formal verification; Internet of things; Model checking; Models; Software testing; Early design stages; Industrial control systems; Mitigation strategy; Modelling framework; Scalability analysis; Security; Security properties; Security verification; Distributed parameter control systems"
"https://www.scopus.com/pages/publications/85214245344?origin=resultslist","Many Internet-of-Things (IoT) applications benefit from secure Federated (Machine) Learning (FL) techniques, e.g., industrial automation and smart cities. Since IoT devices have limited resources, such techniques need to be very efficient. In this paper, we propose a formal model as well as a new means for provably secure and efficient (i.e., IoT-friendly) aggregation for FL in IoT settings. Besides input privacy, it offers result correctness and malicious input localization, both robust against up to a threshold of malicious devices. The proposed techniques involve no interaction among devices, which only send a short message, and perform lightweight encryption and integrity detection. © The Author(s), under exclusive license to Springer Nature Switzerland AG 2025.","","Federated learning; Office automation; Co-located; Formal modeling; Industrial automation; Lightweight encryption; Localisation; Machine learning techniques; Machine-learning; Provably secure; Secure aggregations; Short message"
"https://www.scopus.com/pages/publications/85201811018?origin=resultslist","IoT devices are increasingly adopting Secure Socket Layer (SSL) and Transport Layer Security (TLS) protocols. However, the misuse of SSL/TLS libraries still threatens the communication. Existing tools for detecting SSL/TLS API misuses primarily rely on source code analysis while IoT applications are usually released as binaries with no source code. This paper presents Samba, a novel tool to automatically detect SSL/TLS API misuses in IoT binaries through static analysis. To overcome the path explosion problem and deal with various SSL/TLS implementations, we introduce a three-level reduction method to construct the SSL/TLS API-centric graph (SAG), which has a much smaller size compared with the conventional inter-procedural control flow graph. We propose a formal expression of API misuse signatures, which is capable of capturing different types of misuse, particularly those in the SSL/TLS connection establishment process. We successfully analyze 115 IoT binaries and find that 94 of them have the vulnerability of insecure certificate verification and 112 support deprecated SSL/TLS protocols. Samba is the first IoT binary analysis system for detecting SSL/TLS API misuses. © 2024 IEEE.","Binary analysis; Internet of things; SSL/TLS","Application Layer; Application programming interfaces (API); Formal verification; Network layers; Network security; Transport Layer; Binary analysis; Path explosions; Secure socket layer/transport layer security; Secure sockets layers; Security API; Security library; Source code analysis; Source codes; Transport layer security; Transport layer security protocols; Flow graphs"
"https://www.scopus.com/pages/publications/85101583188?origin=resultslist","We focus on studying an IoT algorithm called Trickle using a formal model-based approach. The algorithm has an essential role in traffic regulation across distributed networks of wireless sensors which are part of IoT. The algorithm allows efficient dissemination of information such as critical applicative data, firmware upgrades or security fixes. In this paper, we develop timed asynchronous computational models for Trickle. We show how reachability properties can be assessed on such models using a combination of model-checking and symbolic execution implemented by the tools UPPAAL and DIVERSITY, respectively. Our experiments produce promising results on highlighting updated or outdated nodes situations during dissemination. © 2021, Springer Nature Switzerland AG.","","Firmware; Internet of things; Computational model; Distributed networks; Firmware upgrades; Formal model; Symbolic execution; Timed model checking; Traffic regulations; Wireless sensor; Model checking"
"https://www.scopus.com/pages/publications/85097642573?origin=resultslist","The Internet of Actors (IoA) provides a complete framework to attain interoperability by design in Subject-oriented Business Process Management (S-BPM). However, at present, some important architectural concerns remain out of focus. In this paper we lay the basis to ensure critical architectural qualities by adopting an Enterprise Architecture (EA) approach based on the Reference Model for Industry 4.0 (RAMI4.0) integrated with a goal oriented development methodology. This approach aims to facilitate the adoption of IoA in the workflow of regulated sectors like the Smart Grid, Industry 4.0 or e-Government, where other qualities must be ensured in addition to interoperability. © 2020, Springer Nature Switzerland AG.","Enterprise Architecture; Internet of Actors; IoT; Model checking","e-government; Industry 4.0; Interoperability; Architectural approach; Architectural quality; Business process management; Enterprise Architecture; Goal-oriented development; Reference modeling; Safety by design; Subject-oriented; Enterprise resource management"
"https://www.scopus.com/pages/publications/85176104891?origin=resultslist","The proceedings contain 422 papers. The topics discussed include: PhyAuth: physical-layer message authentication for ZigBee networks; time for change: how clocks break UWB secure ranging; capstone: a capability-based foundation for trustless secure memory access; examining consumer reviews to understand security and privacy issues in the market of smart home devices; detecting and handling IoT interaction threats in multi-platform multi-control-channel smart homes; lessons lost: incident response in the age of cyber insurance and breach attorneys; a bug’s life: analyzing the lifecycle and mitigation process of content security policy bugs; PatchVerif: discovering faulty patches in robotic vehicles; systematic assessment of fuzzers using mutation analysis; HomeSpy: the invisible sniffer of infrared remote control of smart TVs; PCAT: functionality and data stealing from split learning by pseudo-client attack; a plot is worth a thousand words: model information stealing attacks via scientific plots; detecting multi-step IAM attacks in AWS environments via model checking; and Cipherfix: mitigating ciphertext side-channel attacks in software.","",""
"https://www.scopus.com/pages/publications/105008024799?origin=resultslist","The pretrained foundation models (PFMs) based on edge inference reduce communication latency from the cloud server to the user mobile devices (MDs), and support different edge nodes to provide adaptive artificial intelligence (AI) services to the users. The complex network environment has attracted widespread attention to the communication security of cross-domain AI services. Authentication protocol is an important way to ensure the communication security among entities. However, existing cross-domain authentication protocols have not taken into account the communication delay caused by complex cryptographic operations on the MDs. To address these issues, a cross-domain inference authentication (CDIA) protocol for PFMs is proposed in this article. The complex cryptographic operations are executed collaboratively by the servers from different domains to realizes decentralized authentication. Besides, the correctness and security of CDIA protocol is proved by formal analysis. The security of CDIA protocol is verified by using the automated validation of Internet security protocols and applications (AVISPAs) tool. The security of negotiated group key is proved by Real-or-Random (RoR) model. Finally, the performance of CDIA protocol is evaluated to show its efficiency. Compared with related protocols, the computing cost and communication overhead of CDIA protocol are at least 52.38% and 11.9%, respectively.  © IEEE. 2014 IEEE.","Authentication protocol; edge inference; Internet of Things (IoT); pretrained foundation models (PFMs); security analysis","Authentication; Complex networks; Cryptography; Internet of things; Internet protocols; Mobile computing; Mobile edge computing; Mobile security; Network security; Authentication protocols; Communications security; Cross-domain; Cross-domain authentication; Edge inference; Foundation models; Intelligence services; IoT; Pre-trained foundation model; Security analysis; Authentication Protocol"
"https://www.scopus.com/pages/publications/85092736175?origin=resultslist","Queue systems are practically used in various institutions and commercial enterprises constituting a challenge for the intelligent environments in smart cities. The management of the flow of customers guarantees the elimination or reduction of the queues as well as the economic benefits which follow the clients’ satisfaction of a better quality of service. An intelligent queue management system has been proposed which is designed as the pro-active and context-aware ecosystem based on multiple low-level sensors and devices constituting the IoT (Internet of Things) network. The designed context-driven system is characterised by user friendliness, as well as the client behaviour recognition and understanding which generate actions that support clients, establishing wealthy environments. A prototype version of the system has been proposed which has been validated by formal analysis and simulation. This prototype can be used as a necessary experience and as a reference point when building a target system and meeting requirements typical for context-aware and pro-active systems based on IoT networks which process massive data streams. © 2020 by the author. Licensee MDPI, Basel, Switzerland.","Context-awareness; Intelligent environment; IoT; Queue management system","Behavioral research; Customer satisfaction; Data streams; Intelligent agents; Quality of service; Queueing networks; Queueing theory; Active queue management systems; Commercial enterprise; Economic benefits; Intelligent environment; Intelligent queue management; Massive data streams; Prototype versions; User friendliness; Internet of things"
"https://www.scopus.com/pages/publications/85124700629?origin=resultslist","It is very difficult to develop a perfect security protocol for communication over the IoT network and developing a reliable authentication protocol requires a detailed understanding of cryptography. To ensure the reliability of security protocols of IoT, the validation method is not a good choice because of its several disadvantages and limitations. To prove the high reliability of Cryptographic Security Protocols(CSP) for IoT networks, the functional correctness of security protocols must be proved secure mathematically. Using the Formal Verification technique we can prove the functional correctness of IoT security protocols by providing the proofs mathematically. In this work, The CoAP Machine to Machine authentication protocol and centralied IoT network Authentication Protocol RADIUS is formally verified using the well-known verification technique known as model checking technique and we have used the Scyther model checker for the verification of security properties of the respective protocols. The abstract protocol models of the IoT authentication protocols were specified in the security protocol description language and the security requirements of the authentication protocols were specified as claim events. © 2022 Institute of Physics Publishing. All rights reserved.","","Cryptography; Formal verification; Internet protocols; Machine-to-machine communication; Model checking; Network security; Authentication protocols; Centralised; Cryptographic security; Functional correctness; High reliability; Models checking; Perfect securities; Protocol of IoT; Security protocols; Verification techniques; Internet of things"
"https://www.scopus.com/pages/publications/105008057127?origin=resultslist","Autonomous systems are increasingly used in safety-critical domains, including industrial automation, autonomous vehicles, and the industrial Internet of Things. Verifying both the functional and temporal correctness of these systems is essential to ensure safety before deployment. However, end-to-end verification is challenging due to the interaction of continuous-time physical processes with discrete-time computational systems. Existing formal methods often assume simplified or static computational models, while traditional real-time systems focus on meeting timing constraints without explicitly linking them to physical safety. We address this gap by proposing a physics-informed mixed-criticality (MC) verification framework for cyber-physical systems, which allows the integration of computational and physical models for dynamic, fine-grained safety assurance. Our framework incorporates feedback from the local environment to guide criticality-based mode switching, ensuring adaptive responses to real-time physical states rather than relying on global worst-case assumptions. We demonstrate the feasibility of our approach with a prototype implementation on an autonomous F1 Tenth vehicle using preemptive EDF scheduling on ROS 2. Verification is conducted using UPPAAL to validate system behavior, mode transitions, and physical safety constraints. Results show that our framework effectively manages MC requirements, enhancing responsiveness and safety in dynamic environments.  © 2025 IEEE.","F1Tenth cars; Formal Methods; Mixed-Criticality Systems; Temporal Verification; UPPAAL","Accident prevention; Computation theory; Computational methods; Criticality (nuclear fission); Cyber Physical System; Embedded systems; Formal verification; Interactive computer systems; Physical addresses; Real time systems; Autonomous Vehicles; Computational modelling; F1tenth car; Functional correctness; Industrial automation; Mixed criticalities; Mixed-criticality systems; Safety-critical domain; Temporal verification; UPPAAL; Continuous time systems"
"https://www.scopus.com/pages/publications/85083637232?origin=resultslist","Modern level of complexity of diverse software systems stipulates the engineering process to be adapted and refined appropriately. The demonstrative examples of such systems are the ones from the Internet of Things domain, communication protocols in particular. The concept of the Internet of Things encompasses the billions of heterogeneous smart devices communicating to each other through different protocols. Here the problem of interoperability arises. With this statement in mind, the constantly growing usage of model checking techniques during the designing of different systems, e.g., critical systems, commercial systems, etc., has been stepped up as the solution to the interoperability problem. To this end, the Temporal Logic of Actions, corresponding formalisms and model checker have been proposed to be the basis for checking the interoperability by way of model checking during the designing. The MQTT protocol specification creation has been considered as a case study. © 2019 IEEE.","Interoperability; IoT; Model checking; PlusCal; Protocol; QoS; Specification; TLA; TLC; Verification","Internet protocols; Interoperability; Model checking; Specifications; Commercial systems; Different protocols; Diverse software systems; Engineering process; Model-checking techniques; Protocol specifications; Protocols specification; Temporal logic of actions; Internet of things"
"https://www.scopus.com/pages/publications/85088667669?origin=resultslist","Key challenges in Internet-of-Things (IoT) system design and management include the secure system composition and the calculation of the security and dependability level of the final system. This paper presents an event-based model-checking framework for IoT systems' design and management, called CompoSecReasoner. It invokes two main functionalities: (i) system composition verification, and (ii) derivation and validation of security, privacy, and dependability (SPD) metrics. To measure the SPD values of a system, we disassemble two well-known types of security metrics-the attack surface methodologies and the medieval castle approach. The first method determines the attackable points of the system, while the second one defines the protection level that is provided by the currently composed system-of-systems. We extend these techniques and apply the Event Calculus method for modelling the dynamic behavior of a system with progress in time. At first, the protection level of the currently composed system is calculated. When composition events occur, the current system status is derived. Thereafter, we can deploy reactive strategies and administrate the system automatically at runtime, implementing a novel setting for Moving Target Defenses. We demonstrate the overall solution on a real ambient intelligence application for managing the embedded devices of two emulated smart buildings. © 2020 by the authors.","Dependability; Dynamic system composition; Event calculus; Internet-of-things; IoT; JADE; JESS; Metrics; Moving target defenses; OSGi",""
"https://www.scopus.com/pages/publications/85038845841?origin=resultslist","Internet of things (IoT) encompasses information and networking technologies which allow connected devices gathering data from their environment to exchange information with network applications. The increased number of diverse devices and the variety of multimodal data make interoperability a challenging task. Synthesis of semantic information from raw IoT data enables sharing of common data models between different applications. The paper presents an approach to modelling semantic annotation for power control in smart homes and then converting it to knowledge. The approach includes context aware models as well as a knowledge base describing behaviour of an autonomous agent. The context aware models representing remote device management are formalised and verified using the concept of bisimulation. Temporal logic is used for specifying the agent behaviour and reasoning about power control of home appliances. Copyright © 2017 Inderscience Enterprises Ltd.","Autonomous service model; Formal model verification; Internet of things; IoT; Remote device management; Semantic annotation; Temporal logic; Weak bisimulation","Automation; Autonomous agents; Computer circuits; Data Sharing; Domestic appliances; Intelligent buildings; Knowledge based systems; Metadata; Power control; Semantics; Temporal logic; Formal model; Remote devices; Semantic annotations; Service Model; Weak bisimulation; Internet of things"
"https://www.scopus.com/pages/publications/105031232590?origin=resultslist","This paper introduces an LLM-driven design-time workflow for Internet of Things (IoT) and network management system development that combines the generative and summarization capabilities of Large Language Models with the formal rigor of Model-Driven Engineering (MDE). The key novelty lies in grounding LLM-assisted topology design and network management, including reasoning about configuration code to formally verifiable models, enabling security- and safety-aware decisions by design with improved trust and explainability compared with black-box runtime solutions. The approach relies on activity-diagram-based models that provide formal semantics for capturing control flows, decision points, and interactions among IoT devices, edge nodes, and network management components, supporting systematic functional safety validation. Design-time security analysis is realized through MDE combined with Object Constraint Language (OCL) rules, allowing explainable detection of misconfigurations, policy violations, and potential vulnerabilities before deployment. The workflow is evaluated using representative IoT and mobile network management scenarios, demonstrating enhanced effectiveness and up to 15 times reduction in detection and corrective action time for critical tasks. © 2026 by the authors.","Internet of Things (IoT); large language models; security",""
"https://www.scopus.com/pages/publications/85051081121?origin=resultslist","Internet of Things (IoT) has drastically modified the industrial services provided through autonomous machine-to-machine interactions. Such systems comprise of devices manufactured by various suppliers. Verification is a challenge due to high heterogeneity of composing devices. In this paper, we present initial results of model-based interoperability testing for IoT systems to facilitate automatic test case generation. We utilize messaging model of Constrained Application Protocol so as to deduce complex relations between participating devices. We use Complex-Event Processing (CEP) techniques in order to streamline the verification process after generating proper runtime monitors from sequence diagrams. We demonstrate our solution on a fictitious healthcare system. © 2018, ICST Institute for Computer Sciences, Social Informatics and Telecommunications Engineering.","Complex-event processing; Constrained-Application Protocol; Internet of Things; Model-based testing; Runtime verification","Interoperability; Model checking; Application protocols; Automatic test-case generations; Complex event processing; Complex event processing (CEP); Internet of Things (IOT); Interoperability testing; Model based testing; Run-time verification; Internet of things"
"https://www.scopus.com/pages/publications/105018047844?origin=resultslist","The Extensible Authentication Protocol–Transport Layer Security (EAP-TLS) is a critical authentication protocol for wireless networks and secure IoT communications. However, it faces significant challenges from man-in-the-middle attacks, including message tampering, replay, and certificate forgery. Although model checking techniques have been applied to verify its security properties, the complexity of the EAP-TLS handshake often prevents accurate formal modeling; existing studies rarely assess the communication overhead of protocol enhancements. Moreover, traditional Logic of Events Theory (LoET) struggles to handle transport-layer protocols like EAP-TLS due to their intricate interaction processes. This study proposes a novel formal analysis approach, extending LoET by expanding five event classes, formulating corresponding rules, and introducing new axioms. Formal verification reveals attack paths involving plaintext theft, message tampering, and entity impersonation. The research proposes an enhanced strategy to mitigate these vulnerabilities through hash merging, encryption, and signature methods, alongside analyzing their communication costs to ensure feasibility. Using the extended LoET, the improved protocol is rigorously proven to satisfy strong authentication, thereby enhancing practical security. The proposed method achieves a time complexity of O(n2) and demonstrates superior performance in resisting state explosion compared with related approaches, thus establishing a more efficient and robust framework for EAP-TLS security analysis. © 2025 by the authors.","EAP-TLS protocol; formal methods; Logic of Events; man-in-the-middle attacks; strong authentication",""
"https://www.scopus.com/pages/publications/85175965526?origin=resultslist","The proceedings contain 422 papers. The topics discussed include: PhyAuth: physical-layer message authentication for ZigBee networks; time for change: how clocks break UWB secure ranging; capstone: a capability-based foundation for trustless secure memory access; examining consumer reviews to understand security and privacy issues in the market of smart home devices; detecting and handling IoT interaction threats in multi-platform multi-control-channel smart homes; lessons lost: incident response in the age of cyber insurance and breach attorneys; a bug’s life: analyzing the lifecycle and mitigation process of content security policy bugs; PatchVerif: discovering faulty patches in robotic vehicles; systematic assessment of fuzzers using mutation analysis; HomeSpy: the invisible sniffer of infrared remote control of smart TVs; PCAT: functionality and data stealing from split learning by pseudo-client attack; a plot is worth a thousand words: model information stealing attacks via scientific plots; detecting multi-step IAM attacks in AWS environments via model checking; and Cipherfix: mitigating ciphertext side-channel attacks in software.","",""
"https://www.scopus.com/pages/publications/85088923035?origin=resultslist","The ubiquity of Internet of Things (IoT) and our growing reliance on IoT apps are leaving us more vulnerable to safety and security threats than ever before. Many of these threats are manifested at the interaction level, where undesired or malicious coordinations between apps and physical devices can lead to intricate safety and security issues. This paper presents IoTCOM, an approach to automatically discover such hidden and unsafe interaction threats in a compositional and scalable fashion. It is backed with auto-mated program analysis and formally rigorous violation detection engines. IoTCOM relies on program analysis to automatically infer the relevant app's behavior. Leveraging a novel strategy to trim the extracted app's behavior prior to translating them to analyzable formal specifications,IoTCOM mitigates the state explosion associated with formal analysis. Our experiments with numerous bundles of real-world IoT apps have corroborated IoTCOM's ability to effectively detect a broad spectrum of interaction threats triggered through cyber and physical channels, many of which were previously unknown, and to significantly outperform the existing techniques in terms of scalability. © 2020 ACM.","Formal Verification; Interaction Threats; IoT Safety","Application programs; Explosions; Software testing; Interaction levels; Internet of Things (IOT); Physical channels; Physical devices; Program analysis; Safety and securities; Scalable analysis; Violation detections; Internet of things"
"https://www.scopus.com/pages/publications/85075612288?origin=resultslist","With the rapid proliferation of IoT devices, we have witnessed increasing security breaches targeting IoT devices. To address this, considerable attention has been drawn to the vulnerability discovery of IoT firmware. However, in contrast to the traditional firmware bugs/vulnerabilities (e.g. memory corruption), the privilege separation model in IoT firmware has not yet been systematically investigated. In this paper, we conducted an in-depth security analysis of the privilege separation model of IoT firmware and identified a previously unknown vulnerability called privilege separation vulnerability. By combining loading information extraction, library function recognition and symbolic execution, we developed Gerbil, a firmware-analysis-specific extension of the Angr framework for analyzing binaries to effectively identify privilege separation vulnerabilities in IoT firmware. So far, we have evaluated Gerbil on 106 real-world IoT firmware images (100 of which are bare-metal and RTOS-based device firmware. Gerbil have successfully detected privilege separation vulnerabilities in 69 of them. We have also verified and exploited the privilege separation vulnerabilities in several popular smart devices including Xiaomi smart gateway, Changdi smart oven and TP-Link smart WiFi plug. Our research demonstrates that an attacker can leverage the privilege separation vulnerability to launch a border spectrum of attacks such as malicious firmware replacement and denial of service. © 2019, Springer Nature Switzerland AG.","Firmware analysis; Internet of Things; Privilege separation","Denial-of-service attack; Firmware; Model checking; Security of data; Security systems; Separation; Denial of Service; Library functions; Memory corruption; Security analysis; Security breaches; Separation model; Symbolic execution; Vulnerability discovery; Internet of things"
"https://www.scopus.com/pages/publications/85112052746?origin=resultslist","The Internet of Things (IoT) paradigm, with its highly distributed and interconnected architecture, is gaining ground in Industry 4.0 and in critical infrastructures like the eHealth sector, the Smart Grid, Intelligent Power Plants and Smart Mobility. In these critical sectors, the preservation of metrological characteristics and their traceability is a strong legal requirement, just like cyber-security, since it offers the ground for liability. Any vulnerability in the system in which the metrological network is embedded can endanger human lives, the environment or entire economies. This paper presents a framework comprised of a methodology and some tools for the governance of the metrological chain. The proposed methodology combines the RAMI 4.0 model, which is a Reference Architecture used in the field of Industrial Internet of Things (IIoT), with the the Reference Model for Information Assurance Security (RMIAS), a framework employed to guarantee information assurance and security, merging them with the well established paradigms to preserve calibration and referability of metrological instruments. Thus, metrological traceability and cyber-security are taken into account straight from design time, providing a conceptual space to achieve security by design and to support the maintenance of the metrological chain over the entire system lifecycle. The framework lends itself to be completely automatized with Model Checking to support automatic detection of non conformity and anomalies at run time. © 2021 IEEE.","FHIR; IHE; IoMT; IoT; Metrological Chain; RAMI 4.0; RMIAS; Software Architectures","Electric power transmission networks; Industry 4.0; Life cycle; Model checking; Network architecture; Network security; Power plants; Smart power grids; Architectural frameworks; Information assurance; Information assurance and securities; Intelligent power plants; Internet of thing (IOT); Metrological characteristics; Metrological traceabilitys; Reference architecture; Industrial internet of things (IIoT)"
"https://www.scopus.com/pages/publications/85055901234?origin=resultslist","Smart TV applications are software applications that have been designed to run on smart TVs which are televisions with integrated Internet features. Nowadays, the smart TVs are going to dominate the television market, and the number of connected TVs is growing exponentially. This growth is accompanied by the increase of consumers and the use of smart TV applications that drive these devices. Due to the increasing demand for smart TV applications especially with the rise of the Internet of Things (IoT) services, it is essential to building an application with a certain level of quality. Despite the analogy between the smart TV and mobile apps, testing smart TV applications is different in many aspects due to the different nature of user interaction and development environment. To develop the field and formulate the concepts of smart TV application testing, this paper aims to provide the essential ingredients, solutions, answers to the most critical questions, and open problems. In addition, we offer initial results and proof of concepts for a creeper algorithm to detect essential views of the applications. This paper serves as an effort to report the key ingredients and challenges of the smart TV application testing systematically to the research community. © Springer Nature Switzerland AG 2019.","Internet of Things (IoT); Model-based testing; Smart tv application testing; Software testing","Internet of things; Model checking; Software testing; Application testing; Critical questions; Development environment; Internet of thing (IOT); Internet of Things (IOT); Model based testing; Research communities; Software applications; Application programs"
"https://www.scopus.com/pages/publications/105031724814?origin=resultslist","Cybersecurity threats are evolving faster than conventional defenses can adapt. To address this growing asymmetry, we propose the Cyber Crime Triangle Framework (CCTF) - a proactive, mathematically grounded approach that unifies criminological theory, partial differential equation (PDE) modeling, AI/ML-driven detection, and game-theoretic optimization. Rooted in Crime Triangle Theory, CCTF formulates the dynamic interplay among attackers, targets, and defenders as a system of coupled PDEs. These equations capture spatiotemporal threat behavior, while embedded AI modules adaptively assess offender motivation, target vulnerability, and defense readiness. A game-theoretic layer models adversarial interactions as a Stackelberg game, enabling the derivation of optimal defense strategies under uncertainty. Formal verification ensures safety, stability, and recoverability of the system. Experimental validation across five major attack scenarios - including APTs, ransomware, insider threats, IoT-based attacks, and supply chain compromises - demonstrates 94.7% detection accuracy, a 2.1% false positive rate, and a 76.8% reduction in potential damage. These results confirm CCTF's capability to anticipate and counter complex cyber threats in real-world environments. © 2025 IEEE.","AI/ML Integration; Crime Triangle Theory; Cybersecurity; Formal Verification; Game-Theoretic Optimization; Partial Differential Equations; Proactive Defense","Artificial intelligence; Computation theory; Crime; Cybersecurity; Damage detection; Game theory; Malware; Network security; Partial differential equations; AI/ML integration; Crime triangle theory; Cyber security; Cyber-crimes; Game-theoretic; Game-theoretic optimization; Optimisations; Partial differential; Proactive defense; Triangle theories; Formal verification"
"https://www.scopus.com/pages/publications/105012288381?origin=resultslist","In the rapidly expanding Internet of Things (IoT) field, it is imperative to guarantee the accuracy and dependability of system behaviours. IoT systems frequently encounter obstacles associated with conflicting rules, which can result in erroneous operations and potential system failures. The fast deployment of IoT systems increases the number of conflicts that arise as a result of different interactions of the service rules among IoT systems. These rules share the same physical environment and are controlled by various entities or organisations. Conflict management has become a significant issue as a result of the extensive implementation of these systems. This paper introduces an innovative way to detect the conflict rules in IoT systems by employing the Event-B formal method. Through the development of formal models of the IoT system and the utilisation of abstract and refinement techniques, any conflicts are methodically detected and addressed. The purpose of this paper is to argue for the utilisation of Event-B formal modelling and verification throughout the first phases of IoT system development in order to find and repair faults as quickly as possible. The suggested model accounts for different kinds of conflicts, including: oppositional conflict, duration conflict, numeric conflict, dependency conflict, shadow conflict, and semantic conflict. The Rodin platform is employed to automate the verification process, guaranteeing that all defined invariants and attributes are maintained during the functioning of the system. In order to demonstrate the efficacy of our suggested model, we provide motivational examples of service rules that involve the use of smart home systems. The model effectively detects potential conflicts that may occur in these types of situations. We exhibit that it is possible to guarantee conflict strategy accuracy by utilising the Rodin platform and ProB, which gives users a degree of assurance regarding the resilience of IoT deployments. © The Author(s), under exclusive licence to Springer Science+Business Media, LLC, part of Springer Nature 2025.","Event-B; Formal verification; IoT; Rules conflict","Abstracting; Automation; Internet of things; Semantics; Conflict detection; Event-B; Fast deployments; Formal service; Operation system; Potential systems; Rule conflict; Service rules; System behaviors; System failures; Formal verification"
"https://www.scopus.com/pages/publications/85189544328?origin=resultslist","Attribute-based memory Updates ([Formula presented]in short) is an interaction mechanism recently introduced for adapting the Event-Condition-Action (ECA) programming paradigm to distributed reactive systems, such as autonomic and smart IoT device ensembles. In this model, an event (e.g., an input from a sensor, or a device state update) can trigger an ECA rule, whose execution can cause the state update of (possibly) many remote devices at once; the latter are selected “on the fly” by means of predicates over their state, without the need of a central coordinating entity. However, the combination of different [Formula presented]systems may yield unexpected interactions, e.g., when a new device is added to an existing secure system, potentially hindering the security of the whole ensemble of devices. This can be critical in the IoT, where smart devices are more and more pervasive in our daily life. In this paper, we consider the problem of ensuring security and safety requirements for [Formula presented]systems (and, in turn, for IoT devices). The first are a form of noninterference, as they correspond to avoid forbidden information flows (e.g., information flows violating confidentiality); while the second are a form of non-interaction, as they correspond to avoid unintended executions (e.g., leading to erroneous/unsafe states). In order to formally model these requirements, we introduce suitable behavioral equivalences for [Formula presented]. These equivalences are generalizations of hiding bisimilarity, i.e., a kind of weak bisimilarity where we can compare systems up to actions at different levels of security. Leveraging these behavioral equivalences, we propose (syntactic) sufficient conditions guaranteeing the requirements and, then, effective algorithms for statically verifying such conditions. © 2024 The Author(s)","Autonomic computing; Bisimulations; Distributed systems; ECA rules; Formal methods; IoT programming; Verification","Behavioral research; Distributed computer systems; Internet of things; Network security; Attribute-based; Autonomic Computing; Behavioral equivalence; Bisimulations; Condition; Distributed systems; Event condition action rules; Information flows; IoT programming; Update formulas; Formal verification"
"https://www.scopus.com/pages/publications/85139833782?origin=resultslist","Trigger-action programming (TAP) is a popular end-user programming framework that can simplify the Internet of Things (IoT) automation with simple trigger-action rules. However, it also introduces new security and safety threats. A lot of advanced techniques have been proposed to address this problem. Rigorously reasoning about the security of a TAP-based IoT system requires a well-defined model and verification method both against rule semantics and physical-world features, e.g., concurrency, rule latency, extended action, tardy attributes, and connection-based rule interactions, which has been missing until now. By analyzing these features, we find 9 new types of rule interaction vulnerabilities and validate them on two commercial IoT platforms. We then present TAPInspector, a novel system to detect these interaction vulnerabilities in concurrent TAP-based IoT systems. It automatically extracts TAP rules from IoT apps, translates them into a hybrid model by model slicing and state compression, and performs semantic analysis and model checking with various safety and liveness properties. Our experiments corroborate that TAPInspector is practical: it identifies 533 violations related to rule interaction from 1108 real-world market IoT apps and is at least 60000 times faster than the baseline without optimization.  © 2005-2012 IEEE.","concurrent model; Internet of Things; liveness property; model checking; rule latency; Trigger-action rule","Computer programming; Human computer interaction; International trade; Internet of things; Model checking; Action rules; Concurrent modeling; Delay; Liveness properties; Models checking; Rule latency; Safety verification; Security; Trigger-action rule; Semantics"
"https://www.scopus.com/pages/publications/85139031576?origin=resultslist","A key cornerstone of Multi-Access Edge Computing (MEC) is an offloading policy utilized to determine whether to execute computation tasks on IoT devices or to offload the tasks to MEC servers for processing. In this work, we propose a Probabilistic Model Checking based offloading policy catering to device user preferences. We model the interactions between the various components of the MEC environment using a Turn-Based Stochastic Multi-Player Game (SMG). We present experiments on practical scenarios on data gathered from a test-bed setup with benchmark applications to show the benefits of an adaptive preference-aware approach over conventional approaches in MEC offloading. © 2022, Springer Nature Switzerland AG.","Multi-Access Edge Computing; Probabilistic Model Checking","Benchmarking; computation offloading; Internet of things; Model checking; Stochastic models; Computation offloading; Computation tasks; Computing environments; Edge computing; Multi-access edge computing; Multiaccess; Probabilistic model checking; Probabilistic model-checking; Stochastics; User's preferences; Stochastic systems"
"https://www.scopus.com/pages/publications/85137972672?origin=resultslist","Cloud Computing plays an essential role in meeting the increasing demand for large data storage and infrastructures in IoT applications. The applications of IoT-Cloud are in an exponential rise in the number of interacting components with different interaction protocols within open and uncertain environments. The main challenge that faces these applications is ensuring their reliability and efficiency. This paper proposes a scalable verification approach for IoT-Cloud applications in uncertainty-characterised settings with timed commitments using three-valued model checking. Timed commitments are powerful artifacts that capture flexible and rich interaction protocols. We use a new logic for reasoning about uncertainty in commitment protocols, model a smart contract-based IoT mortgage system with commitments under uncertain settings, introduce a set of specifications, and implement a verification framework of our model against its specifications using a transformation algorithm and the model checker. Finally, we report and discuss our experimental results.  © 2022 IEEE.","cloud computing; IoT; model checking; three-valued logic; timed commitment logic","Cloud computing; Computer circuits; Digital storage; Internet of things; Many valued logics; Model checking; Cloud systems; Cloud-computing; Data storage; Interaction protocols; IoT; Large data; Models checking; Three-valued logic; Timed commitment logic; Uncertainty; Specifications"
"https://www.scopus.com/pages/publications/85166014635?origin=resultslist","Many modern applications need to run on massively interconnected sets of heterogeneous nodes, ranging from IoT devices to edge nodes up to the Cloud. In this scenario, communication is often implemented using the publish-subscribe paradigm. The Data Distribution Service (DDS) is a popular middleware specification adopting such a paradigm. The DDS is becoming a key enabler for massively distributed real-time applications, with popular frameworks such as ROS 2 and AUTOSAR Adaptive building on it. However, no formal modeling and analysis of the timing properties of DDS has been provided to date. This paper fills this gap by providing an abstract model for DDS systems that can be generalized to any implementation compliant with the specification. A concrete instance of the generic DDS model is provided for the case of eProsima’s FastDDS, which is eventually used to provide a real-time analysis that bounds the data-delivery latency of DDS messages. Finally, this paper reports on an evaluation based on a representative automotive application from the WATERS 2019 challenge by Bosch. © Gerlando Sciangula, Daniel Casini, Alessandro Biondi, Claudio Scordino, and Marco Di Natale.","CPA; DDS; end-to-end latency; real-time systems; response-time analysis","Interactive computer systems; Middleware; Real time systems; CPA; Data delivery; Data distribution services; Edge nodes; End to end latencies; Heterogeneous nodes; Modern applications; Real - Time system; Real-time application; Response-time analysis; Specifications"
"https://www.scopus.com/pages/publications/85213818221?origin=resultslist","The Internet of Things (IoT) is a transformative paradigm facilitating connectivity among everyday objects and devices via the internet, simplifying industrial processes, and enhancing quality of life for individuals, while also fostering the development of innovative applications. However, the creation of an interconnected network of heterogeneous 'things' presents unique adaptation challenges in hardware and software characteristics, notably communication protocols, leading to major interoperability issues. This work addresses these challenges by proposing a solution for seamless integration of two widely adopted protocols, MQTT and CoAP, through the development of an interoperability broker extension. By effectively mapping REST and publish/subscribe mechanisms, this broker extension enables secure and seamless interaction between heterogeneous clients, utilizing a single broker structure and eliminating the need for additional middleware. Comprehensive testing demonstrates comparable performance in latency and memory resource consumption, validating the system as a promising solution to resolve IoT interoperability issues.  © 2024 IEEE.","Broker extension; CoAP; Internet of Things; Interoperability; IoT; MQTT","Application programs; Industrial internet of things (IIoT); Interoperability; Model checking; Software testing; Broker extension; CoAP; Communications protocols; Hardware and software; Hardware characteristics; Industrial processs; Interconnected network; MQTT; Quality of life; Software characteristic; Middleware"
"https://www.scopus.com/pages/publications/85172475068?origin=resultslist","The proceedings contain 36 papers. The special focus in this conference is on International Conference on Computer Safety, Reliability, and Security. The topics include: A Methodology for the Qualification of Operating Systems and Hypervisors for the Deployment in IoT Devices; computer-Aided Generation of Assurance Cases; RACK: A Semantic Model and Triplestore for Curation of Assurance Case Evidence; Patterns for Integrating NIST 800-53 Controls into Security Assurance Cases; analyzing Origins of Safety and Security Interactions Using Feared Events Trees and Multi-level Model; utilising Redundancy to Enhance Security of Safety-Critical Systems; reliability Evaluation of Autonomous Transportation System Architecture Based on Markov Chain; uncertainty Quantification for Semantic Segmentation Models via Evidential Reasoning; research on the Reliability of High-Speed Railway Dispatching and Commanding Personnel with Multi Physiological Signals; constructing Security Cases Based on Formal Verification of Security Requirements in Alloy; research on Brain Load Prediction Based on Machine Learning for High-Speed Railway Dispatching; paired Safety Rule Structure for Human-Machine Cooperation with Feature Update and Evolution; Towards an Effective Generation of Functional Scenarios for AVs to Guide Sampling; rear-End Collision Risk Analysis for Autonomous Driving; improving Road Traffic Safety and Performance–Barriers and Directions Towards Cooperative Automated Vehicles; a Group-Level Learning Approach Using Logistic Regression for Fairer Decisions; conformal Prediction and Uncertainty Wrapper: What Statistical Guarantees Can You Get for Uncertainty Quantification in Machine Learning?; AIMOS: Metamorphic Testing of AI - An Industrial Application; AERoS: Assurance of Emergent Behaviour in Autonomous Robotic Swarms; a Reasonable Driver Standard for Automated Vehicle Safety; Assurance Cases for Timing Properties of Automotive TSN Networks; structuring Research Related to Dynamic Risk Management for Autonomous Systems; Towards Safe Machine Learning Lifecycles with ESG Model Cards.","",""
"https://www.scopus.com/pages/publications/85053636604?origin=resultslist","We propose a security-based modeling language for IoT systems with two important features: (i) vulnerabilities are explicitly represented and (ii) interactions are allowed or denied based on the information stored on the IoT devices. An IoT system is transformed in BIP, a component-based modeling language, in which can execute the system and perform security analysis. As proof-of-concept for our approach we model an attack on the Amazon Smart-Key system. © 2018, Springer Nature Switzerland AG.","Component-based specifications; IoT systems; Security","Formal methods; Internet of things; Security systems; Component based; Component-based modeling; Important features; Iot devices; Proof of concept; Security; Security analysis; Security threats; Modeling languages"
"https://www.scopus.com/pages/publications/85172014100?origin=resultslist","Internet of Things (IoT) is a finite set of interconnected devices that can cooperate and interact with each other through the Internet. As the number of IoT devices have increased, the number of services increased as well, further complicating the process of service composition. In this paper, an Event-B formal model is presented to verify the correctness of the IoT service composition (IoTSC) system. In addition, the proposed model satisfies some functional and non-functional properties such as compatibility and availability to fulfil the requirements of the IoTSC. Our model is developed incrementally from abstract level to target level by using the refinement mechanism. A Fire Alarm Detection System is used as a case study for our model. Finally, we use proof obligations and the Rodin platform to validate and proof the correctness of the proposed formal model. © 2023 IEEE.","Event B; Internet of Things; IoT Service; IoTSC","Alarm systems; Quality of service; Web services; Abstract levels; Composition systems; Event-B; Finite set; Formal modeling; Internet of thing service; IoT service composition; Non functional properties; Number of services; Services composition; Internet of things"
"https://www.scopus.com/pages/publications/85096991175?origin=resultslist","The rising popularity of the Internet-of-Things (IoT) devices has driven their increasing adoption in various settings, such as modern homes. IoT systems integrate such physical devices with third-party apps, which can coordinate in arbitrary ways. However, malicious or undesired coordination can lead to serious vulnerabilities. This paper explores two different ways, i.e., a commonly-used state-based approach and a holistic, rule-based approach, to formally model app coordination and the safety and security thereof in the context of IoT platforms. The less common rule-base approach allows for a smaller, more scalable model. We realize both modeling approaches using bounded model checking with Alloy to automatically identify potential cases where apps exhibit coordination relationships. We evaluate the effectiveness of the modeling approaches by checking a corpus of real-world IoT apps of Samsung SmartThings and IFTTT. The experimental results demonstrate that our rule-based modeling leads to a more scalable analysis.  © 2020 ACM.","Coordination Threats; Formal Verification; IoT Safety","Model checking; Network security; Bounded model checking; Coordination analysis; Internet of thing (IOT); Rule-based approach; Rule-based models; Safety and securities; Scalable analysis; State based approaches; Internet of things"
"https://www.scopus.com/pages/publications/85090825823?origin=resultslist","Context modeling is often used to relate the context in which a system will operate to the entities of interest in the problem domain. It remains the case that context models are inadequate in emerging computing paradigms (e.g., smart spaces and the Internet of Things), in which the relevance of context is shaped dynamically by the changing needs of users. Formal models are required to fuse and interpret contextual information obtained from the heterogeneous sources. In this paper, we propose an integrated and formal context modeling approach for intelligent systems operating in the context-sensitive environments. We introduce a goal-driven, entity-centered identification method for determining which context elements are influential in adapting the system behavior. We then describe a four-layered framework for metamodeling the identification and management of context. First, the framework presents a formal metamodel of context. A formalization of context using the first-order logic with relational operators is then presented to specify formally the context information at different abstraction levels. The metamodel, therefore, prepares the ground for building a formal modeling language and automated support tool (https://github.com/metamodeler/CIM-CSS/). The proposed model is then evaluated using an application scenario in the smart meeting rooms domain, and the results are analyzed qualitatively. © 2013 IEEE.","complexity theory; computational modeling; context aware systems; Context modeling; data models; object recognition; unified modeling language","Formal logic; HTTP; Intelligent systems; Application scenario; Context identification; Contextual information; Emerging computing paradigm; Formal modeling language; Formalization of context; Heterogeneous sources; Identification method; Modeling languages"
"https://www.scopus.com/pages/publications/84958656807?origin=resultslist","Under the framework of Eclipse modeling, to solve the problem of difficulties in managing and maintaining panoramic information model, we proposed a method for semantic parsing and dynamic loading the object of panoramic information model based on simple API for extensive markup language, and proposed the storage and conversion method according to the real physical model in the database. Moreover, we designed and realized the automatic conversion between panoramic information model and object-oriented model, and completed the conversion between common information model file and database table. The study shows that, in operation, this method can verify the panoramic information model's standardization and integrity. This method can improve the automation level and increase the efficiency for panoramic information model's management and maintenance efficiency in system development, data access and platform maintenance. Taking the platform based on transmission and transformation equipment and panoramic information model as an application, the feasibility of the proposed method is verified. © 2015, High Voltage Engineering Editorial Department of CEPI. All right reserved.","IEC 61970; Internet of things; Model automation; Model checking; Panoramic information model; Simple API for extensive markup language; Transmission and transformation equipment","Computational linguistics; Data communication equipment; Digital storage; Dynamic loads; Efficiency; Equipment; Information management; Information theory; Internet of things; Markup languages; Metadata; Modeling languages; Object-oriented databases; Semantics; Automatic conversion; Common information model; IEC 61970; Intelligent management; Maintenance efficiency; Modeling automation; Object oriented model; Panoramic informations; Model checking"
"https://www.scopus.com/pages/publications/85127434913?origin=resultslist","Internet of Things (IoT) is a multiple heterogeneous network, and its perception layer is often faced with various security threats. As the bridge between the perception layer and the network layer, the IoT gateway should have the security management function to prevent the security issue from spreading to the upper layer. According to the current security deficiencies in IoT gateway, a universal IoT gateway security system was proposed based on the IoT gateway middleware technology. Various security protocols or algorithms are embedded in IoT gateway security system, and the modeling and analysis can help the design and implementation of IoT gateway. The formal modeling and verification of the IoT gateway security system was performed by timed automata. The results show that the IoT gateway security system satisfies the security properties of confidentiality, availability, authenticity, robustness, integrity and freshness. © 2022, The Author(s), under exclusive licence to Springer-Verlag GmbH Germany, part of Springer Nature.","IoT gateway; Middleware; Model checking; Security system; Timed automata","Automata theory; Gateways (computer networks); Heterogeneous networks; Middleware; Model checking; Network layers; Network security; Security systems; 'current; Internet of thing gateway; Management functions; Models checking; Security issues; Security management; Security threats; Time automata; Timed Automata; Upper layer; Internet of things"
"https://www.scopus.com/pages/publications/85063505653?origin=resultslist","Internet of Things is usually characterized by complex temporal and spatial interactions. The complexity is characterized by mobility, device diversity, heterogeneity of platforms and system architectures. There is exponential increase in the number of devices and applications in the Internet of things. This growth and perceived economic gains offers motivation to malware authors. Lack of formal models and specifications for Internet of things malware makes it hard to study the interactions and underlying behavior. In this paper, we present formal specification based on ambient calculus that characterizes the salient features of Internet of things environments. © 2018 IEEE.","Ambient calculus; Internet of Things; Malware behavior; Malware specification","Calculations; Complex networks; Formal specification; Internet of things; Ambient Calculus; Device diversities; Exponential increase; Malware behaviors; Malware specification; Malwares; Platform architecture; Spatial interaction; Systems architecture; Temporal and spatial; Malware"
"https://www.scopus.com/pages/publications/85181893490?origin=resultslist","Security protocols are the basis of modern network communication, proving that the security problem of protocols is one of the hot research topics today. The data in industrial IoT are usually transmitted through insecure channels, which brings certain security risks. The Logic of Events is a formal method for proving the security properties of protocols based on event systems. The new theoretical extension is based on the Logic of Events theory, which proposes new event classes Compurte, TimeGap, Construct, and Reconstruct and an axiom AxiomRe and related inference rules for malicious attacks and security privacy issues in emerging protocols, as well as extending the matching descriptions of protocol behaviours in complex cryptographic algorithms and information sharing techniques for applications for the formal analysis of authentication protocols for the Industrial Internet of Things. Finally, formal analysis is carried out using the example of a secure multi-factor authentication protocol for the industrial IoT, which proves the security of the protocol. © 2023 by the authors.","formal methods; industrial internet of things; key negotiation; logic of events",""
"https://www.scopus.com/pages/publications/105023138692?origin=resultslist","Internet of Things (IoT) has revolutionized sectors such as transportation through enabling smart, interdependent systems that propel operational efficiency, safety, and user experience. Integrating IoT devices, however, into complex systems, for instance, rail networks, exposes such systems to conflict, which negatively impacts performance, safety, and reliability. This paper explores the conflict detection and resolution for IoT-based railway systems using Petri nets, a formal modeling methodology famous for its ability to model and analyze dynamic systems. The current research delves into the inherent challenges of IoT-based railway systems, such as sensor data conflict, network congestion, and interoperability issues between systems. The current work then builds a framework in terms of Petri nets to define the system's components, interaction, and areas of conflict. By modeling the system processes, data flows, and dependencies with Petri nets, the paper identifies conflict scenarios and proposes resolution mechanisms to prevent risks. The key contribution of this paper is the application of Petri net to detect conflicts in real-time by analyzing the operational flow of the system. The paper also proposes a conflict resolution mechanism based on feedback loops and synchronization mechanisms in the Petri net model. By simulation, the research demonstrates that the envisioned framework improves the robustness and reliability of IoT-enabling railway systems while keeping up with effective operations despite the complexities of connecting diverse IoT devices. The paper contributes valuable inputs toward designing resilient IoT-enabled railway systems and establishes grounds for future study in conflict detection and resolution in complex dynamic systems. © 2025 Elsevier Ltd.","Conflict detection and resolution; IoT-enabled railway systems; P-Invariant analysis; Petri nets; Railway Track allocation","Complex networks; Dynamics; Internet of things; Interoperability; Large scale systems; Railroad tracks; Railroad transportation; Railroads; Rails; 'current; Conflict detection and resolution; Interdependent systems; Internet of thing-enabled railway system; P-invariant analyze; P-invariants; Railway system; Railway track; Railway track allocation; Track allocation; Petri nets"
"https://www.scopus.com/pages/publications/85085032862?origin=resultslist","The exponential growth of Internet-of-Things (IoT) devices not only brings convenience but also poses numerous challenging safety and security issues. IoT devices are distributed, highly heterogeneous, and more importantly, directly interact with the physical environment. In IoT systems, the bugs in device firmware, the defects in network protocols, and the design flaws in system configurations all may lead to catastrophic accidents, causing severe threats to people's lives and properties. The challenge gets even more escalated as the possible attacks may be chained together in a long sequence across multiple layers, rendering the current vulnerability analysis inapplicable. In this paper, we present ForeSee, a cross-layer formal framework to comprehensively unveil the vulnerabilities in IoT systems. ForeSee generates a novel attack graph that depicts all of the essential components in IoT, from low-level physical surroundings to high-level decision-making processes. The corresponding graph-based analysis then enables ForeSee to precisely capture potential attack paths. An optimization algorithm is further introduced to reduce the computational complexity of our analysis. The illustrative case studies show that our multilayer modeling can capture threats ignored by the previous approaches. © 2019 IEEE.","Attack graph; Cyber security; Internet of Things (IoT); Intrusion detection; IoT privacy; IoT security; Model checking; Multiple layer; Vulnerability detection","Behavioral research; Decision making; Firmware; Graphic methods; Network protocols; Program debugging; Catastrophic accidents; Current vulnerabilities; Decision making process; In-system configurations; Internet of Things (IOT); Optimization algorithms; Physical environments; Vulnerability detection; Internet of things"
"https://www.scopus.com/pages/publications/85058553912?origin=resultslist","The proceedings contain 49 papers. The special focus in this conference is on Software Technologies: Applications and Foundations. The topics include: Generating synthetic data for real world detection of DoS attacks in the IoT; Annotated BPMN models for optimised healthcare resource planning; using formal methods to validate research hypotheses: The Duolingo case study; personality gaze patterns unveiled via automatic relevance determination; formalMiner: A formal framework for refinement mining; Exploring applications of formal methods in the INSPEX project; towards a cognitive architecture for the formal analysis of human behaviour and learning; towards handling latency in interactive software; refinement based formal development of human-machine interface; A flexible framework for FMI-based co-simulation of human-centred cyber-physical systems; using abstraction with interaction sequences for interactive system modelling; formal modelling as a component of user centred design; coordination of complex socio-technical systems: Challenges and opportunities; reo coordination model for simulation of quantum internet software; Computing the parallelism degree of timed BPMN processes; reoLive: Analysing connectors in your browser; multi-agent systems with virtual stigmergy; towards a hybrid verification approach; using reinforcement learning to handle the runtime uncertainties in self-adaptive software; model based development of data integration in graph databases using triple graph grammars; Towards stochastic FMI co-simulations: Implementation of an FMU for a stochastic activity networks simulator; short-cut rules: Sequential composition of rules avoiding unnecessary deletions; graph repair by graph programs; double-pushout rewriting in context; from hyperedge replacement grammars to decidable hyperedge replacement games; Verifying a copying garbage collector in GP 2; Demo: Stabilization technique in INTO-CPS.","",""
"https://www.scopus.com/pages/publications/85034216458?origin=resultslist","Mobile personal devices, such as smartphones, USB thumb drives, and sensors, are becoming essential elements of our modern lives. Their large-scale pervasive deployment within the population has already attracted many malware authors, cybercriminals, and even governments. Since the first demonstration of mobile malware by Marcos Velasco, millions of these have been developed with very sophisticated capabilities. They infiltrate highly secure networks using air-gap jumping capability (e.g., 'Hammer Drill' and 'Brutal Kangaroo') and spread through heterogeneous computing and communication platforms. Some of these cross-platform malware attacks are capable of infiltrating isolated control systems which might be running a variety of operating systems, such as Windows, Mac OS X, Solaris, and Linux. This paper investigates cross-platform/heterogeneous mobile malware that uses removable media, such as USB connection, to spread between incompatible computing platforms and operating systems. Deep analysis and modeling of cross-platform mobile malware are conducted at the micro (infection) and macro (spread) levels. The micro-level analysis aims to understand the cross-platform malware states and transitions between these states during node-to-node infection. The micro-level analysis helps derive the parameters essential for macro-level analysis, which are also crucial for the elaboration of suitable detection and prevention solutions. The macro-level analysis aims to identify the most important factors affecting cross-platform mobile malware spread within a digitized population. Through simulation, we show that identifying these factors helps to mitigate any outbreaks. © 2013 IEEE.","coloured Petri nets (CPN) modelling; epidemic model; industrial control systems; Internet of Things (IoT); mobile; mobile malware; Smartphone","Cellular telephone systems; Computer crime; Computer operating systems; Computer viruses; Control systems; Disease control; Formal methods; Internet of things; mHealth; Mobile telecommunication systems; Petri nets; Smartphones; Standards; System buses; Viruses; Coloured Petri Nets; Computational model; Epidemic modeling; Industrial control systems; Internet of Things (IOT); mobile; Mobile communications; Mobile malware; Payloads; Universal serial bus; Malware"
"https://www.scopus.com/pages/publications/105033881455?origin=resultslist","The rapid convergence of the Internet of Things (IoT) and decentralized finance (DeFi) is reshaping the digital economy by enabling autonomous, trustless, and value-driven interactions among connected devices. This paper provides a comprehensive survey of the emerging paradigm that combines IoT’s pervasive sensing and communication capabilities with DeFi’s programmable financial infrastructure. We first discuss the motivation behind this convergence and explore key opportunities, including autonomous machine-to-machine (M2M) payments, decentralized data marketplaces, and trustless IoT service provisioning. Despite its potential, IoT–DeFi integration introduces significant security and privacy challenges related to smart contract vulnerabilities, consensus protocol risks, oracle manipulation, and constrained device capabilities. We review existing mitigation approaches such as lightweight cryptography, secure contract design, and decentralized identity management, and critically assess their limitations in heterogeneous, resource-limited environments. Building on this analysis, identify research gaps and propose future directions emphasizing formal verification of IoT-integrated smart contracts, robust oracle design, interoperability frameworks, and privacy-preserving trust models. This survey systematically maps opportunities, threats, and open issues. In doing so, it guides researchers and practitioners toward building secure, scalable, and energy-efficient IoT–DeFi ecosystems for next-generation decentralized applications. © 2026 by the authors.","blockchain security; decentralized applications (DApps); decentralized finance (DeFi); Internet of Things (IoT); IoT security; oracles; smart contracts","Cryptography; Decentralized finance; Finance; Interoperability; Network security; Privacy by design; Smart contract; Block-chain; Blockchain security; Decentralised; Decentralized application; Decentralized finance; Internet of thing; Internet of thing security; Oracle; Security futures; article; blockchain; consensus; cryptography; economic aspect; finance; human; infrastructure; internet of things; mitigation; physician; privacy; research gap; resource limited setting; security; vulnerability; Internet of things"
"https://www.scopus.com/pages/publications/85171555191?origin=resultslist","Cloud-assisted Internet of Things (IoT) has become an increasingly popular paradigm to greatly improve the performance of IoT applications by delegating the cloud to manage the massive IoT data. How to achieve secure and real-time traceable data sharing (STDS) is crucial in this paradigm, especially, a large amount of sensitive data produced by IoT devices needs to be stored or accessed to/from the clouds. This article proposes an STDS scheme, which leverages the acrlong DIFC model to allow data owners to not only securely and efficiently share their data produced by IoT devices with data users but also have the capability of tracking the data users' identity with nonrepudiation based on the hash chain technique. Subsequently, the acrlong HLPN, acrlong SMT-Lib, and Z3 solver are used to formally analyze and verify STDS based on acrlong BMC technique to prove the correctness and security STDS. The formal analysis results show that STDS fulfills its intended security goals. Finally, the performance evaluation results have demonstrated the efficiency of STDS.  © 2014 IEEE.","Bounded model checking (BMC); data sharing; decentralized information flow control (DIFC); formal verification; high-level Petri net (HLPN); identity traceability; Internet of Things (IoT)","Flow control; Information dissemination; Internet of things; Model checking; Petri nets; Sensitive data; Bounded model checking; Cloud-computing; Data Sharing; Data users; Decentralized information flow control; High-level Petri nets; Identity traceability; Information sharing; Real- time; Security; Formal verification"
"https://www.scopus.com/pages/publications/84908164994?origin=resultslist","The communication model of Internet of Things (IOT) application has some shortcomings in user privacy protection and information security. To solve these shortcomings, we define the formal models of certificateless online/offline signcryption and propose a concrete certificateless online/offline signcryption scheme for IOT environment. Compared with the existing identity-based online/offline signcryption schemes that do not require the plaintext and the receiver's identity in the offline phase, our scheme has the great advantage of the offline computation cost, offline storage, ciphertext length, and receiver computation cost. Moreover, our scheme achieves known session-specific temporary information security, public verifiability with confidentiality and no key escrow problem. © 2013 John Wiley & Sons, Ltd.","Certificateless; Communication model; Internet of Things; Online/offline signcryption; Public verifiability","Cryptography; Data privacy; Information theory; Certificateless; Communication modeling; Internet of Things (IOT); Off-line computation; Public verifiability; Security communication; Signcryption; Signcryption schemes; Internet of things"
"https://www.scopus.com/pages/publications/85041715299?origin=resultslist","With the expansion of the Internet, Internet of Things (IoT) gains lots of interest from industries and academia. IoT applications enable human-to-device and device-to-device interactions. For a successful deployment of IoT systems and services, software reliability is a very important requirement for IoT to ensure that data/messages have been received and performed properly in a timely manner. The concurrent connections of embedded sensors and actuators are non-deterministic in nature which makes testing insufficient to guarantee program correctness. In contrast, model checking techniques explore the entire behavior of a system under test (SUT) in brute-force and systematic manner. It investigates each reachable state for different thread schedules. Recent model checking techniques have been applied directly to networked programs. This paper reviews model checking techniques for networked applications and presents their strengths and limitations. A preliminary proposal for model checking of networked applications that addresses the identified gap is presented.","Ache-Based Approach; Internet of Things Applications; Network Model Checking; Software Reliability",""
"https://www.scopus.com/pages/publications/85124732235?origin=resultslist","The Internet of Things (IoT) connects a wide range of entities and can be applied to various types of environments. In addition, IoT environments can be dynamically changed at runtime; thus, IoT systems can be deployed in various environments. To support stable operation, IoT systems must adapt to dynamic environmental changes. The self-adaptive software aims to adjust various artifacts or attributes of software to adapt the detected context by itself, and various studies have applied self-adaptive methods in IoT-related research. In this study, we proposed a self-adaptive software framework with master-slave architecture-based finite-state machine modeling. In addition, model checking is applied, which is a formal method to verify IoT systems at runtime, and a cache-based mechanism is applied to reduce the computational time required for verification. To demonstrate the efficiency of the proposed framework, an empirical evaluation was performed with several model-checking tools (RINGA, NuSMV, nuXmv, and CadenceSMV), and the results showed the efficiency of the proposed framework with the cache-based mechanism. In addition, an example application was investigated with smart greenhouse scenarios, and the application was implemented on Android and Arduino. The application was operated in physical environments, and the results showed the practical usability of the proposed framework with verification at runtime.  © 2022 IEEE.","Finite-state machine; Internet of Things (IoT); model checking; self-adaptive software","Computer programming; Efficiency; Formal verification; Internet of things; Adaptation models; Automaton; Computational modelling; Finite states machine; Finite-state machine.; Models checking; Runtimes; Self-adaptive software; Software; Model checking"
"https://www.scopus.com/pages/publications/85118956309?origin=resultslist","Blockchain-based smart contracts provide transparent automation in a broad range of services, including finance, the Internet of Things, and autonomous systems. However, the implementation of such services may easily involve security risks and functional errors, especially for complex services composed of different blockchains. To help developers focus on their business model instead of diving into the blockchain architecture heterogeneity, we propose a framework to enable analysis and comparison of composed services before deployment. This is achieved through the intensive use of model-based engineering allowing reasoning on the model before generating concrete deployment artifacts, especially for the safe orchestration of contract calling transactions. © 2021 IEEE.","formal verification; model-driven engineering; multichain; smart contract","Blockchain; Formal verification; Block-chain; Business models; Complex services; Functional errors; Model driven approach; Model-based engineering; Model-driven Engineering; Multichain; Security risks; Smart contract"
"https://www.scopus.com/pages/publications/85123629770?origin=resultslist","IoT systems are revolutionizing our life by providing ubiquitous computing, inter-connectivity, and automated control. However, the increasing system complexity poses huge challenges for security as IoT devices are distributed, highly heterogeneous, and can directly interact with the physical environment. In IoT systems, bugs in device firmware, defects in network protocols, and design flaws in automation rules can lead to system breach or failure. The challenge gets even more escalated as the possible attacks may be chained together in a long sequence across multiple layers, rendering the existing vulnerability analysis frameworks inapplicable. In this paper, we present FORESEE, a model checking-based framework to comprehensively evaluate IoT system security. It builds a multi-layer IoT hypothesis graph by simultaneously modeling all of the essential components in IoT systems, including the physical environment, devices, communication protocols, and applications. The model checker can then analyze the generated hypothesis graph to validate system security properties or generate attack paths if there are any violations. An optimization algorithm is further introduced to reduce the computational complexity of our analysis. Our framework verifies hypothesis graphs with millions of nodes in less than 100 seconds. The illustrative case studies show that our framework can detect more potential threats than the existing approaches. © 2021 The Authors","Hypothesis graph; IoT; Model checking; Security and privacy",""
"https://www.scopus.com/pages/publications/85032496873?origin=resultslist","Radio Frequency Identification (RFID) technique, as the core of Internet of Things, is facing security threats. It is critical to protect information security in RFID system. Ultralightweigh authentication protocols are an important class of RFID lightweight authentication protocols. RAPP is a recently proposed ultralightweight authentication protocol, which is different from any other existing protocols due to the use of permutation. Formal methods are vital for ensuring the security and reliability of software systems, especially safety-critical systems. A protocol abstract modeling method is presented to build abstract interaction model of RAPP which can be formalized by extracting interaction features. Due to the complexity of fundamental cryptograph operations in RAPP, the proposed method overcomes the limitation which is inconvenient to discuss security of RAPP directly with formal method. Using SPIN, authenticity and consistency of RAPP properties is verified. Analysis and verification result shows that RAPP is vulnerable against desynchronization attack. The proposed modeling method above has great significance in formal analysis of similar ultralightweight authentication protocols of RFID. © 2017, Springer Nature Singapore Pte Ltd.","Desynchronization attack; Model checking; Protocol abstract modeling; RAPP; RFID authentication protocol","Authentication; Computer crime; Formal verification; Model checking; Radio frequency identification (RFID); Safety engineering; Security of data; Security systems; Software reliability; Abstract modeling; Analysis and verifications; Authentication protocols; De-synchronization attacks; Lightweight authentication protocols; RAPP; Rfid authentication protocols; Security and reliabilities; Formal methods"
"https://www.scopus.com/pages/publications/85161828270?origin=resultslist","Appearing as the next generation of the grid system, smart grid has extended to an intelligent system that features numerous equipment access and massive data exchange. This inevitably incurs rampant cyber and physical attacks, and authentication is an optimal solution. However, most authentication protocols recently are vulnerable to physical attacks, and are not suitable for the end-edge-cloud architecture of smart grid. In this paper, we propose a batch Authentication and Key Agreement (AKA) protocol with a binding scheme for hierarchical smart grid. The intrinsic Physically Unclonable Function (PUF) is employed to guard both meters and gateways deployed in an open environment. Mutual end-to-end AKA is established between meters and the server, which provides integrated security for both wired bus and wireless Narrow-band Internet of Things (NB-IoT). The intermediate gateways are endowed with batch authentication and access control. To prove the security, Tamarin is employed to give a formal verification under the extended Dolev-Yao (DY) model and honest-but-curious gateway. By using lightweight primitives, our protocol is deployed on resource-constrained MSP430FR5969. Performance in terms of communication, signaling, and storage overhead is also analyzed to demonstrate the superiority to others.  © 2023 IEEE.","Batch authentication; end-edge-cloud; physically unclonable function (PUF); smart grid","Authentication; Cybersecurity; Digital storage; Electronic data interchange; Gateways (computer networks); Intelligent systems; Internet of things; Network architecture; Authentication protocols; Batch authentications; Edge clouds; End-edge-cloud; Hierarchical network; Narrow bands; Physical attacks; Physically unclonable function; Physically unclonable functions; Smart grid; Smart power grids"
"https://www.scopus.com/pages/publications/105040095082?origin=resultslist","The rapid proliferation of Internet of Things (IoT) devices in cloud-based e-learning platforms has posed significant security risks, particularly in protecting learner information, authentication of devices, and safe communication in the highly heterogeneous learning settings. Current cryptographic solutions are largely based on classical public-key infrastructure (PKI) protocols such as RSA and ECC, which will become vulnerable with the advent of large-scale quantum computers capable of executing Shor’s algorithm. In addition, traditional perimeter-based security models are inadequate for handling the dynamics, scattered, and resource-limited characteristics of IoT-enabled educational systems. As a solution to these problems, this paper introduces ZeroTrustEdu, a scalable zero-trust cryptographic solution that combines lightweight post-quantum key management with adaptive trust scoring of cloud-connected IoT e-learning infrastructure. The proposed framework makes three fundamental contributions namely: (1) a hierarchical zero-trust security model with no implicit trust, operating across device, edge, and cloud layers; (2) a lightweight key distribution protocol based on the Module-Lattice Key Encapsulation Mechanism (ML-KEM) compliant with NIST FIPS 203 standards and (3) an adaptive behavioral trust scoring engine that dynamically adjusts device and user trust levels based on real-time interaction analytics. The architecture is evaluated using extensive NS-3 network simulations with up to 100,000 concurrent IoT nodes with formal security analysis under Chosen Plaintext Attack (CPA) and Chosen Ciphertext Attack (CCA) threat models. Comparative evaluation against RSA-2048, ECC-P256, and AES-256 baselines demonstrates that, ZeroTrustEdu delivers a 62% ± 3% (95% CI, 10 independent runs) reduction in ML-KEM encapsulation latency (12.8 ms for key encapsulation/decapsulation, contributing to a complete device authentication latency of 47.3 ms including ML-DSA signature operations), 45% reduced communication overheads, and 38% reduction in energy consumption on ARM Cortex-M4 constrained devices compared to RSA-2048 and achieves provable post-quantum security reducible to the hardness of the Module Learning With Errors (MLWE) problem. These findings demonstrate that the proposed architecture provides a viable, scalable, and quantum-resilient security solution for next-generation IoT-enabled e-learning environments. The cryptographic security of ZeroTrustEdu is guaranteed at the primitive level through NIST-standardized ML-KEM (FIPS 203) and ML-DSA (FIPS 204), with IND-CCA2 and EUF-CMA security formally proven in the respective standards; full protocol-level formal verification using automated theorem provers (ProVerif, Tamarin) is identified as valuable future work to rule out protocol-composition vulnerabilities beyond primitive-level guarantees. © 2026 by the author.","cloud-IoT security; e-learning platforms; lightweight cryptography; Module-Lattice Key Encapsulation Mechanism (ML-KEM); post-quantum cryptography; zero-trust architecture","Authentication; Behavioral research; Ciphertext; Computer aided instruction; Computer architecture; Data encapsulation; Distributed computer systems; E-learning; Internet protocols; Learning systems; Network security; Public key cryptography; Qubits; Security systems; Trusted computing; Adaptive trust; Cloud-internet of thing security; CryptoGraphics; E-learning platforms; Key encapsulation mechanisms; Light-weight cryptography; Module-lattice key encapsulation mechanism; Post quantum cryptography; Security modeling; Zero-trust architecture; Quantum cryptography"
"https://www.scopus.com/pages/publications/85060399835?origin=resultslist","Today’s IoT systems include event-driven smart applications (apps) that interact with sensors and actuators. A problem specific to IoT systems is that buggy apps, unforeseen bad app interactions, or device/communication failures, can cause unsafe and dangerous physical states. Detecting flaws that lead to such states, requires a holistic view of installed apps, component devices, their configurations, and more importantly, how they interact. In this paper, we design IotSan, a novel practical system that uses model checking as a building block to reveal “interaction-level” flaws by identifying events that can lead the system to unsafe states. In building IotSan, we design novel techniques tailored to IoT systems, to alleviate the state explosion associated with model checking. IotSan also automatically translates IoT apps into a format amenable to model checking. Finally, to understand the root cause of a detected vulnerability, we design an attribution mechanism to identify problematic and potentially malicious apps. We evaluate IotSan on the Samsung SmartThings platform. From 76 manually configured systems, IotSan detects 147 vulnerabilities. We also evaluate IotSan with malicious SmartThings apps from a previous effort. IotSan detects the potential safety violations and also effectively attributes these apps as malicious. © 2018 Association for Computing Machinery.","","Architectural design; Explosions; Model checking; Building blockes; Interaction levels; Novel techniques; Practical systems; Safety violations; Sensors and actuators; Smart applications; State explosion; Internet of things"
"https://www.scopus.com/pages/publications/105020913646?origin=resultslist","The Internet of Things (IoT) comprises a wide range of interconnected devices capable of autonomous communication. As these devices exchange sensitive information, ensuring secure communication becomes critical. This paper addresses the challenge of securing peer-to-peer communication in IoT environments, particularly in scenarios involving social meeting arrangements. We propose a dedicated security protocol supporting device-to-device interactions for coordinating real-world meetings based on users’ proximity preferences. The protocol includes an initialisation phase, session key establishment, and a secure communication phase. Additionally, we present a supporting theoretical framework involving user applications, a semi-trusted server, and an algorithm for optimal meeting point selection. To validate the protocol's effectiveness, we conduct a comprehensive evaluation using formal methods (BAN logic), informal reasoning, and automated verification tools. The results confirm that our protocol ensures key security properties, including mutual authentication, anonymity, revocation support, and resilience against common cyberattacks such as impersonation, replay, and man-in-the-middle attacks. To our knowledge, this is the first verified D2D protocol designed for real-time, privacy-aware social meeting coordination without relying on centralised infrastructure. © 2025 The Author(s)","Data exchange; Meetings security; Pervasive computing; Security protocols; Social networks","Authentication; Cryptography; Distributed computer systems; Formal verification; Internet protocols; Network security; Secure communication; Social sciences computing; Trusted computing; Ubiquitous computing; Autonomous communications; Communication phasis; Key establishments; Meeting security; Peer-to-peer communications; Real-world; Security protocols; Sensitive informations; Session key; Social network; Electronic data interchange; Social networking (online)"
"https://www.scopus.com/pages/publications/85134879108?origin=resultslist","Internet of Things (IoT) systems are recently being employed in various types of critical infrastructure, including integrated rescue systems, healthcare, defence, energy and other fields. Recently, the security and safety of IoT systems, in general, has been questioned by a number of studies. Raised concerns do not relate to the IoT technology in principle but to poor engineering practices that are mostly preventable. In critical infrastructure, demand for safety and security is strongly present and justifies a discussion about the general resilience of IoT systems. In this context, resilience includes system resistance to cyberattacks and its stability to operating conditions and system reliability and safety in terms of present flaws. In this paper, we discuss relevant factors impacting the resilience of IoT systems in the critical infrastructure and suggest possible countermeasures and actions mitigate the potential effects of these factors. Contrary to the previous work, an unique critical system Model-based Testing viewpoint is taken in this analysis.  © 2022 IEEE.","critical infrastructure; critical systems; Internet of Things; interoperability; quality; reliability; resilience; safety; security; testing","Accident prevention; Internet of things; Interoperability; Model checking; Public works; Reliability; Safety testing; Critical systems; Defense energy; Engineering practices; Internet of things technologies; Quality; Rescue systems; Resilience; Safety and securities; Security; System resistance; Critical infrastructures"
"https://www.scopus.com/pages/publications/105025655958?origin=resultslist","With the proliferation of the Internet of Things (IoT) devices, vast amounts of sensitive data are frequently exchanged across networks, making identity authentication crucial to secure communication. However, existing authentication schemes generally suffer from complex certificate management, difficult key custody, vulnerability to various attacks, and high overhead, making them unsuitable for resource-constrained IoT devices. Despite blockchain technology showing promise in decentralized authentication, consensus mechanisms’ high computational and latency costs hinder their application in cross-domain environments. To address these challenges, this article proposes a lightweight cross-domain authentication and key agreement protocol, termed LCH-AKA, designed for heterogeneous IoT systems. LCH-AKA integrates physical unclonable function (PUF), blockchain, and edge computing technologies to construct a decentralized and tamper-resistant authentication framework. The proposed scheme eliminates the need for traditional certificates and centralized key management, while enabling efficient device-to-device and device-to-server mutual authentication. Formal verification and experimental evaluation demonstrate that LCH-AKA achieves strong security, scalability, and low resource consumption. Compared with existing approaches, it provides lower computational and communication overhead, reduced latency, and improved energy efficiency, making it suitable for large-scale deployment in heterogeneous IoT networks. © 2025 IEEE. All rights reserved.","Blockchain; cross-domain authentication; edge computing; Internet of Things (IoT) security; key agreement; lightweight protocol; physical unclonable function (PUF)","Authentication; Authentication Protocol; Computational efficiency; Edge computing; Energy efficiency; Formal verification; Green computing; Heterogeneous networks; Internet of things; Internet protocols; Mobile telecommunication systems; Network security; Authentication and key agreements; Block-chain; Cross-domain; Cross-domain authentication; Decentralised; Edge computing; Identity authentication; Internet of thing security; Key agreement; Lightweight protocols; Blockchain"
"https://www.scopus.com/pages/publications/84928124469?origin=resultslist","The evolution of communication protocols, sensory hardware, mobile and pervasive devices, alongside social and cyber-physical networks, has made the Internet of things (IoT) an interesting concept with inherent complexities as it is realised. Such complexities range from addressing mechanisms to information management and from communication protocols to presentation and interaction within the IoT. Although existing Internet and communication models can be extended to provide the basis for realising IoT, they may not be sufficiently capable to handle the new paradigms that IoT introduces, such as social communities, smart spaces, privacy and personalisation of devices and information, modelling and reasoning. With interaction models in IoT moving from the orthodox service consumption model, towards an interactive conversational model, nature-inspired computational models appear to be candidate representations. Specifically, this research contests that the reactive and interactive nature of IoT makes chemical reaction-inspired approaches particularly well suited to such requirements. This paper presents a chemical reaction-inspired computational model using the concepts of graphs and reflection, which attempts to address the complexities associated with the visualisation, modelling, interaction, analysis and abstraction of information in the IoT. Copyright © 2013 John Wiley & Sons, Ltd. Copyright © 2013 John Wiley & Sons, Ltd.","chemical computing; distributed systems; formal modelling; Internet of things","Abstracting; Biomimetics; Chemical analysis; Chemical reactions; Computation theory; Computational methods; Distributed database systems; Information management; Chemical computing; Communication models; Consumption modeling; Conversational model; Distributed systems; Formal modelling; Inherent complexity; Internet of thing (IOT); Internet of things"
"https://www.scopus.com/pages/publications/85020819712?origin=resultslist","The Internet of Things (IoT) is being deployed for a plethora of use-case scenarios. In any deployment, a number of configuration choices are available that achieve the mission goal. However, IoT security incidents have demonstrated that different configurations are vulnerable to varied risk levels. We propose the IoTRiskAnalyzer framework to formally and quantitatively analyze these risks using probabilistic model checking. IoTRiskAnalyzer takes vulnerability scores, candidate IoT configurations, and attacker's capabilities as inputs. It then generates the system and threat models to compute attack likelihood and attacker cost for each configuration. Evaluation indicates that IoTRiskAnalyzer is efficient and automatically prioritizes the input configurations on the basis of risk exposure. © 2013 IEEE.","formal risk modeling; IoT risk analytic; Markov decision process; PRISM model checker; probabilistic model checking; secure configuration planning; threat assessment","Internet of things; Markov processes; Risk assessment; Risk management; IoT risk analytic; Markov Decision Processes; PRISM model checker; Probabilistic model checking; Risk model; Secure configuration; Threat assessment; Model checking"
"https://www.scopus.com/pages/publications/85182525860?origin=resultslist","In the domain of conventional process control systems, the achievement of diverse functionalities necessitates a considerable amount of code composition to effectively manage control logic and data, giving rise to challenges such as extended development cycles and the onerous upkeep of control programs. Consequently, the rapid realization of software system reconfiguration and updates, coupled with the reduction of development costs and time in response to the dynamic manufacturing demands, has emerged as imperative research concerns. Addressing these challenges, this paper centres its focus on the ""Service-Oriented and Intelligent""paradigm, undertaking the conceptualization and development of a component-based process control system tailored for industrial software. This endeavour involves encapsulating hardware resources within the framework of componentization and establishing uniform component service interfaces and interaction protocols. To ensure the authenticity of their design, we have diligently explored and formulated component models, subjecting them to scrutiny through formal modelling techniques, thus verifying their behavioural properties comprehensively.  © 2023 ACM.","Industrial software systems; IoT; Modeling of components; Process control; Service-oriented; Software development","Computer software; Control systems; Industrial research; Information management; Internet of things; Software design; Control data; Control logic; Development cycle; Industrial software; Industrial software system; IoT; Modeling of component; Process control system; Service Oriented; Software-systems; Process control"
"https://www.scopus.com/pages/publications/85126211898?origin=resultslist","Challenges in development of new generation modern control systems based on discrete logic are reviewed in this article. System analysis of the current characteristic and properties of data processing systems is given: the problem of conversion accuracy and categorization of new criteria of new system effectiveness. The research experience of reviewed subject is summarized, a processing algorithm for greenhousing hardware control system with support for decision-making on monitoring the operation of sensors, taking into account the neuro-fuzzy technologies and graph theory, in the context of the algorithm theory and solving the problem of calculating the critical path for the quantifier of interaction with the subsequent processing in a neuro-fuzzy application in a quantitative ratio is given. There is description of generalizable algorithm for the constructed software control model with six sensors and a general assessment of the effectiveness of the traditional way for formal model of the greenhouse automated control system and the proposed way based on the balance model in the article. © Published under licence by IOP Publishing Ltd.","",""
"https://www.scopus.com/pages/publications/105009269407?origin=resultslist","Wireless Local Area Networks (WLANs), particularly Wi-Fi, serve as the backbone of modern connectivity, supporting billions of devices globally and forming a critical component in Internet of Things (IoT) ecosystems. However, the increasing ubiquity of WLANs also presents an expanding attack surface for adversaries—especially Advanced Persistent Threats (APTs), which operate with high levels of sophistication, resources, and long-term strategic objectives. This paper provides a holistic security analysis of WLANs under the lens of APT threat models, categorizing APT actors by capability tiers and examining their ability to compromise WLANs through logical attack surfaces. The study identifies and explores three primary attack surfaces: Radio Access Control interfaces, compromised insider nodes, and ISP gateway-level exposures. A series of empirical experiments—ranging from traffic analysis of ISP-controlled routers to offline password attack modeling—evaluate the current resilience of WLANs and highlight specific vulnerabilities such as credential reuse, firmware-based leakage, and protocol downgrade attacks. Furthermore, the paper demonstrates how APT resources significantly accelerate attacks through formal models of computational scaling. It also incorporates threat modeling frameworks, including STRIDE and MITRE ATT&CK, to contextualize risks and map adversary tactics. Based on these insights, this paper offers practical recommendations for enhancing WLAN resilience through improved authentication mechanisms, network segmentation, AI-based anomaly detection, and open firmware adoption. The findings underscore that while current WLAN implementations offer basic protections, they remain highly susceptible to well-resourced adversaries, necessitating a shift toward more robust, context-aware security architectures. © 2025 by the authors.","APT; attack scaling; attack surface analysis; network security; security analysis; vulnerability analysis; Wi-Fi security protocols; WLAN",""
"https://www.scopus.com/pages/publications/85049631247?origin=resultslist","Internet-of-Things (IoT) envisions a future in which digital and physical entities can be linked, by means of appropriate information and communication technologies, to enable a whole new class of applications and services. The Rapid growth in the Internet of Things has resulted in a massive growth of data generated by these entities. However, the heterogeneity of the ""Things"" makes interoperability, mobility, addressing and routing among them a challenging problem. To overcome this problem, we proposed specifying the internet of things network. The specification errors can be origin of some failures that can be introduced during development process. The use of formal methods in the design process of IoT system is explicitly required. In this paper, we present a model of the IoT network that allows objects to interact, communicate, and can share experience to adapt and evolve. For this purpose, we based our model on the architecture of Complex Adaptive systems. This model will present a well-structured start for any future work in this domain.1 © 2017 Association for Computing Machinery.","Event-B; Formal method; IoT; Platform RODIN; Refinement patterns","Adaptive systems; Complex networks; Formal methods; Wireless telecommunication systems; Complex adaptive systems; Design process; Development process; Event-B; Information and Communication Technologies; Internet of Things (IOT); Platform RODIN; Refinement patterns; Internet of things"
"https://www.scopus.com/pages/publications/85091976912?origin=resultslist","Internet of Things special nature brings new challenges as to what communication protocols better suit its features, because the most popular ones nowadays, based on client-server or peer-to-peer paradigms, do not fit properly as they may not meet IoT challenges. However, communication protocols based on a central entity called broker fulfill those requirements, since they help end devices to offload their tasks, thus improving the overall system performance. Among those IoT-based protocols, MQTT is one of the preferred choices, as being lightweight, bandwidth-efficient, low-energy consuming and capable of offering reliable messaging. In this paper, MQTT is selected in order to perform a study on its behavior by means of a simplified model built by using an abstract algebra called Algebra of Communicating Processes (ACP). In this context, first, the entities taking part are modeled, then, specification is carried out, and finally, verification is undertaken, showing that the model proposed meets the requirements expected for MQTT.  © 2020 IEEE.","ACP; Formal protocol specification; MQTT; Networking","Algebra; Abstract algebra; Bandwidth efficient; Central-entity; Client server; Communicating process; Formal modelling; Peer-to-peer paradigm; Reliable messaging; Internet of things"
"https://www.scopus.com/pages/publications/84959441228?origin=resultslist","Internet of Things (IoT) is the next wave of industry revolution that will initiate many services, such as personal health care and green energy monitoring, which people may subscribe for their convenience. Recommending IoT services to the users based on objects they own will become very crucial for the success of IoT. In this work, we introduce the concept of service recommender systems in IoT by a formal model. As a first attempt in this direction, we have proposed a hyper-graph model for IoT recommender system in which each hyper-edge connects users, objects, and services. Next, we studied the usefulness of traditional recommendation schemes and their hybrid approaches on IoT service recommendation (IoTSRS) based on existing well known metrics. The preliminary results show that existing approaches perform reasonably well but further extension is required for IoTSRS. Several challenges were discussed to point out the direction of future development in IoTSR. © 2016 Elsevier B.V.","Collaborative filtering; Hyper-edge; Internet of Things; Service recommendation; Tripartite graph","Collaborative filtering; Green manufacturing; Recommender systems; Service industry; Web services; Hybrid approach; Hyper-edge; Internet of Things (IOT); Iot services; Personal health care; Recommendation algorithms; Service recommendations; Tripartite graphs; Internet of things"
"https://www.scopus.com/pages/publications/85134348765?origin=resultslist","The Internet of Things (IoT) connects all emerging devices and services while creating interactions between people and things. Allowing users to match devices and services by causal relationship, Trigger-Action Programming (TAP) is a common user-programming paradigm in IoT smart home platforms. Thus, the security issues of TAP need to be addressed to ensure the privacy and security of data and human safety. This paper summarizes the existing literature on 1) security issues caused by different types of logical errors found in TAP rules and the vulnerabilities on well-known TAP platforms, and 2) the corresponding detection techniques and solutions that are classified based on different types of approaches adopted (e.g., Model Checking and Natural Language Processing). Finally, we summarized the datasets from literature or publicly available on the Internet in a separate section for potential reference of future TAP security research. © 2022","IFTTT; Internet of things; Smartthings; TAP security; Trigger-Action Programming","Automation; Model checking; Natural language processing systems; Security of data; Taps; Causal relationships; IFTTT; Match devices; Privacy and security; Programming paradigms; Security issues; Smart homes; Smartthing; Trigger-action programming; Trigger-action programming security; Internet of things"
"https://www.scopus.com/pages/publications/85147293265?origin=resultslist","IoT devices offer insufficient protections against exploitation of critical programming errors (such as buffer overflows) it is therefore paramount to sufficiently test IoT software before deployment. A central source of these errors is the implementations of stateful network protocols used in the IoT (e.g., MQTT-SN). Unfortunately, comprehensive automated testing of such protocol implementations is challenging due to their large state space. Furthermore, prior work on automated testing of protocol implementations focuses on conventional desktop systems and does thus not address challenges specific to the IoT domain (e.g., handling of peripheral interactions). In this publication, we leverage symbolic execution (an automated software testing technique) for testing stateful network protocol implementation in the IoT domain. To mitigate issues regarding the state-space explosion, we propose a novel symbolic execution approach which is based on created protocol state and message format specifications and specifically tailored to the IoT domain. We employ our specification-based symbolic execution approach to test protocol implementations provided by two popular IoT operating systems. Our experiments indicate that a significant increase in code coverage can be achieved using our automated software testing approach. We were further able to discover three critical and previously unknown bugs in network protocol implementations provided by the RIOT operating system.  © 2014 IEEE.","Constrained networking; Internet of Things; network protocols; software testing; symbolic execution","Automation; Codes (symbols); Internet of things; Internet protocols; Model checking; Network coding; Program debugging; Specifications; Automated software testing; Automated testing; Buffer overflows; Code; Constrained networking; Programming errors; Protocol implementation; Software; Software testings; Symbolic execution; Software testing"
"https://www.scopus.com/pages/publications/85115805495?origin=resultslist","Smart homes promise to improve the quality of life of residents. However, they collect vasts amounts of personal and sensitive data, making privacy protection critically important. We propose a framework, called PRASH, for modeling and analyzing the privacy risks of smart homes. It is composed of three modules: a system model, a threat model, and a set of privacy metrics, which together are used for calculating the privacy risk exposure of a smart home system. By representing a smart home through a formal specification, PRASH allows for early identification of threats, better planning for risk management scenarios, and mitigation of potential impacts caused by attacks before they compromise the lives of residents. To demonstrate the capabilities of PRASH, an executable version of the smart home system configuration was generated using the proposed formal specification, which was then analyzed to find potential attack paths while also mitigating the impacts of those attacks. Thereby, we add important contributions to the body of knowledge on the mitigations of threat agents violating the privacy of users in their homes. Overall, the use of PRASH will help residents to preserve their right to privacy in the face of the emerging challenges affecting smart homes. © 2021 by the authors. Licensee MDPI, Basel, Switzerland.","Attack taxonomy; IoT; Privacy; Privacy metrics; Risk analysis; Smart home; System model; Threat model","Privacy; Quality of Life; Risk Assessment; Automation; Data privacy; Formal specification; Intelligent buildings; Risk analysis; Risk assessment; Risk management; Risk perception; Attack taxonomy; Privacy; Privacy metric; Privacy risks; Quality of life; Sensitive datas; Smart homes; Smart-home system; System models; Threat modeling; privacy; quality of life; risk assessment; Internet of things"
"https://www.scopus.com/pages/publications/85086010636?origin=resultslist","The homes are dangerous environments like outside since it contains risks affect on the life of the inhabitant (humidity, temperature, noise, light, etc.), especially with the increase of the attention on smart homes and buildings in the previous few years where studies focused on the IoT domain exclude partially these risks. Smart homes/buildings are equipped with IoT objects that capture the conflicting changes in a controlled manner and introduce actions that stop or declare the existing threats. A mechanism that guarantees to the inhabitant a stable and comfortable life is more than mandatory. In this context, we propose a global approach that defines the architecture of a smart home/building by formalizing the main nodes (sensors, actuator, server, etc.) and the technologies that bind them. Further, we define the characteristics and the functioning of nodes by a formal representation in the form of state machines, the applicable norms to build a secure environment, and further the security measures that must respect them in order to guarantee a protected environment. We finished our study by experimentation with Uppaal, a verification and validation tool, to ensure the accuracy of the system operations that showed a satisfactory results. Copyright © 2020 for this paper by its authors. Use permitted under Creative Commons License Attribution 4.0 International (CC BY 4.0)","Formal verification; Home risks; IoT; MQTT Protocol; Simulation; Smart Building; Smart Home; Uppaal","Automation; Intelligent buildings; Formal representations; Global approaches; Security implementations; Security measure; Smart homes; State machine; System operation; Verification-and-validation; Internet of things"
"https://www.scopus.com/pages/publications/85119879298?origin=resultslist","Active automata learning is a technique to automatically infer behavioral models of black-box systems. Today’s learning algorithms enable the deduction of models that describe complex system properties, e.g., timed or stochastic behavior. Despite recent improvements in the scalability of learning algorithms, their practical applicability is still an open issue. Little work exists that actually learns models of physical black-box systems. To fill this gap in the literature, we present a case study on applying automata learning on the Bluetooth Low Energy (BLE) protocol. It shows that not the size of the system limits the applicability of automata learning. Instead, the interaction with the system under learning, is a major bottleneck that is rarely discussed. In this paper, we propose a general automata learning architecture for learning a behavioral model of the BLE protocol implemented by a physical device. With this framework, we can successfully learn the behavior of five investigated BLE devices. The learned models reveal several behavioral differences. This shows that automata learning can be used for fingerprinting black-box devices, i.e., identifying systems via their specific learned models. Based on the fingerprint, an attacker may exploit vulnerabilities specific to a device. © 2021, Springer Nature Switzerland AG.","Active automata learning; Bluetooth Low Energy; Fingerprinting; IoT; Learning-based testing; Model inference","Automata theory; Behavioral research; Internet of things; Learning algorithms; Learning systems; Model checking; Network architecture; Stochastic models; Stochastic systems; Active automaton learning; Behavioral model; Black box system; Bluetooth low energy; Energy devices; Fingerprinting; Learn+; Learning-based testing; Lower energies; Model inference; Bluetooth"
"https://www.scopus.com/pages/publications/84984940535?origin=resultslist","Despite of the elegance of smart spaces paradigm and its clear advantages, this area of development of ""smart"" software for Internet of Things (IoT) still has very limited systematization and formal concept notation. The discussion paper provides a clarified vision onto the smart spaces terminology. The reference case is the M3 architecture, based on which we sequentially elaborate the notions of smart space, smart environment of knowledge sharing, smart space application, its services and its architecture. We consider P2P-based service formalism, on the top of which several architectural abstractions are presented. They provide means for designing smart space applications. Copyright 2014 ACM.","Computing environment; Internet of Things (IoT); P2P; Smart services; Smart spaces; Smart-M3; Software architecture","Abstracting; Distributed computer systems; Formal methods; Internet; Software architecture; Software engineering; Space applications; Computing environments; Internet of Things (IOT); Smart services; Smart space; Smart-M3; Internet of things"
"https://www.scopus.com/pages/publications/84905815137?origin=resultslist","The proceedings contain 1292 papers. The special focus in this conference is on Materials Science and Information Technology. The topics include: High value added utilization of vanadium slag; study of oxidation degradation eosin by ferrate; development and application of the screw separator; study on the synthesis of ethylene glycol by catalytic hydrolyze of ethylene carbonate; study on the urea demand model of SCR control technology; application of high-efficiency reverse osmosis technology in reclaimed water treatment in power plants; research on the corrosion resistance of tinplate with reflowing technology; effect of ferrite volume fraction on mechanical properties of X80 pipeline steel; high cycle fatigue performances of advanced high strength steel CP800; the application of new material in industrial design; current situation and latest development of intelligent materials; influence of electrolysis and plasma polishing on surface properties of SUS304 stainless steel; research progress for high strength structural steel and key issues of application in seismic zone; electrical simulation experiment and the analysis of thermal conductivity of materials; design of the portable detector for formaldehyde; the most probable mechanism function of PVC thermal decomposition; the chemistry model of ion-ion interaction energy of full ionized hydrogen plasma; study on the growth model of expandable graphite; adsorption removal of phosphorus from wastewater by steel slag filter material; a novel multilayer structure with frequency selected surface for electromagnetic compatibility; experimental study on sewage treatment by vortex-grid flocculation technology; the fatigue performance evaluation of pressure vessel steel using modified staircase method; an improved CEM with regard to the crack-tip; research on failure mechanism consistency in accelerated wear test of metal materials; the influence of perceptual load on inhibition of return; the application of transformer protection in 220KV substation; study on sewage treatment process in stone production; a research of environment management policy based on the externality theory; use horizontal aeration method to treat organic pollution in soil; studies on broad-sense sample method in data mining; zero watermarking method based on enhanced bit-plane; research on material inventory model and application; research on classification and encoding of digital cultural relics; an OCL-based formal model for cloud forensics; research on customers churn prediction model based on logistic; the optimization of logistics and distribution; a generalized attributes significance measure method; bacteria genome compression based on the weighted context model; towards the evaluation of suffix trees; given the principal disjunctive normal form of simple proposition formula; a new virtual visual servo algorithm; niche brain storm optimization algorithm for multi-peak function optimization; research on the validation method of product data quality; stock price prediction model based on BA neural network and its applications; an algorithm of uncertain reasoning considering subjective factors; the application of graph model in the cultural archives; generalized J sets based on periodic orbit and attract time; prediction of mine inrush water based on BP neural network method; study on the optimization of data mining in big data; an improved genetic algorithm for text clustering; a correlation coefficient estimation algorithm based on subspace decomposition; research on an embedded ultra-low-bit-rate speech coding algorithm; an algorithm of DOA estimation in linear canonical transform domain; virtual simulation of aerobics movement based on vision; simulation of data mining system design in database; a classification algorithm of moving military vehicle; the research and application of data glove in virtual interaction system; the research of data mining based on neural networks; a particle swarm optimization algorithm based on simulated annealing; a new highway safety model based on cellular automata; an algorithm to control watermarking capacity using PSNR; research on the traffic rules of the freeway; a visual hiding algorithm based on human visual system; a hybrid approach for critical technology identification; the evaluation of teaching quality based on fuzzy method; efficient simulation for dynamic systems with discontinuities; people counting based on the moving feature of the mass; simulation research on GM navigation based on AFSA; application with AHP in assessment of house plans; particle swarm optimization by improved chaos immune genetic algorithm; a multifactor grey forecasting model of agriculture output value; knowledge-based fuzzy diagnostic model; the series and parallel energy storage system based on super capacitors; exploration on the dual spool design of rotary hydraulic valve; passivity-based control of motor for reaction wheel; design improvement on shipping container spraying production line; the improvement for the structure of the coil transporters and its FEA; adaptive controller for ROV based on hybrid theory; research on auto-test system of telescope laser indicator; method research on bending fatigue test of vehicle steering wheel; a novel vertical lift machine and its precise pose control; comparative study of moving target analysis system; soil moisture monitoring system based on RS485 bus; fuzzy adaptive PID controller optimization design in temperature control system; brushless DC motor speed control system based on fuzzy PID control; research on the static cushioning property of folding corrugated cushions; research on cantilever used for thermal flow meter as switch; design of shock-absorbing system for disaster rescue robot; the design of intelligent home furnishing system of internet of things; method research on based-static motion image retrieval; sensing matrix setting in cognitive radio networks; research on blind signal extraction based on normalized kurtosis; the communication capability of shipboard radio based on path loss; study of synchronization strategy based on timestamp; speech enhancement based on EMD and wavelet threshold in noisy environments; an improved image stitching algorithm; research on fabric image acquisition based on compressed sensing; multi-view video coding based on video correction; accurate detection of fault signal in large-scale communication; astronomical image matching based on the cross-correlation algorithm; locating method of DPM 2D barcode image; robustness analysis of telecommunications customer service system; a radio link logical relationship between and one network apparatus; research on computer cluster load balancing mechanism; design and implementation of portable software system; research on network management network; the design and implementation of micro player; security protection model of QR code scanning software; a network information filtering method based on node energy transfer; research and design of network instruction interaction mode; an approach to describing software logic model; a security compliance based mobile user authentication scheme; research of virtual simulation scenario editor for earthquake tabletop exercise; analysis of conflict resolution model in campus WLAN wireless network; research on key technology of web network based on mobile computing; research on the information push system using case-based reasoning; analysis of wireless mesh network routing; the design and realization of virtual editing environment for news release; software safety analysis based on multiple state transition; on application of E-government 2.0 in basic public services; study on the technologies of operating system scanning; research of trust model for file-sharing system; research on a theatre recommendation system; election system based on prior knowledge; topic-oriented information retrieval; a database grid service with a novel mutation operator; research on social engineering in network security; research on E-government model based on big data; research on multi-channel network information interactive technology; research on setting strategy of area router based on scale-free internet; data mining technology applied in network security; research of the issues based on trusted cloud security; the research on visual simulation technology applied in college English teaching; discussion of Chinese industry information service transformation; research on rapid bidding of forgings; the research of building CAI table tennis teaching system; the research of the second class credit in the credit system; experience and enlightenment of American internet finance supervision; the application of multimedia technology in medical information management; design and implementation of real estate sales system based on B/S; application of visual correction on physical training; spatial characteristic indicator of pedestrian facilities for evacuation; research on emotional interaction design of mobile terminal application; application research of growth management model of crop; analysis and design on sports meeting information system; the study of bus transit network design methods for different sized cities and research of agricultural information management and retrieval.","",""
"https://www.scopus.com/pages/publications/85049035246?origin=resultslist","The IoT is a networked system of physical devices controlled by embedded software whose validity is a pre-requisite to ensuring the correct behavior of the entire system. To automate the verification and validation process of such control software, this work constructs a validation model by composing pre-defined behavioral patterns of an operating system that is compliant with the OSEK/VDX international standard and models of application programs abstracted w.r.t. interactions with the underlying operating system. This validation model is used to perform property checking using the model checker SPIN to ensure that the behavior of the control program complies with the original intention of the program design. We automated the model generation process and applied it to 9 benchmark programs for the open source IoT OS Erika. © Springer International Publishing AG, part of Springer Nature 2018.","","Application programs; Formal methods; Internet of things; Model checking; Open source software; Behavioral patterns; Benchmark programs; Domain specific modeling; International standards; Model generation; Networked systems; Property checking; Verification-and-validation; Process control"
"https://www.scopus.com/pages/publications/85057458806?origin=resultslist","With the advent of cloud computing, different cloud providers with heterogeneous services and Application Programming Interfaces (APIs) have emerged. Hence, building an interoperable multi-cloud system becomes a complex task. Our idea is to design fclouds framework to achieve semantic interoperability in multi-clouds, i.e., to identify the common concepts between cloud APIs and to reason over them. In this paper, we propose to take advantage of the Open Cloud Computing Interface (OCCI) standard and the Alloy formal specification language to define the fclouds language, which is a formal language for specifying heterogeneous cloud APIs. To do so, we formalize OCCI concepts and operational semantics, then we identify and validate five properties (consistency, sequentiality, reversibility, idempotence and safety) that denote their characteristics. To demonstrate the effectiveness of our cloud formal language, we present thirteen case studies where we formally specify infrastructure, platform, Internet of Things (IoT) and transverse cloud concerns. Thanks to the Alloy analyzer, we verify that these heterogeneous APIs uphold the properties of fclouds and also validate their own specific properties. Then, thanks to formal transformation rules and equivalence properties, we draw a precise alignment between our case studies, which promotes semantic interoperability in a multi-cloud system. © 2018 IEEE.","Alloy; Formal Language; Formal Verification; Interoperability; Multi-Clouds; OCCI","Alloying; Application programming interfaces (API); Cloud computing; Formal languages; Formal verification; Internet of things; Semantics; Specification languages; Formal transformation; Heterogeneous services; Internet of Things (IOT); Multi-clouds; OCCI; Open cloud computing interfaces; Operational semantics; Semantic interoperability; Interoperability"
"https://www.scopus.com/pages/publications/85073196612?origin=resultslist","The Internet of Things has a high heterogeneity of devices, cloud services, communication protocols and comprises different research and development areas. This implies in ease-of-use problems for users who interact with high-density smart environments using common interface solutions, demanding specific applications for each device. There are also situations where things change their locations and networks, bringing even more complexity to this scenery. A great number of recent researches point Augmented Reality(AR) as an interface solution that is capable of providing rich user experiences for high-density IoT environments. W3C's Web of Things standards(WoT) are proving to be a feasible solution for IoT's heterogeneity issues by using well-known web protocols and the Thing Description(TD) formal model. This paper's goal is to propose an architecture called smAR2t that integrates these solutions by managing mobility, heterogeneity and high-density of smart environments, allowing users to browse their surroundings with AR and to interact with things seamlessly according to each of their TDs. This could be done by: representing TDs in a higher level of abstraction with models; transforming these models at runtime to reflect real-time interactions and behaviors; updating an auto-generated AR interface according to these models. © 2019 Association for Computing Machinery.","Augmented Reality; Model Driven Engineering; Models@run.time; Web of Things","Augmented reality; Internet protocols; Network architecture; Software engineering; User experience; High heterogeneity; Interface solution; Level of abstraction; Model-driven Engineering; Models at run time; Models@run.time; Real time interactions; Research and development; Internet of things"
"https://www.scopus.com/pages/publications/85007340627?origin=resultslist","Future Internet builds upon three key pillars – namely, Internet of Things, Internet of Services, and Internet of Contents – and is considered as a worldwide execution environment that interconnects myriad heterogeneous entities over time, supports information dissemination, enables the emergence of promising application domains, and stimulate new business and research opportunities. In this paper we analyse the challenges towards the actualisation of the Future Internet. We argue that the mobile nature inherent to modern communications and interactions requires a radical shift towards new computing paradigms that fully reflect the network-based perspective of the emerging environment. Indeed, we position the adoption of a Pure Edge Computing platform that offers designing and programming abstractions to specify, implement and operate Future Internet applications. © Springer International Publishing AG 2016.","","Application programs; Computation theory; Computer programming; Formal methods; Information dissemination; Software engineering; Verification; Computing paradigm; Execution environments; Future internet; Implement and operate; Internet of Services; Network-based; Programming abstractions; Research opportunities; Web services"
"https://www.scopus.com/pages/publications/85121683289?origin=resultslist","The World Wide Web Consortium (W3C) introduced the Thing Description (TD), a standardized and unified human- and machine-readable semantic description of Internet of Things (IoT) devices that focuses on describing how to interact with the described device using its network-interfaces. However, the TDs lack a way to describe the physical effect of said interactions on the device itself, as well as on the environment around the device, limiting its viability for cyber-physical scenarios. In this paper, we propose an extension for describing the effects of an interaction on the property affordances of a Thing in the TD as a first step towards a TD that is able to fully describe a Cyber-Physical System (CPS). We show this extension permits the generation of accurate Digital Twins, facilitates machine-aided system design and device mashup generation and allows for formal verification of the functionality of CPSs during their deployment and maintenance.  © 2021 ACM.","Behavioral description; Internet of things; Web of things","Cyber Physical System; Embedded systems; Semantics; Affordances; Aided systems; Behavioral descriptions; Cyber physicals; Mash up; Physical effects; Physical scenario; Property; Semantic descriptions; World wide web consortiums; Internet of things"
"https://www.scopus.com/pages/publications/105032968925?origin=resultslist","This paper proposes a comprehensive standardization framework for Multi-Modal Underwater Wireless Communication (MM-UWC) to overcome the interoperability barriers hindering the development of a largescale Internet of Underwater Things (IoUT). The current underwater communication landscape is fragmented, dominated by non-interoperable, single-modal systems - primarily long-range, low-bandwidth acoustic and short-range, high-bandwidth optical technologies. This fragmentation impedes the complex, multi-stakeholder operations essential for the growing Blue Economy. To address this, we introduce a formal model for an MM-UWC system that intelligently selects the optimal physical medium based on real-time environmental data and application-level Quality of Service (QoS) requirements. Our standardization strategy is twofold: first, leverage the open NATO STANAG 4748 (JANUS) protocol as a universal 'handshake' mechanism for initial device discovery and capability negotiation; second, target the recreational diving industry, with its mature ISO standards ecosystem, as a strategic beachhead market for technology validation and adoption. Finally, we present a concrete roadmap for establishing a new series of international standards within the ISO/IEC JTC 1/SC 41 committee, which is ideally positioned to govern IoUT technologies. This framework provides a pragmatic path toward a robust, interoperable, and economically viable IoUT ecosystem.  © 2025 IEEE.","Internet of Underwater Things (IoUT); ISO/IEC JTC 1/SC 41; Multi-Modal Communication; STANAG 4748 JANUS; Technology Standardization; Underwater Wireless Communication (UWC)","Ecosystems; Internet of things; Interoperability; ISO Standards; Quality of service; Standardization; Underwater acoustics; Underwater optical wireless communication; Internet of underwater thing; Internet of underwater things; ISO/IEC; ISO/IEC JTC 1/SC 41; Multi-modal; Multimodal communications; STANAG 4748 JANUS; Technology standardization; Underwater wireless communication; Wireless communications; Bandwidth"
"https://www.scopus.com/pages/publications/85138011848?origin=resultslist","Internet of Things (IoT) is a popular term to describe systems/devices that connect and interact with each other through a network, e.g., the Internet. These devices communicate with each other via a communication protocol, such as Zigbee or Bluetooth Low Energy (BLE), the subject of this paper. Communication protocols are notoriously hard to implement correctly and a large set of test-cases is needed to check for conformance to the standard. Many of us have encountered communication problems in practice, such as random mobile phone disconnects, difficulty obtaining a Bluetooth connection, etc. In this paper, we research the application of industry strength Model-Based Testing (MBT) within the IoT domain. This technique contributes to higher quality specifications and more efficient and more thorough conformance testing. We show how we can model part of the BLE protocol specification using the Axini Modeling Platform (AMP). Based on the model, AMP is then able to automatically test the conformance of a BLE device. With this approach, we found specification flaws in the official BLE specifications as well as conformance errors on a certified BLE system. © 2022, The Author(s), under exclusive license to Springer Nature Switzerland AG.","Bluetooth Low Energy; Communication Protocol; Embedded Systems; Internet of Things; Model-Based Testing","Bluetooth; Embedded systems; Internet protocols; Model checking; Specifications; Bluetooth connections; Bluetooth low energy; Communication problems; Communications protocols; Embedded-system; Lower energies; Model based testing; Modeling platforms; Strength models; Test case; Internet of things"
"https://www.scopus.com/pages/publications/85143332497?origin=resultslist","Embedded control software that controls safety-critical IoT devices requires systematic and comprehensive verification to ensure safe operation of the device. However, rigorous verification in this domain has not been feasible due to the high complexity of embedded control software, which is characterized by the frequent use of multi-tasking, interrupts, and periodic alarms. Realizing that two major factors, scalability and exactness, are extremely difficult to achieve at the same time but critical for effective and efficient verification in this domain, this work introduces a domain-specific compositional OS-in-the-Loop (OiL) verification approach and sets out to push the boundary in achieving both factors. The suggested approach (1) models the behavior of the underlying operating system to limit the search space using the notion of controlled concurrency, (2) performs heterogeneous composition of controllers with the formal OS model to reduce verification complexity, and (3) utilizes state-of-the-art verification techniques for the purpose of comprehensive verification up to a given search depth. © 2022 John Wiley & Sons Ltd.","heterogeneous composition; model checking; multi-tasking; OS-in-the-Loop","Concurrency control; Model checking; Safety engineering; Control software; Domain specific; Embedded control software; Heterogeneous composition; High complexity; Major factors; Models checking; Multi tasking; OS-in-the-loop; Safe operation; Multitasking"
"https://www.scopus.com/pages/publications/105042316802?origin=resultslist","In the smart spaces made possible by recent advances in IoT (Internet of Things) technology, users control the space by interfacing with individual devices. Some of the interactions are narrowly focused on features of a particular device (e.g., turning on the TV) while others indirectly control properties of the space (e.g., a thermostat affects the ambient temperature). In this paper we are primarily concerned with interactions that affect the user's perception of the space, as opposed to invoking particular device features. Thus, we introduce the concept of spatial characteristics (e.g., illumination, temperature, security, etc.) to refer to properties of the surrounding space that are of interest to the user, and which are generally controlled by an aggregate set of devices. Along the way, we explore the notion of spatial characteristics with reference to spatial geometry, conceptualize the spatial characteristics model from a pragmatic perspective, provide an appropriate formal specification for it, and investigate the engineering challenges associated with implementing the spatial characteristics model. © 2026 Elsevier B.V.","Formal modeling; Internet of Things (ioT); Smart environments; Space geometry; Spatial characteristics","Automation; Formal specification; Internet of things; Characteristic model; Formal modeling; Formalisation; Internet of thing; Internet of things technologies; Smart environment; Smart space; Space geometry; Spatial characteristics; User control; Geometry"
"https://www.scopus.com/pages/publications/85126512694?origin=resultslist","Industrial Internet of Things (IIoT) devices are widely used for monitoring and controlling the process of automated manufacturing. Owing to the limited computing capacity of the IIoT sensors in the production line, the scheduling task in the production line needs to be offloaded to the edge computing server (ECS). To obtain the desired quality of service (QoS) during offloading scheduling tasks, the precise interaction information between the production line and ECSs has to be uploaded to the cloud platform, which poses privacy issues. The existing works mostly assume that all the interaction information, i.e., the offloading decision for the subtask in a scheduling task, has same privacy level, which cannot meet the various privacy requirements of the offloading decision for the subtask. Hence, we propose a local-differential-privacy-based deep reinforcement learning (LDP-DRL) approach in the edge-cloud-assisted IIoT to provide personalized privacy guarantee. The LDP mechanism can generate different levels of noise to satisfy the various privacy requirements of the offloading decision for the subtask. The prioritized experience replay is integrated in DRL to reduce the impact of noise on the QoS performance of task offloading. The formal analysis of LDP-DRL is provided in terms of privacy level and convergence. Finally, extensive experiments are conducted to evaluate the effectiveness, the capacity of privacy protection, the impact of discount factor on the convergence, and the cost efficiency of the LDP-DRL approach.  © 2005-2012 IEEE.","Deep reinforcement learning (DRL); industrial Internet of Things (IIoT); local differential privacy (LDP); task offloading","Deep learning; Job analysis; Job shop scheduling; Manufacture; Quality of service; Reinforcement learning; Deep reinforcement learning; Differential privacies; Industrial internet of thing; Job-Shop scheduling; Local differential privacy; Privacy; Reinforcement learnings; Task analysis; Task offloading; Internet of things"
"https://www.scopus.com/pages/publications/85134195757?origin=resultslist","Modern buildings are increasingly getting connected by adopting a range of IoT devices and applications from video surveillance and lighting to people counting and access control. It has been shown that rich connectivity can make building networks more exposed to cyberattacks and, hence, difficult to manage. Currently, there is no systematic approach for evaluating or enforcing cybersecurity of building systems with a large number of heterogeneous IoT devices. In this article, we aim to enhance cybersecurity of a large-scale IoT infrastructure by formally capturing the expected behavior of the system using the static profile of devices' intended usage, buildings information, and network configurations (predeployment) along with dynamic diagnosis (post-deployment) of network activity using machine-learning models. Our contributions are threefold: 1) we develop a tool that automatically generates a formal ontology of network communications for a connected infrastructure by taking a description of buildings (in the form of Brick schema), device network behavior (in the form of manufacturer usage description (MUD) specifications, MUD profile), and network configurations (address, port, and VLAN) as inputs. We contribute our tool as opensource, and apply it to a subset of our university smart campus testbed, covering 20 IoT devices of three types deployed in seven different buildings. We translate the formal model into network flow rules and enforce them to the network at runtime using programmable networking techniques; 2) we, then, measure the network activity of device-specific flow rules and diagnose their health using a set of trained anomaly detection models (one-class classifiers) each corresponding to a particular type of device and specific building location, and demonstrate how our method detects attacks with reasonable accuracy of 92.5%; and (3) finally, we demonstrate three types of location-defined network policies (deployment, administrative, and organizational) that can be verified by this formal model.  © 2014 IEEE.","Anomaly detection; behavioral modeling; building BRICK; IoT system ontology; manufacturer usage description (MUD) profile","Access control; Anomaly detection; Behavioral research; Brick; Buildings; Cybersecurity; Internet of things; Ontology; Security systems; Anomaly detection; Behavioral model; Behavioral science; Building BRICK; Cyber security; IoT system ontology; MUD profile; Ontology's; Security; System ontology; Network security"
"https://www.scopus.com/pages/publications/85152634344?origin=resultslist","In recent years, event-driven programming languages, in particular those based on Event Condition Action (ECA) rules, have emerged as a promising paradigm for implementing ubiquitous and pervasive systems. These implementations are mostly centralized, where a single server (often in the cloud) collects and processes all the inputs from the environment. In fact, placing the computation on the nodes interacting with the environment requires suitable abstractions for effective communication and coordination of (possibly large) ensembles of these distributed components — abstractions that current ECA languages are still missing. To this end, in this paper we present AbU, a calculus for modeling and reasoning about ECA-based systems with attribute-based communication. The latter is an interaction model recently introduced for the coordination of (possibly large) families of nodes: communication is similar to broadcast but the actual receivers are selected on the spot, by means of predicates over nodes properties. Thus, the programmer can specify interactions between nodes in a declarative way, abstracting from details such as nodes identity, number, or even their existence, without the need for a central server: the computation is moved on the “edge”, thus improving reliability, scalability, privacy and security. After having defined syntax and formal semantics of AbU, we showcase its expressiveness by providing some example applications and the encoding of AbC, the archetypal calculus with attribute-based communication. Then, we focus on two key properties of reactive systems: stabilization (i.e., termination of internal steps) and confluence. For both these properties we provide formal semantic definition, sufficient syntactic conditions on AbU systems, and algorithms to statically check such conditions. Hence, AbU is both a basis for the formal analysis of event-driven architectures with attributed-based interaction, and a reference model for a full-fledged language for IoT and edge computing. © 2023 Elsevier B.V.","Attribute-based communication; Distributed systems; ECA rules; Edge computing; Formal methods; IoT programming","Abstracting; Edge computing; Internet of things; Semantics; Signal receivers; Syntactics; Attribute-based; Attribute-based communication; Condition; Distributed events; Distributed systems; Edge computing; Event condition action rules; Formal Semantics; IoT programming; Property; Formal methods"
"https://www.scopus.com/pages/publications/105019980968?origin=resultslist","Contradictions in telecommunications specifications can lead to implementation errors, interoperability issues, and security vulnerabilities. This paper presents a framework for automating the detection of contradictions in telecommunications standards using a 3B parameter large language model (LLM) trained via reinforcement learning. We develop a formal taxonomy of contradiction types in 5G specifications, generate high-quality synthetic training data using carefully designed prompts to larger LLMs, and train a specialized model using group relative policy optimization (GRPO) with a multi-component reward function. Our experiments demonstrate that our RL-trained small model achieves superior performance compared to larger general models on both synthetic and real-world contradictions from the CellularLint dataset. The effectiveness of our approach has significant implications for internet of things (IoT) ecosystems, where consistent and reliable network specifications are crucial for ensuring interoperability, power efficiency, and security across billions of connected devices that rely on 5G infrastructure. Our work demonstrates that specialized smaller models can exceed the capabilities of larger general models on domain-specific tasks, offering a resource-efficient approach to specification verification that could accelerate the development and deployment of reliable IoT systems. © The Author(s) 2025.","5G specification; Contradiction detection; LLM; Reinforcement learning","Formal specification; Internet of things; Interoperability; Network security; 5g specification; Automated detection; Contradiction detection; General model; Implementation error; Language model; Large language model; Reinforcement learnings; Security vulnerabilities; Telecommunication standards; Reinforcement learning"
"https://www.scopus.com/pages/publications/105045451509?origin=resultslist","Formal methods provide rigorous techniques for modeling and reasoning about concurrent systems, but their industrial adoption remains limited due to complexity. We present the Anemone Workbench, combining the Linda-like language Multi-Bach with temporal logic, to model, animate, and verify concurrent IoT-inspired systems. Three case studies, a dynamic sports simulation, a smart garden, and a role-playing game, illustrate how concurrency can be made explicit and analyzable. We highlight Anemone educational value, discuss current industrial limitations, and contrast it with existing tools such as CADP and LTSA. Our findings show opportunities for lightweight formal methods in teaching and early-stage prototyping of coordination logic, serving as a stepping stone toward more rigorous industrial practices. © 2026 Copyright held by the owner/author(s).","Anemone; Data-based coordination languages; IoT; Software reliability engineering","Computer aided design; Concurrency control; Formal methods; Human engineering; Interactive computer graphics; Temporal logic; Anemone; Case-studies; Concurrent systems; Coordination language; Data-based coordination language; Industrial adoption; IoT; Software reliability engineering; Specification animations; Sports simulation; Software reliability"
"https://www.scopus.com/pages/publications/85052935698?origin=resultslist","Today, service composition is emerging paradigm on the communication networks such as cloud environments, internet of things, wireless sensor network, and software-defined network. The goal of service composition method is to provide the interactions between user requirements and smart objects of intelligent communication systems. There have been many efforts to use formal verification and behavioral modeling methods to evaluate the service composition mechanisms. Up to now, there is not a comprehensive analysis research on this topic. Therefore, this paper focuses on several formal verification approaches that are performed to confirm the service composition correctness in communication networks. The objective of this paper is to comprehensively categorize and examine current research techniques on formal verification of the service composition. This research analysis provides an overview of recent service composition approaches according to structural and functional properties. Comparison results show that most of the verification approaches in explanation of the service composition correctness are semantic-aware approach with 43%. The most used verification method for the service composition is model checking with 69%. The process algebra is used 29%, and some theorem proving methods are applied in 9% of the investigated mechanism. Moreover, most widely used modeling tools are NuSMV (22%), SPIN (17%), CPN (12%), UPPAAL (12%), Event-B (10%), and PAT (5%). © 2018 John Wiley & Sons, Ltd.","correctness; formal verification; research analysis; service composition; web service","Formal verification; Model checking; Quality of service; Semantics; Websites; Wireless sensor networks; Comprehensive analysis; correctness; Functional properties; Intelligent communication; Research analysis; Service composition method; Service compositions; Web service composition; Web services"
"https://www.scopus.com/pages/publications/85095595007?origin=resultslist","Software languages are any artificial languages used in software development: for programming, markup, pretty-printing, modelling, transformation, data description, formal specification, evolution, requirements, etc. Software language engineering (SLE) is a research domain of systematic, disciplined and measurable approaches of development, evolution and maintenance of such languages. Many concerns of software language engineering are acknowledged by both forward and reverse software engineers: robust parsing of language cocktails, fact extraction from heterogeneous codebases, tool interfaces and interoperability, renovation of legacy systems, static and dynamic code analysis, language feature usage analysis, mining repositories and chrestomathies, library versioning and wrapping, etc. The SLE field is relatively new (its agship conference existing since 2011) and has not yet produced a list of acknowledged open problems, like the Hilbert's problems [8] or the POPLmark Challenge [9]. This workshop is meant to expose hidden expertise in coping with unsolvable or unsolved problems which commonly remain unexposed in academic publications. The main focus of the workshop lies in identifying and formulating challenges in the software language engineering field | these challenges could be addressed later at venues of SPLASH, STAF, MoDELS, SANER, ICSME, ICSE, ESEC/FSE and others. It is by design a discussion platform, not a mini-conference. © 2020 CEUR-WS. All rights reserved.","","Application programs; Computer programming languages; Formal methods; Internet of things; Interoperability; Legacy systems; Metadata; Modeling languages; Smart city; Academic publications; Language features; Mini-conference; Mining repositories; Research domains; Software language engineerings (SLE); Software languages; Unsolved problems; Software design"
"https://www.scopus.com/pages/publications/105001275718?origin=resultslist","Rules are key elements for the collaborative interaction of different devices in IoT systems. However, the rule conflict problem is getting worse as IoT system complexity increases. And it is challenging to formally specify rules and detect rule conflicts for IoT systems with continuous states and running under uncertainty environment. To this end, this paper proposed a rule modeling and conflict detection approach called CredRule, aiming at construct “credible rules” for IoT systems. Firstly, CredRule provided a detailed definition for IoT rules, and proposed to specify rules, continuous system states and uncertainty environment with the NPTA (Network of Priced Timed Automata for short) model. Secondly, it provided a rule conflict taxonomy, and established a Rule Conflict Interaction Analysis model, providing an explicit description on rule conflicts. Finally, on basis of the established two models, it provided an automatic rule detection and analysis method based on the statistical model checking technique. To validate the effectiveness of CredRule, we carried out a case study on one ventilation and air conditioning system. The results demonstrate that CredRule can formally specify rules and effectively detect rule conflicts under uncertainty and continuous environment. © The Author(s), under exclusive license to Springer Nature Singapore Pte Ltd. 2025.","Conflict Detection; IoT Systems; NPTA Model; Rule Modeling","Case-studies; Collaborative interaction; Conflict detection; IoT system; Key elements; Network of priced timed automaton for short model; Rule conflict; Rule modeling; Timed Automata; Uncertainty environment; Model checking"
"https://www.scopus.com/pages/publications/85112633646?origin=resultslist","The emergence of smart technology has equipped humans with wearables and sensors that collect relevant data related to individuals and their surroundings. In healthcare, the collected data can monitor user emotion, behavior, and activity, which leads to the development of personalized decisions and improves lifestyle. In this paper, we analyzed the existing health fog framework and identified its limitations in terms of security, performance, and accuracy. Based on these limitations, we propose a secure health fog (SHF) framework that collects data from different Internet of Things (IoT) devices and maintains a personalized repository for adaptive model tuning. The adaptive model improves periodically based on user feedback and generates a personalized recommendation. Moreover, the existing IoT devices mostly rely on low-cost and low-power Zigbee technology, which is vulnerable to different attacks, such as device control, eavesdropping, fake device injection, malicious insider, man-in-the-middle, masquerading, message tampering, privacy leakage, and replay attack. Therefore, we propose a Zigbee Secure Health Fog (ZigbeeSHF) protocol, which uses symmetric and public-key cryptography to prevent these attacks. For data migration security, we concatenate the encrypted data with the encrypted digital signature to provide data authenticity, integrity, and confidentiality. To support our claims, we use the automated formal verification tools Scyther and AVISPA (Automated Validation of Internet Security Protocols and Applications), which evaluate the protocols based on the threat model and exploits the vulnerabilities in different attacking environments. The results of both tools ensure prevention against the mentioned attacks. As a proof of concept, we also evaluate the accuracy and performance of our proposed framework in a smart studio apartment. The result shows that the adaptive model tuned for an individual user is very effective, and the average accuracy of 32.5% is improved after one month. Furthermore, the proposed ZigbeeSHF protocol requires 7.93% and 25.35% more computation time than Zigbee with and without installation code, respectively.  © 2013 IEEE.","adaptive model tuning; personalized decision; Secure health fog; security; Zigbee","Authentication; Behavioral research; Fog; Health; Network security; Public key cryptography; Wearable technology; Zigbee; Automated formal verification; Different attacks; Internet of Things (IOT); Internet security; Malicious insiders; Message tampering; Personalized recommendation; ZigBee technology; Internet of things"
"https://www.scopus.com/pages/publications/85056326494?origin=resultslist","With the advent of Internet of things and cyber-physical systems, location-constrained access control systems need to consider security requirements of cyber spaces and physical spaces simultaneously, because the boundary between the physical and the cyber world becomes unclear in these new paradigms. However, the most existing access control models consider physical and cyber security separately, and they are oblivious to cyber-physical interactions. Authorization models are needed to help the security policy design and express higher-level organizational security rules. Firstly, the environment model (EM) and location-constrained role-based access control (LCRBAC) model are proposed. The environment model is presented for describing the static topology configuration of cyber space and physical space. The LCRBAC model is used to describe dynamic behaviors of cyber entities and physical entities. Secondly, given the bigraphs and bigraphs reactive systems that describe the environment configuration and entities behaviors respectively, a labeled transition system is obtained by applying reaction rules to the environment configuration. Thirdly, policy modification proposals are proposed for deadlock states, violation states, and unreachable states based on the verification results on the labeled transition system. Finally, a case study concerned with a bank building automation access control system is conducted to evaluate the effectiveness of the proposed approach. © 2018, Science Press. All right reserved.","Bigraphs; Location-constrained access control system; Model checking; Reaction rules; Verification","Control systems; Cyber Physical System; Distributed computer systems; Embedded systems; Intelligent buildings; Location; Location based services; Model checking; Topology; Verification; Access control models; Bigraphs; Labeled transition systems; Physical and cyber security; Reaction rules; Role-based Access Control; Security requirements; Topology configurations; Access control"
"https://www.scopus.com/pages/publications/85055829327?origin=resultslist","The proceedings contain 28 papers. The special focus in this conference is on Model and Data Engineering. The topics include: Modeling and evaluating cross-layer elasticity strategies in cloud systems; thing federation as a service: Foundations and demonstration; formalizing reusable communication models for distributed systems architecture; A valid BPMN extension for supporting security requirements based on cyber security ontology; a correct-by-construction model for attribute-based access control; voronoi-diagram based partitioning for distance join query processing in spatialhadoop; graph pattern matching preserving label-repetition constraints; standard and dialectal arabic text classification for sentiment analysis; a graph-based model for tag recommendations in clinical decision support system; NoSQL databases – seek for a design methodology; Spatial batch-queries processing using xBR+-trees in Solid-State Drives; Formalizing railway signaling system ERTMS/ETCS using UML/Event-B; A dynamic analysis for reverse engineering of sequence diagram using CPN; A formalized procedure for database horizontal fragmentation in isabelle/HOL proof assistant; domain-oriented verification management; a formal model for interaction specification and analysis in IoT applications; mechanizing the denotational semantics of the clock constraint specification language; ensuring the functional correctness of iot through formal modeling and verification; extensions to hybrid event-B to support concurrency in cyber-physical systems; Mortadelo: A model-driven framework for NoSQL database design; Towards onto UML for software engineering: Experimental evaluation of exclusivity constraints in relational databases; scrum and V lifecycle combined with model-based testing and model driven architecture to deal with evolutionary system issues; Adaptive algorithms for computing ontologies metrics through processing of RDF graphs.","",""
